:020000040000FA
:10000000140000EA18F09FE518F09FE518F09FE54E
:1000100018F09FE50000000018F09FE518F09FE53C
:1000200058000000400000004400000048000000AC
:100030004C000000000000005000000054000000D0
:10004000FEFFFFEAFEFFFFEAFEFFFFEAFEFFFFEA18
:10005000FEFFFFEAFEFFFFEA90009FE50010E0E3ED
:10006000001080E588009FE5001080E584209FE572
:10007000103092E5073003E20210A0E30100A0E394
:10008000030050E10200000A8110A0E1010080E2BB
:10009000FAFFFFEA010AA0E1DBF021E300D0A0E1D2
:1000A000010A40E2D7F021E300D0A0E1010A40E2DA
:1000B000D2F021E300D0A0E1060940E2D1F021E333
:1000C00000D0A0E1020A40E2DFF021E300D0A0E18D
:1000D000010540E2D3F021E300D0A0E1030940E2B2
:1000E000100F11EE020AC0E3100F01EE020000EA49
:1000F000382100B83C2100B8001800B0000000EB27
:10010000750000EB2C008FE2000C90E800A08AE064
:1001100000B08BE001704AE20B005AE10000001AC7
:100120006D0000EB0F00BAE818E04FE2010013E3A6
:1001300003F0471013FF2FE1B4F40200E4F40200CF
:1001400001C08FE21CFF2FE18A18037801305C07A1
:10015000640F01D1047801301D1101D105780130FF
:10016000013C05D0067801300E700131013CF9D117
:100170001E0706D42E1C0ED0013E8C55FCD1491909
:1001800009E0047801300C1B0135267801340E702B
:100190000131013DF9D59142D7D37047102052E289
:1001A0007800B0287800A128FBFFFF8A822EB0E1FA
:1001B0003000B0283000A128004090450040814523
:1001C0001EFF2FE10030B0E30040B0E30050B0E389
:1001D0000060B0E3102052E27800A128FCFFFF8A03
:1001E000822EB0E13000A128003081451EFF2FE1B2
:1001F0006E0051E34504000A700051E38C01000ACF
:10020000660051E36AB9000A650051E368B9000A63
:10021000670051E366B9000A610051E365B9000A5D
:10022000003090E52334B0E180108123690051E370
:100230006201000A640051E36001000A750051E3A5
:100240005E01000A6F0051E3A604000A780051E342
:100250009E0A000AE90051E38404000AE40051E325
:100260008204000AF50051E38004000AEF0051E324
:10027000980A000AF80051E3980A000A003090E555
:10028000A333B0E180108123630051E33A04000AF4
:10029000730051E3930A000AE30051E3D406000A15
:1002A000F30051E3910A000A0000B0E31EFF2FE1C2
:1002B0001FB50098019900F088FF01F0DCEF040001
:1002C000002000212DF056ED401C60600020002130
:1002D0002DF02CEDE0601FBD10B510BDDE4D00EB24
:1002E0000210A0E1F1FFFFFA1CC09FE50FC08CE0F7
:1002F00001001CE30DE08F120FE0A0011CFF2FE1B5
:1003000001C08FE21CFF2FE102F06AF804420200F4
:1003100003002DE9EFFFFFFA0300BDE8DA4D00EB23
:1003200070B5060000F032EF056830000B30C408ED
:10033000E400B44201D8002070BD68682A0000289B
:1003400018D00168A14211D30B00210008318B4263
:1003500008D3436801194B6003681B1B0B60516095
:10036000046001E041685160001D70BD02004068FA
:100370000028E6D12100280000F012FF0028DCD17F
:1003800070BD000001C08FE21CFF2FE170B50400BA
:10039000051F00F0FCEE0068002C1AD0446801E054
:1003A00020006468002C01D0AC42F9D301680A181F
:1003B000AA4204D12A6889180500016000E045605E
:1003C00028684119A14205D1616869602168401817
:1003D000286070BD6C6070BD70402DE90340A0E1E5
:1003E0000250A0E10130A0E10020A0E1000054E3B0
:1003F00004C0A01105C0A0011CEF6FE101008EE256
:100400001CC0A0E13FE07E121FE07E028500004A92
:10041000000053E3131F6F11121F6F013F10711281
:100420001F1071020E6051E08300004A04007652F2
:100430008400005A20004EE2040050E335C08CD105
:100440002CCEA0E18F1F8FE20CC191E71F005EE36D
:1004500020E04E8220606EE24000008A9C0581E030
:100460001116A0E1301E81E11006A0E1000070E24B
:100470000010E1E29C0181E001C08CE09C0581E07C
:100480001116A0E1301E81E11006A0E1000070E22B
:100490000010E1E2000053E39C0181E001C08CE028
:1004A0000700000A9C0581E01116A0E1301E81E1E1
:1004B0001006A0E1000070E20010E1E29C0181E082
:1004C00001C08CE09C1280E00010A0E39C03A1E03E
:1004D000300EA0E1110680E1906584E0311EA0E1BC
:1004E000914524E0062052E00430C3E0010053E3CC
:1004F000050052317080BD389C4286E00040A0E388
:100500009C63A4E00030A0E320C06EE2366EA0E160
:10051000146C86E1344EA0E196E58CE0060090E094
:100520000410A1E00E2042E0050052E17080BD38C9
:10053000010090E20010A1E2052042E005C052E077
:100540000C20A0210000B0E20010A1E205C052E0A2
:100550000C20A0210000B0E20010A1E27080BDE8F4
:100560009C1580E00010A0E39C04A1E01116A0E11E
:10057000301E81E11006A0E1000070E20010E1E20F
:100580009C0181E001C08CE09C1580E00010A0E39C
:100590009C04A1E01116A0E1301E81E11006A0E14B
:1005A000000070E20010E1E29C0181E001C08CE0FB
:1005B00001C04CE29C1280E00010A0E39C03A1E08B
:1005C000310EA0E1906581E0062052E0901421E018
:1005D0000130C3E0040053E1050052010010A033D4
:1005E0007080BD389C6281E00060A0E39C13A6E0AF
:1005F0000010A0E3366EA0E196E58CE0060080E0F6
:100600000E2052E096C42EE00E30C3E0040053E109
:10061000050052017080BD38010080E2052052E0E3
:100620000430C3E07080BDE80C002DE90010A0E3A9
:100630000000A0E30000A0E17C80BDE80010A0E382
:100640000000A0E37080BDE820E066E20000A0E3C7
:100650000010A0E31446A0E1354E84E11556A0E158
:1006600005E052E004C0D3E00000A0E00C30A0217F
:100670000E20A021016056E27080BD38A440B0E198
:100680006550A0E1F5FFFFEAF0F0F0F0E3388EE30B
:10069000E53594D7CCCCCCCCC3300CC3A28B2EBACE
:1006A000C84216B2AAAAAAAA3D0AD7A39DD8899D74
:1006B000ED25B4979224499208CB3D8D888888888F
:1006C00042082184000000801CB5074B0C007B44CD
:1006D00069460090200000F038FE040069460020C2
:1006E00000F046FE20001CBD9F0C000001C08FE200
:1006F0001CFF2FE10FB41CB5084B06AA7B446946CA
:100700000090059800F021FE04006946002000F0EA
:100710002FFE20001CBC08BC04B01847710C000060
:1007200070B5856904000068C10601D5302600E077
:100730002026C00707D070BD6268A16830009047CE
:10074000206A401C20626D1EF6D570BD70B58569AB
:1007500004000078C00707D170BD6268A16820203E
:100760009047206A401C20626D1EF6D570BD70B5A2
:100770000C000500012A05D02878800600D5EA691A
:10078000002302E0012305E05B1C934202D2E05CFF
:100790000028F9D1A869E618C01AA861286AC0180B
:1007A00028622800FFF7BCFF04E06A682078A96887
:1007B000641C9047B442F8D32800FFF7C7FF70BD10
:1007C00001C08FE21CFF2FE1F7B5002575291068E5
:1007D000009914A611D000F02CFD002802DA404246
:1007E00011A608E0009909688A0701D50FA602E062
:1007F000490704D50EA6012501E000F025FD009F64
:100800000024243704E000F0F6EE30313955641C42
:100810000028F8D100982B003200210000F01FFDC5
:10082000FEBD0000000000002D0000002B000000B5
:10083000200000007FC08FE21CFF2FE1F8B50F0001
:100840000188090502D5224C7C4402E0204C7C44FE
:100850000E3400210500243508E016071209360F72
:10086000A65D6E541E0732431B09491C16001E4329
:10087000F3D1220004780023240705D5702F06D079
:10088000002901D00223113200F0E9FCF8BD012358
:100890001032F9E770B504000D001068210000F077
:1008A000D3FC0200002329002000FFF7C7FF70BD22
:1008B000D21DD308DB000CCBC0E730B40368202482
:1008C0001268234303600823C36130BC0023B5E7EB
:1008D00078EB0200F3B50400002081B02062E168EB
:1008E00020008847002872D0252802D06268A168BD
:1008F000ABE0594F00267F44E1682000884705009F
:10090000202808DB312D06D27819203800780028FD
:1009100001D00643F0E7B00701D50420864300204C
:10092000E0610700A0612A2D0AD0280013F0A6F884
:10093000002827D0B8000019303D0090856119E0EB
:100940000298BA00121902C891610290E168200071
:1009500088470500012F17D1E06900281FDA202001
:1009600086431CE000980A21806948430099401999
:1009700030388861E16820008847050013F07EF870
:100980000028EFD1012F0AD02E2D08D1E1682000D8
:1009900088470500202006437F1C022FC3DBA06987
:1009A000002803DA4042A06101200643F00701D08D
:1009B000102086436C2D0BD0682D09D04C2D3CD0D7
:1009C0006A2D38D0742D38D07A2D36D016E040E01C
:1009D000E1682F00200088470500B84209D16C2F3C
:1009E00029D001208002E1680643200088470500E5
:1009F00004E06C2F1DD0FF2001300643002D28D0CD
:100A000028004138192803D80120C00206432035A8
:100A10002660029A290020001600FFF7EAEB002862
:100A200010D001280BD0F61DF008C000083002904D
:100A300055E74020E1E78020D5E70020D3E7361DC9
:100A400002964CE76268A16828009047206A401C23
:100A500044E7206AFEBD0000F2EA02000FB400B5D0
:100A60008DB010A909900B900020C04300910A900E
:100A700000200C90074878440690074878446A465E
:100A800007900F9909A800F081FD0DB008BC04B0D3
:100A900018470000370B0000510B0000FFB500277E
:100AA0001D00FF4383B05C68002001909E68A96927
:100AB00004987F1C88470090296A88470028F6D14F
:100AC0000098401C0CD0032040028443002E19DD06
:100AD000600614D500982B2809D02D280FD103E0EB
:100AE0000020C04307B0F0BD012080020443A96983
:100AF00004987F1C8847761E002E009002DD009827
:100B0000302803D00598002825D035E00120A969B8
:100B100040020443761E04987F1C8847002E0090F4
:100B200003DD782805D0582803D00598002810D078
:100B300022E00598002801D010281DD10120A969C4
:100B400040028443761E04987F1C88470090102042
:100B500002E0082000E00A2005900DE00121059A3E
:100B600049020C430199761E514308180190A96966
:100B700004987F1C88470090002E05DD0599009899
:100B800000F0EEFC0028E9DAE96904988847A0053E
:100B900002D40120C043A5E7E00722D1600611D5A9
:100BA0006005019800D5404229680A1D2A6009683D
:100BB000220501D5087014E0220701D5088010E055
:100BC00008600EE02868011D29600068210502D533
:100BD0000199017005E02107019901D5018000E02C
:100BE000016038007EE70A06120E401E4178401C64
:100BF0008A4202D00029F9D10020704730B50500A3
:100C00002A000B0010781C78521C5B1C002801D0B5
:100C1000A042F7D0002C03D0002802D06D1CEFE7D3
:100C2000280030BD03000B4310B59B071CD1042ADC
:100C30001AD308C810C9121FA342F8D018062106FB
:100C4000000E090E401A0ED118042104000C090CE4
:100C5000401A08D118022102000A090A401A02D1DA
:100C6000180E210E401A10BD002A03D0D30703D05E
:100C7000521C07E0002010BD03780C78401C491C72
:100C80001B1B07D103780C78401C491C1B1B01D18E
:100C9000921EF1D1180010BD020013000B4370B575
:100CA0009B0710D10E4CE60100E008C208C91D1BCD
:100CB0009D433542F9D01906090E1170521C0029C6
:100CC0000DD01B0AF7E70B78491C1370521C002B40
:100CD00005D00B78491C1370521C002BF3D170BD4A
:100CE0000101010130B5441C03E00178401C0029DA
:100CF0000DD08107F9D10B4BDD0104C8D11A914306
:100D00002940FAD0001B0A0603D0C01E30BD001BCC
:100D100030BD0A0401D0801E30BD0902FCD0401E47
:100D200030BD000001010101421E5378521C002B0E
:100D3000FBD10B78491C1370521C002BF9D1704762
:100D4000030052E32A00009A03C010E20800000AE0
:100D50000130D1E402005CE30C2082E001C0D194B8
:100D60000130C0E40130D13401C0C094042042E21B
:100D70000130C034033011E22500000A042052E2A1
:100D80001B00003A03C031E7020053E30800000AE9
:100D90000F00008A2C34A0E104C0B1E5042052E227
:100DA0000C3C83E1043080E4F9FFFF2A011081E26A
:100DB0000F0000EA2C38A0E104C0B1E5042052E2A3
:100DC0000C3883E1043080E4F9FFFF2A021081E24D
:100DD000070000EA2C3CA0E104C0B1E5042052E287
:100DE0000C3483E1043080E4F9FFFF2A031081E230
:100DF0000000A0E1822FB0E10130D12401C0D12454
:100E00000120D1440130C02401C0C0240120C044CD
:100E10001EFF2FE110402DE9202052E20500003A8C
:100E20001850B1E8202052E21850A0E81850B1E85C
:100E30001850A0E8F9FFFF2A02CEB0E11850B128FF
:100E40001850A0281800B1481800A0481040BDE86C
:100E500002CFB0E104309124043080241EFF2F0122
:100E6000822FB0E1B230D1200120D144B230C02075
:100E70000120C0441EFF2FE1FF3002E2032483E182
:100E8000022882E1000000EA0020A0E3040051E310
:100E90000700003A03C010E20B00000A04C06CE235
:100EA00002005CE30120C0140C1041E0B220C0A09D
:100EB000050000EA81CFB0E10120C0240120C02458
:100EC0000120C0441EFF2FE10020A0E300402DE9D7
:100ED0000230A0E102C0A0E102E0A0E1201051E256
:100EE0000C50A0280C50A02820105122FBFFFF2AF4
:100EF000011EB0E10C50A0280C00A0480040BDE845
:100F00000111B0E1042080241EFF2F01B220C04057
:100F1000010111E30120C0141EFF2FE1012020E098
:100F2000030012E32C00001A030010E31200000A71
:100F30000120D0E40130D1E4010052E3030052214A
:100F40002F00001A030010E30B00000A0120D0E478
:100F50000130D1E4010052E3030052212800001ABD
:100F6000030010E30400000A0120D0E40130D1E4C2
:100F7000010052E3030052212100001A00402DE934
:100F800084E09FE5042090E4043091E40EC042E048
:100F900002C0CCE18EC31CE003005201F8FFFF0A3F
:100FA0000040BDE8030CA0E1020C50E0FF0E1C0362
:100FB0000700001A0308A0E1020850E0FF0C1C0320
:100FC0000300001A0304A0E1020450E0FF081C0320
:100FD000020053006000A0111EFF2FE10120D0E4A9
:100FE0000130D1E4010052E3030052210400001A51
:100FF0000120D0E40130D1E4010052E3030052218A
:10100000F5FFFF0A030042E01EFF2FE1010101018D
:10101000013090E12100004A0020B0E3A03071E0EF
:101020001A00003A203271E00F00003A203471E0DB
:101030000100003A00C0A0E3200000EAA03371E004
:10104000810340200220B2E0203371E00103402000
:101050000220B2E0A03271E0810240200220B2E022
:10106000203271E0010240200220B2E0A03171E0A4
:10107000810140200220B2E0203171E001014020D6
:101080000220B2E0A03071E0810040200220B2E0F6
:10109000011050E00010A0310200A2E01EFF2FE17D
:1010A000022111E20010614240C032E000006022E3
:1010B000203271E01D00003A203471E00F00003A48
:1010C0000113A0E1203471E03F2382E30B00003ADA
:1010D0000113A0E1203471E03F2682E30700003ACB
:1010E0000113A0E1203471E03F2982E30113A02124
:1010F0003F2C8223003071E21D00002A2113A02121
:10110000A03371E0810340200220B2E0203371E07F
:10111000010340200220B2E0A03271E081024020B1
:101120000220B2E0203271E0010240200220B2E051
:10113000A03171E0810140200220B2E0203171E055
:10114000010140200220B2E0EBFFFF2AA03071E055
:10115000810040200220B2E0011050E00010A031D8
:101160000200A2E0CCCFB0E100006042001061229A
:101170001EFF2FE1CCCFB0E10000604201402DE91D
:101180000000B0E30000A0E10280BDE800009FE5A0
:101190001EFF2FE1A00F0A0070477047704770478D
:1011A00038B504000A006946002001F03DF8002827
:1011B00005D002000099200000F032FA012038BD6D
:1011C00010B5012001F01EF810BDF8B501F020F8AF
:1011D00005000C0000201020C0460600A819A042FF
:1011E0000DD969463200002001F01EF8070001D138
:1011F00001F008F80098A04200D00500C419FFF7DC
:10120000C6EFF61D07000560F008C000461928006B
:1012100000F008F8B44204D03868A21B310000F096
:10122000FFF9F8BD00210160416080607047102027
:10123000704709684A0502D5000600167047C905BF
:10124000FCD500040014704709684A0502D5000661
:10125000000E7047C905FCD50004000C7047FFB5AF
:10126000040081B024300D0000902168880604D568
:101270001022E0699143216000E00120A84201DDD5
:10128000471B00E000270498A1697A191018081A72
:10129000A0612078C00602D42000FFF741FA0026A2
:1012A00008E003986268A168805D9047206A401C4E
:1012B000761C206204988642F3DB2078C0060AD5AB
:1012C0002000FFF72DFA06E06268A1683020904701
:1012D000206A401C206238007F1E0028F4DC07E0F2
:1012E00000986268A168405D9047206A401C2062B7
:1012F00028006D1E0028F3DC2000FFF727FA207875
:10130000000602D5022005B0F0BD0120FBE7000079
:1013100001C08FE21CFF2FE111680268006A5305CB
:1013200001D5087009E0D30501D5088005E0130652
:1013300002D5C21705C100E0086001207047000017
:1013400001694A1C02610878704700B58FB00291AC
:1013500000210591054901937944039111000490FE
:101360006846FFF7B7FA0FB000BD0000E5FFFFFFCA
:101370000A681070521C0A607047000017C08FE2A4
:101380001CFF2FE110B54369002B02D0C046C046B8
:1013900001E0FFF7ECF9012010BD127801002431C3
:1013A0000A7000224A700122ECE711680022D24341
:1013B000E8E70000F7B5150004002C4886B0784433
:1013C000002703C83E000090019111E007986A468B
:1013D0007100415A02A800F0F5FE411C07D02178A7
:1013E000890603D5E269391891420ED83F18761C58
:1013F0002078800602D5E069B84206DDAE42E5DB22
:1014000007987100405A0028E0D1A069C01BA06174
:101410002000FFF785F9154878445A3803C8009032
:101420000020019116E041006A460798415A02A83F
:1014300000F0C8FE0590401C0AD0002505E0626857
:1014400002A8A168405D90476D1C05988542F6D3BF
:101450000498401CB0420490E5DB206AC019206269
:101460002000FFF773F909B0F0BD00003EE0020074
:1014700001C08FE21CFF2FE1F7B5D21D0025D20875
:1014800015A6D200F52905CA11D0002A05DA0021D7
:10149000404291410A0011A608E0009909688B07B3
:1014A00001D50FA602E0490701D50EA60125009F30
:1014B00011000024243704E000F0CCE830323A5523
:1014C000641C02000A43F7D100982B00320021006F
:1014D000FFF7C5FEFEBD0000000000002D0000006B
:1014E0002B0000002000000045C08FE21CFF2FE110
:1014F00070B500210400243408E05507D2086D0FB0
:10150000303565545D072A43DB08491C15001D432F
:10151000F3D10468002310A2250708D5A40601D43E
:10152000002904D0C46901230CA2641EC461FFF722
:1015300096FE70BD10B5040010682100FFF784FE10
:10154000020000232000FFF7D3FF10BDD21DD108F9
:10155000C9000CC9CCE7000000000000300000000A
:101560003A2800D23038202302009A43412A01D37E
:1015700010003738884201D30020C0437047000074
:1015800002685118137801601800704710B5D160D7
:10159000054979445161054979441162002111617D
:1015A000110000F043FC10BDEBFFFFFF51010000F4
:1015B0004268002A08D001680B78491C002B03D030
:1015C000521E06C0180070470121C160881E704776
:1015D0004268002A0BD0C3680168002B07D18368DA
:1015E0008B4204D0491E521C06C0002070470020C8
:1015F000C04370470A1040E2200140E0200280E032
:10160000200480E0200880E0A001A0E1002180E02B
:10161000821051E0010080520A1081421EFF2FE12A
:1016200010B50300406801E003004068002801D0C5
:101630008842F9D31868C3188B4206D0CB1CD8084F
:10164000C000001D411A521A0100081D0A60FEF771
:101650009DFE10BD30402DE90A2050E220E1A0E1BE
:101660000030D1E201EF8EE10E0050E02111C1E027
:1016700020E2A0E101EE8EE10E0090E02112A1E057
:1016800020E4A0E101EC8EE10E0090E02114A1E045
:1016900020E8A0E101E88EE10E0090E02118A1E031
:1016A000010090E00010A1E2A001A0E1810E80E124
:1016B000A111A0E1005190E00141A0E1204F84E19F
:1016C0000140A4E0055095E00440A4E0052052E06C
:1016D0000430D3E00030A0E30A2082423080BD48CD
:1016E000010090E20010A1E23080BDE810B50400D6
:1016F00000F0B6ED0068005DC007C00F10BD00002F
:101700007047FFB50C008FB01E0003CA0890099106
:101710004F007D0D00D16D1E002108002DF046E820
:101720000321099A89050840002A03DA82008018FB
:1017300040080840800D01280A9002DD0020C043C7
:101740000A90089807430DD0EF48F04928184843FD
:101750000714189800281DD07542291E1DDD0A980F
:1017600042421BE01898012802D00020302104E0FA
:101770000020F24305E02154401CB042FBDB300066
:101780000022189B002121540F998B600A60486049
:1017900013B0F0BDBD1B6D1CDFE70A9A002900DA0B
:1017A00069420BA800F0B0FD0BAB07CB03AB07C33E
:1017B0000899099800F076EE6B4607C30100D448FB
:1017C0000918002D00910BDDD14903980A9A49426E
:1017D0004018002303A90390684601F0FCE808E0E4
:1017E00003990A9A0023081803A90390684601F098
:1017F0000CE96B4607C3000403D00020C043410836
:1018000000E01000189A002A03D000221500009270
:101810001EE0751E05D4FFF71EEF303262556D1EB7
:10182000F9D501220843079602D000227F1C04E06C
:101830002078302801D100227F1E002A069788D008
:101840001EE0112D07DAFFF706EF303262556D1CEE
:1018500002000A43F5D1084303D00098002819D0AC
:101860000EE00021681E05E0235C625C6354225494
:10187000401E491C8142F7DBA81B401E07950690BD
:10188000079A18990020A0540F98079B069A816028
:101890000CC07DE71126002018905AE7F0B5D21D44
:1018A0000D00D1080400C90093B003C90C900D913C
:1018B00012F0BCE802000D98C00F01D02D2007E007
:1018C0002068810701D52B2002E04007C00F4001AE
:1018D000032A0F9001D0072A05DB0300290020000E
:1018E00000F0CEFC0EE12078800601D5E76900E02B
:1018F00006272800652D04D0662814D0672D69D1ED
:101900002DE00020112F009001DB112300E07B1C53
:101910000CAA03A910A8FFF7F4FE1199002610984D
:101920007D1C0E9142E001203B00C0070B9001207E
:1019300000900CAA03A910A8FFF7E3FE119D1298CE
:101940001099002600280E9501D1781C0D18781BDF
:1019500002D446427D1C761EE81B00903AE0012F1F
:1019600000DA01270020112F009001DD112300E093
:101970003B000CAA03A910A8FFF7C3FE1199109809
:1019800000260E9121783D0009070BD40E99A9423B
:1019900000DA0D0003A9012D04DD4A19203AD27F97
:1019A000302A06D0B84201DA011D04DA0121009183
:1019B0000FE06D1EEFE7002802DC86192D1A03E008
:1019C000411CA94200DD0D00801B401C009001203D
:1019D000C0070B902078000705D40098A84202DBCE
:1019E0000020C043009069460020C8720B98012176
:1019F00002AF0337C907884225D0022010902B2060
:101A000011900B9800280BDA40420B902D2011907A
:101A100006E00B98FFF7EEED30317F1E0B9039702A
:101A20001099481E00291090F3DC0B980028F0D183
:101A300011987F1E38702088000501D5452000E0F0
:101A400065207F1E387001A8C01BC01D0B900F9829
:101A5000002800D0012041190098C01709180B98E0
:101A60000818A169081A401EA0612078C00602D497
:101A70002000FEF755FE0F98002805D06268A16887
:101A80009047206A401C20622078C00625D520009F
:101A9000FEF746FE21E0002E07DB0E98B04204DD83
:101AA00003A86268805DA16802E06268A1683020D6
:101AB0009047206A761C401C20620098401E002837
:101AC00000900AD100F0D6EBC06862680168405C03
:101AD000A1689047206A401C206228006D1E0028E3
:101AE000D9DC07E062683878A1687F1C9047206ADB
:101AF000401C20620B99481E00290B90F2DC20004C
:101B0000FEF724FE032043E601FCFFFF104D00001A
:101B1000E1DFFFFF01C08FE21CFF2FE1F0B5D21D16
:101B20000400D0080D00C0008DB046680768310081
:101B3000380011F07CEF0200F00F01D02D2307E0F8
:101B40002068810701D52B2302E04007C00F430125
:101B50006846002B037001D0012000E00020032A1A
:101B60000A9001D0072A04DB2900200000F088FB3E
:101B70002DE12078800601D40D2500E0E569700094
:101B8000400D0D2D01904BDA300D00210B90080017
:101B90002CF00CEE032189050840002E05DA8200A6
:101BA0008018C20F1018401008408015012801DD70
:101BB0000020C043A9000023182906D39C460A0030
:101BC0000123183A1B07D34003E001221205CA4043
:101BD00094460C31202902D33A00203900E032002B
:101BE0008A40002802DD002A06D119E0002817D11A
:101BF0000121C9078A4213D3190063467F185E4149
:101C0000002806D10120C007824202D10800874384
:101C10009E430B98310D814202D00198401C0190E7
:101C20002088000502D57149794402E06F49794462
:101C300019396B460A9830221A540A980A7C401CBB
:101C40001A54401C0A900198002801DC302000E062
:101C500031201872019A0120002A02D0644BD21858
:101C600004E072003A4302D0614A521C0192002DF6
:101C700002DC2278120703D56A462E205072022019
:101C80000022864694460CE032033601120F6D1E88
:101C90008B5C02AA13546246521C401C9446052ACF
:101CA00001DA002DF0DC002202AE08E03B0F3F011C
:101CB000CB5C521C6D1E3354401C082A01DA002DE7
:101CC000F4DC23689A0601D511E0401E704504DD5E
:101CD0003218203AD27F302AF7D0002807DD321898
:101CE000203AD27F2E2A02D11A0700D4401E002D9E
:101CF00003DD3E223254401C6D1E497C3154019953
:101D0000401C002906DA2D21471C3154019840421D
:101D1000019003E02B21471C315401987D21C9001B
:101D2000884206DBFFF774E93030F0557F1C0191E3
:101D300001E0642808DB01986421FFF76AE930308C
:101D4000F0557F1C019101E00A2806DB01980A2169
:101D5000FFF75EE93030F0557F1C01980A21FFF74C
:101D600058E93031F1550A98A1697F1C7A19101889
:101D7000081AA0612078C00602D42000FEF7D0FC2B
:101D8000216A6E460A980818206204E0626830787A
:101D9000A168761C90470A98401E0A90401CF5D115
:101DA0002078C00602D52000FEF7BAFC02AE09E09A
:101DB0003078761C3E280DD06268A1689047206A72
:101DC000401C20627F1EF3D22000FEF7BFFC0DB046
:101DD0000320F0BD206A4019206203E06268A16818
:101DE000302090476D1EEDD3F8E70000EFD70200DA
:101DF00001FCFFFF17C08FE21CFF2FE110B5436904
:101E0000002B02D0C046C04601E0FFF7D3FA012004
:101E100010BD12880100243182840022C284012274
:101E2000ECE711680022D243E8E70000F3B58FB079
:101E300000200C9001200E900C00002608000C30B1
:101E400003906269039801219047051E2ED0252D2D
:101E50002DD0216A8847002818D062690398012193
:101E60009047216A88470028F7D16269411E03988C
:101E7000904700E0761CA1690F988847216A88473F
:101E80000028F7D1E1690F988847DAE7A1690F9830
:101E900088470700A84201D1761CD2E7E1690F9874
:101EA00088477F1C02D10C98002877D078E16269BE
:101EB00000273D000398390090472A280CD1626919
:101EC000039801219047012506E00A214F433F185E
:101ED000303FEBD4102005436269039801219047FD
:101EE000010030390A2903D2B3498F42DEDCECE726
:101EF000E90600D4B14F6C280AD04C2810D06828CD
:101F000024D06A282ED074280CD07A280AD00DE06C
:101F100062690398012190476C2823D004211CE0BA
:101F2000202005436269039801219047A760652836
:101F3000656051D026DC582839D01ADC45284BD0B2
:101F400012DC252834D04128B0D145E062690398DD
:101F500001219047682802D008210D43E6E70120BF
:101F6000C002DEE70220DCE7462835D047289DD1B5
:101F700032E05B2873D061282ED063286FD06428AC
:101F800094D165E06F2852D009DC662824D06728F8
:101F900022D0692828D06E2888D131E0FCE0702852
:101FA00051D0732872D0752852D078280DD157E0BF
:101FB000A1690F9888470500252800D16CE7E169E1
:101FC0000F9888476D1C00D16DE7E9E023000A22D5
:101FD0004EE023000A2253E001206A460F992300B5
:101FE000C043C046C046D0E028004021084360609E
:101FF000A80702D5230000223AE0230000223FE098
:10200000E80700D01DE72068011D21600068290550
:1020100001D5067015E7290701D5068011E7A90744
:1020200003D5F117066041600BE7066009E7280059
:10203000402108436060A80702D52300082217E06A
:10204000230008221CE05E4928000840606015E07B
:102050002800402108436060A807BAD5B6E715E01C
:102060002800402108436060A80707D523001022FC
:1020700001200F99C043C046C04686E023001022CD
:1020800001200F99C043FEF709FD7EE000210B00FF
:1020900063280191009102910D9102D05B2807D035
:1020A0003BE0E80601D40120A0600120009034E06C
:1020B000E06801210D906269039890475E2807D17E
:1020C00001200190E06801210D906269039890471A
:1020D0002169002906D10B0004AA8F00491C082998
:1020E000D351FADB00285BD02169002927D0029860
:1020F000401C029062690398012190475D28F1D14C
:102100000198002808D0002004AB8100401C5A58D8
:10211000D24308285A50F8DB04AB20690028207904
:102120001DD04007029A00980D9B0092029026D580
:1021300001200F992200C043C046C04625E0C117C8
:10214000C90E09184A114909930004AA9A184901AD
:10215000411A13680120884003431360CAE740070F
:1021600006D501200F992200C043C046C0460CE0AE
:1021700001200F992200C043C046C04605E001205F
:102180000F992200C043C046C04600280ADA401C0E
:1021900006D10E98002803D00020C04311B0F0BD36
:1021A0000C98FBE7E90702D10C99491C0C913618F1
:1021B00000200E9045E60000CCCCCC0CFFFFFF7F4A
:1021C000F1F7FFFF70B516000C00050000F048E8BD
:1021D0000368FF200230C05C012807D0FF2C0ED816
:1021E000185D00280BD001202C7070BDFF33083320
:1021F000320018682100C3182800984770BD0020DD
:10220000C04370BD10B500F0F9F800F0F1F810BD52
:1022100001226946114B120382188A421A6001D8C2
:10222000110070471960704770B50C4C6D4601265F
:1022300036032368AD1B9A18AA420ED8AD1A90191E
:10224000EE0F75196D10AA18904200D91000C01D2C
:102250000B60C208D200D01A226070BDF8FF0200E5
:1022600010402DE9020000EB040090E21080BDE870
:1022700004BB020000009FE51EFF2FE1A40F0A002F
:10228000F8B5040000681F0001230100DB020326EB
:102290001840072A05DB002801D017A506E017A57E
:1022A00004E0002801D016A500E016A51020814307
:1022B0002160A069C01E002FA06101D0401EA06156
:1022C0002000FEF72DFA002F09D06268A1683800BF
:1022D0009047206A401C2062C01C206206E0206AF1
:1022E000FAE762682878A1686D1C9047761EF8D2DC
:1022F0002000FEF72BFAF8BD4E414E006E616E00D5
:10230000494E4600696E6600F7B516008AB033483C
:1023100078446C4603007C33C06F5A689B680DC4D8
:102320002E487844763003AC0DC80DC43720C00168
:10233000081837211B30FEF76CEE0500803D0C00BD
:102340001B3C02D56442012000E0002000270990D8
:1023500010E0E0070CD00C202049784379444C3938
:10236000411868460123320000F04EEB6B4607C36C
:1023700064107F1C002CECD1184F7F442E3F16E0D8
:10238000E80712D02001C0190EC8069108930792E1
:102390000068F04201D1981908900123320006A983
:1023A00003A800F032EB03AB07C36D10641C002DD3
:1023B000E6D10998002806D069460123320003A817
:1023C00000F008EB05E001236946320003A800F0A5
:1023D0001CEB0A9B07C30DB0F0BD00001CD102002E
:1023E00010B50400C046C0462000FDF792EF10BDB6
:1023F00010B5002801D011F04AEB10BD10B501282E
:1024000005D0002103A000F021F8012010BD09A192
:10241000F8E7000053494752544D454D3A204F7557
:1024200074206F662068656170206D656D6F7279CC
:10243000000000003A2048656170206D656D6F7284
:102440007920636F727275707465640070B50C00EA
:1024500005000A2000E06D1C11F01AEB002D06D0DB
:1024600028780028F7D102E0641C11F012EB002C50
:1024700002D020780028F7D10A2011F00AEB70BDB5
:102480000020B0E3203171E0FDFAFF3AA03271E0A4
:10249000F2FAFF3A203471E0E7FAFF3A00C0A0E315
:1024A00006FBFFEA80C0B0E1000031032C0AA0E186
:1024B0000C35A0E18125A0E11E0B8012A11A83E159
:1024C0006000A0E102118113CCCAB0E11700000A3C
:1024D00001007CE3010180031EFF2FE12238B0E1FF
:1024E0000228A00110C0A00300C0A0131F0040E2FA
:1024F000223CB0E10224A00108C08C02223EB0E1DF
:102500000222A00104C08C02223FB0E10221A001FE
:1025100002C08C02A23FB0E18220A00101C08C0267
:102520000210A0E10020A0E30C0040E01EFF2FE11C
:10253000020111E31EFF2F010211D1E3E6FFFF0AA2
:102540002138B0E10118A00110C0A00300C0A01301
:10255000213CB0E10114A00108C08C02213EB0E191
:102560000112A00104C08C02213FB0E10111A001C1
:1025700002C08C02A13FB0E101C08C0220306CE2AD
:102580008110A001321381E1122CA0E10C0040E087
:10259000010080E21EFF2FE1FFC4C0E3030020E042
:1025A000FF74C3E307304CE03F3C83E2020100E2EA
:1025B000FF3083E280492DE9226E8FE209002DE988
:1025C0002438A0E125B8A0E12364D6E70BE8C5E1F3
:1025D0000388C4E1A110B0E1936627E06220B0E176
:1025E0000201A0230000A033027567E2970606E00F
:1025F000A476A0E1A669A0E1026086E297662CE0DD
:1026000002C26CE22C78A0E107C8CCE1970604E096
:102610009C0605E0A177A0E1256884E02663A0E19F
:1026200096070CE02CC8A0E19C0B07E00C48A0E149
:10263000072052E0930C07E00710C1E09C0E07E072
:10264000070850E02728D2E09C0807E0072842301E
:10265000072852202718C1E02171A0E196070CE05D
:102660002CC8A0E19C0B07E0870950E0A726D2E028
:10267000930C07E08729423087295220A716C1E032
:102680009C0E07E08C4184E0870150E0A72ED2E049
:102690009C0807E08721423087215220A71EC1E015
:1026A0000C709DE5011DA0E1221381E1022DA0E146
:1026B000A177A0E1202382E196070CE0000DA0E1C4
:1026C0002CC8A0E19C0B07E00C5BA0E12C4584E04A
:1026D000072052E0930C07E00710C1E09C0E07E0D2
:1026E000070850E02728D2E09C0807E0072842307E
:1026F000072852202718C1E02171A0E196070CE0BD
:102700002CC8A0E19C0B07E0870950E0A726D2E087
:10271000930C07E08729423087295220A716C1E091
:102720009C0E07E0870150E0A72ED2E09C0807E04E
:102730008721423087215220A71EC1E0011DA0E160
:10274000221381E18C5495E0A177A0E1022DA0E154
:1027500096070CE0202382E10040A4E2000DA0E1F6
:102760002CC8A0E19C0B07E00C6EA0E1072052E012
:10277000930C07E00710C1E09C0E07E0070850E04B
:102780002728D2E09C0807E007284230072852207B
:102790002718C1E02C5295E00117A0E1221981E130
:1027A0000227A0E1202982E10007A0E10040A4E285
:1027B000033888E10B888EE100E0A0E300B0A0E3DD
:1027C00008C052E00370D1E00EE0AEE00C20A02182
:1027D0000710A021000090E00220B2E00110B1E05B
:1027E0000BB0ABE008C052E00370D1E000B0DBE218
:1027F00000B0A0E30EE0AEE00C20A0210710A02165
:10280000000090E00220B2E00110B1E00BB0ABE0BC
:1028100008C052E00370D1E000B0DBE20C20A02140
:102820000710A0210EE0AEE0027091E10160861376
:102830000E6E96E00020B5E20010B4E28901BD48BA
:102840000088BD48066096E08901BDE80220B2E03C
:102850000048BDE80110A1E0013043E21EFF2FE176
:1028600080807F7E7D7C7B7A7978777676757473CD
:10287000727171706F6E6E6D6C6C6B6A6A6968688C
:10288000676666656464636362616160605F5F5E22
:102890005E5D5D5C5C5B5B5A5A5959585857575698
:1028A00056555555545453535252525151505050FD
:1028B0004F4F4F4E4E4D4D4D4C4C4C4B4B4B4A4A4F
:1028C0004A49494948484847474747464646454593
:1028D00045444444444343434342424242414141CC
:1028E000000053E303C0A0E11B00004A8670B0E182
:1028F0001600000A1C402DE96770A0E103002DE9D5
:102900001000A0E31010A0E300005AE30200000A48
:1029100000005CE3080080D3081080D30000A0E32F
:102920000F00BDE801B08BE201005BE32770B0014E
:102930001040BDE801209222011091220211A02333
:102940000030A3E2020100E2000083E11EFF2FE15C
:10295000FBFFFF3AA270B0E1E5FFFFEA066886E1FF
:10296000400073E32668A0E10F0000DA200073E363
:10297000026086D10120A0D10010A0D3203083D2E4
:10298000003073E2D8FFFF0A066886E1207063E238
:102990002668A0E1126786E13223A0E1112782E1D7
:1029A0003113A0E10030A0E3CFFFFFEA026086E12F
:1029B0000030A0E30020A0E3066886E12668A0E1DD
:1029C000016086E10010A0E3066886B12668A0B128
:1029D000C5FFFFEA804C2DE903A0A0E102B0A0E111
:1029E00070002DE9380091E8070090E880C0D1E13F
:1029F00083C0D4410100005AE6FEFFEBB7FFFFEBB6
:102A0000F000BDE8008CBDE8804C2DE903A0A0E1FA
:102A100002B0A0E170002DE9380091E8070090E8CD
:102A2000010110E3010113030100001A020000EB91
:102A3000AAFFFFEBF000BDE8008CBDE8FF74C0E327
:102A4000030020E0FFC4C3E30C3087E03F3C43E2D7
:102A5000020100E2FE3043E2000032E35D00000AC2
:102A6000000035E33D00000A01492DE92108A0E1FD
:102A70002468A0E10088C1E190060CE00678C4E17A
:102A8000980606E0970808E0900707E0068898E0B7
:102A900026C8ACE022B8A0E1078898E02568A0E14C
:102AA0002708ACE00BE8C2E19B060CE00678C5E124
:102AB0009E0606E0970E0EE09B0707E006E89EE004
:102AC00026C8ACE00060A0E307E89EE027B8ACE0D1
:102AD0000B8098E00000A0E20EB098E00080B8E023
:102AE0000000A0E2027051E00010A0E30110E0310C
:102AF0000560443004C055102748A0E10010A00331
:102B0000076046300458C7E12C78A0E10110E0319D
:102B1000946722E007C8CCE1950707E09C0506E032
:102B2000940C0CE0076896E02728A2E00C6896E079
:102B30002C28A2E006609BE00EE18EE10220B8E0C6
:102B40000110B0E02E6186E10189BD48066096E083
:102B50000220B2E00110A1E0013043E20189BDE8AA
:102B60002458A0E12178A0E10568C4E107C8C1E1CB
:102B7000950704E0960707E09C0601E0950C0CE041
:102B8000071891E02748A4E02278A0E10C1891E012
:102B90002C48A4E007C8C2E1950702E0960707E0C9
:102BA0009C0606E0950C0CE0076896E02728A2E05A
:102BB0000C6896E02C58A2E0012095E00010B4E2E9
:102BC0001EFF2F41066096E00220B2E00110A1E056
:102BD000013043E21EFF2FE1000035E31D00000A33
:102BE0002128A0E12478A0E10268C1E107C8C4E17E
:102BF000920701E0960707E09C0604E0920C0CE0C7
:102C0000074894E02718A1E02578A0E10C4894E05B
:102C10002C18A1E007C8C5E1920705E0960707E078
:102C20009C0606E0920C0CE0076896E02758A5E0A9
:102C30000C6896E02C28A5E0042092E00010B1E298
:102C40001EFF2F41066096E00220B2E00110A1E0D5
:102C5000013043E21EFF2FE12458A0E12178A0E1DA
:102C60000568C4E107C8C1E1950701E0960707E0E0
:102C70009C0602E00060A0E3950C0CE0072892E0BF
:102C80002718A1E00C2892E02C18B1E01EFF2F417C
:102C9000022092E00110A1E0013043E21EFF2FE18B
:102CA0000010A0E1101F02EE0111A0E3101F03EEBF
:102CB000101F11EE011A81E3051081E3101F01EED0
:102CC0001EFF2FE17EFF17EEFDFFFF1A1EFF2FE113
:102CD00004F01FE59508000004F01FE54D15000005
:102CE00004F01FE5B108000004F01FE5AB1300007D
:102CF00004F01FE5231E000004F01FE59D180000EE
:102D000010402DE9CA4600EBC0409FE50020A0E33B
:102D10003810A0E30400A0E1C73200EB0120A0E3DB
:102D20000810A0E30400A0E1C33200EB0020A0E300
:102D3000011CA0E30400A0E1BF3200EB0120A0E3EE
:102D40000115A0E30400A0E1BB3200EB0120A0E3E9
:102D5000C010A0E30400A0E1B73200EB0120A0E323
:102D60000410A0E30400A0E1B33200EB0120A0E3D3
:102D70000F18A0E30400A0E1AF3200EB011BA0E3B9
:102D80000120A0E3C10384E1AB3200EB0210A0E319
:102D90008140C4E10020A0E30400A0E1A63200EBE2
:102DA0000110A0E3001084E50120A0E3011CA0E3D2
:102DB0000400A0E1A03200EB0C1094E5010011E347
:102DC000FCFFFF0A0C0094E50C0084E51080BDE8D0
:102DD00004A000B870402DE9954600EBB0509FE587
:102DE0000120A0E3011CA0E30500A0E1923200EB6A
:102DF0000120A0E30115A0E30500A0E18E3200EB65
:102E00000020A0E3C010A0E30500A0E18A3200EB9F
:102E10000020A0E33810A0E30500A0E1863200EB1B
:102E20000120A0E30F18A0E30500A0E1823200EB2F
:102E30000210A0E38140C5E10120A0E30400A0E16D
:102E40007D3200EB0020A0E30410A0E30500A0E128
:102E5000793200EB031BA0E30120A0E3410484E1ED
:102E6000753200EB0110A0E3001084E50120A0E31F
:102E7000011CA0E30400A0E16F3200EB0C1094E50C
:102E8000010011E3FCFFFF0A0C0094E50C0084E54F
:102E90007080BDE804A000B810402DE90020A0E13A
:102EA0000040A0E3151800EB000050E30500000A05
:102EB000000052E30B00000A010052E31000000A78
:102EC0000000A0E31080BDE844009FE5001090E5FD
:102ED000021981E3001080E538008FE2389D00EB95
:102EE0000000A0E31080BDE80400A0E1131A00EB8D
:102EF000014084E2100054E3FAFFFFBA0100A0E3AE
:102F00001080BDE80100A0E10C1A00EB0100A0E375
:102F10001080BDE8CCF80200555342204E4F54209B
:102F2000636F6E6E6563740D0A000000F0472DE953
:102F300020609DE500C0A0E10340A0E1100051E346
:102F4000010000BA0000A0E3F087BDE848029FE559
:102F5000013190E744929FE5010289E0080090E585
:102F6000000050E30200000A030050E37B00001A57
:102F7000780000EA07005CE37800001AA40052E33E
:102F8000720000AA18829FE5000052E3827182E07D
:102F90001000000A010042E21F0050E308A0A0E375
:102FA0003050A0E32000002A00A086E5000098E54C
:102FB0001F1E8FE2003087E00820D3E50400A0E167
:102FC000CBF5FFFA0000A0E30010D4E7200051E3A6
:102FD0000E00000A0E0000EA0050A0E3000098E591
:102FE000851084E0070080E00500D0E7000D00EBCD
:102FF000010085E2FF5000E2060055E3F6FFFF3ACC
:103000000C00A0E3000086E50100A0E3F087BDE826
:103010000050C4E7010080E2FF0000E2080050E336
:10302000E8FFFF3A0100A0E3F087BDE8200042E29C
:10303000400050E32F00002A70519FE50008A0E1F6
:103040002008A0E1B200C5E1030010E30500001A6A
:103050002001A0E1002299E7042085E5151E8FE2FA
:103060000400A0E1A2F5FFFAB200D5E10E1100E2E2
:10307000010051E30600001A2001A0E1000289E0EE
:10308000042090E5042085E5491F8FE20400A0E1BB
:1030900097F5FFFAB200D5E10E1100E2020051E30C
:1030A0000600001A2001A0E1000289E0082090E556
:1030B000042085E5011C8FE20400A0E18CF5FFFAF5
:1030C000B200D5E10E1100E2030051E30600001A40
:1030D0002001A0E1000289E00C2090E5042085E5B4
:1030E000D4108FE20400A0E181F5FFFA00A086E58C
:1030F0000100A0E3F087BDE8600042E2440050E335
:103100001600002A477000EB00A086E5000098E555
:103110000820A0E3003087E088108FE20400A0E1DF
:1031200073F5FFFA0000A0E30010D4E7200051E39C
:103130000000001A0050C4E7010080E2FF0000E236
:10314000080050E3F7FFFF3A0100A0E3F087BDE875
:103150000000A0E3F087BDE808005CE30100000A7E
:103160000000A0E3F087BDE8FA0F52E3080000AAD0
:103170004C009FE5003080E50110A0E3001086E5DB
:10318000000090E50200D0E70000C4E50100A0E3E4
:10319000F087BDE80000A0E3F087BDE8000503006C
:1031A00000030300DCF8020025382E2A732C0000EF
:1031B0004CFA0200253038580000000025303864F1
:1031C0000000000024F90200F0412DE918509DE5AF
:1031D0000240A0E10370A0E1100051E3010000BA39
:1031E0000000A0E3F081BDE830019FE5010280E02E
:1031F000082090E5FF0052E30900000A20019FE546
:10320000010190E71C319FE5030052E3011044E205
:1032100002F18F303F0000EA030000EA2B0000EAD1
:10322000330000EA0000A0E3F081BDE8080055E3A8
:10323000380000CA200054E3360000AAE8809FE569
:10324000846184E0000098E5060080E00850C0E555
:10325000000098E50810A0E3060080E009F7FFEB06
:10326000000098E50520A0E1060080E00710A0E13D
:10327000B2F6FFEB8B3F00EB7A4600EBB0509FE5D8
:10328000A8109FE5000095E50120A0E3323900EB8E
:10329000A0109FE5000095E50120A0E32E3900EB8A
:1032A000030054E30500000A040054E30300000A8D
:1032B0000C0054E30100000A0D0054E30100001A61
:1032C0000800A0E3FC4000EB0100A0E3F081BDE8B2
:1032D000020C54E30F0000CA000083E5810080E087
:1032E000B810D0E1011081E2B810C0E10100A0E304
:1032F000F081BDE8020C54E3060000CA040083E537
:10330000010180E0081090E5071081E0081080E5D9
:103310000100A0E3F081BDE80000A0E3F081BDE87A
:10332000000303000005030028F90200DCF8020096
:10333000C0EB0100E8F70200407F010030402DE9BA
:103340004C409FE54C209FE5081094E5020051E1B8
:103350000E00001A40309FE50010A0E30310C3E503
:103360000CC094E5060000EA812084E0B051D2E16F
:10337000000055E10000001AB00BD2E1011081E21B
:103380000310C3E50310D3E501005CE1F5FFFF8AFC
:103390003080BDE81459040039383736B4F80200DB
:1033A00010402DE970409FE50C1094E5811084E0F9
:1033B000B001C1E10C0094E57B1E80E2800084E056
:1033C000B01BC0E10C0094E54F0050E30400003A4C
:1033D00048009FE5001090E5021181E3001080E5B0
:1033E0001080BDE8010080E25010A0E323FCFFEB59
:1033F0000C1084E528009FE50820A0E3280090E554
:10340000A825C0E50120A0E118108FE25A0E80E245
:10341000B7F4FFFA1040BDE82D2100EA145904006A
:10342000CCF80200B4F80200253038580000000043
:10343000F05F2DE974539FE574639FE574439FE546
:1034400074939FE574839FE501A0A0E3000094E5D9
:10345000050C80E2BB0080E27A0600EB00C0A0E130
:103460000010A0E30000A0E3003094E50020D3E7C3
:10347000021081E0010080E20108C0E3050050E194
:10348000F9FFFF3A01005CE10500001A0520A0E108
:10349000151A83E20300A0E1E1F5FFFA000050E312
:1034A0004F00000A000094E5550C80E2BB0080E26A
:1034B000640600EB00C0A0E10010A0E30000A0E360
:1034C000003094E50470A0E1002083E0052A82E248
:1034D0000020D2E5021081E0010080E20108C0E393
:1034E000050050E1F7FFFF3A01005CE10500001A1A
:1034F0000520A0E1051A83E2010883E2C8F5FFFA7E
:10350000000050E33B00000A000097E5B0129FE581
:10351000010080E04B0600EB00C0A0E10010A0E33A
:103520000000A0E3003097E5002083E0012882E25C
:103530000020D2E5021081E0010080E20108C0E332
:10354000050050E1F7FFFF3A01005CE10500001AB9
:103550000520A0E1151A83E2010883E2B0F5FFFA25
:10356000000050E32900000A000097E554129FE58F
:10357000010080E0330600EB00C0A0E10010A0E3F2
:103580000000A0E3003097E50520A0E100B083E053
:1035900015BA8BE200B0DBE50B1081E0010080E2A0
:1035A0000108C0E3020050E1F7FFFF3A01005CE1CF
:1035B0000400001A051A83E2150A83E298F5FFFA5F
:1035C000000050E31700000A000098E5100080E3B7
:1035D000000088E50400D9E5010050E31700000A67
:1035E000170000EAE0219FE5001094E5000096E551
:1035F000D2F5FFEB120000EA000097E5C8219FE535
:10360000051A80E2000096E5CCF5FFEB0C0000EA1D
:10361000000097E5B0219FE5011880E2000096E5E3
:10362000C6F5FFEB060000EA000097E598219FE54C
:10363000151A80E2000096E5C0F5FFEB000000EAF5
:1036400005A0C9E51B3500EB80719FE5000097E5FB
:10365000FA0480E2020B50E30200002A040097E51E
:10366000020850E30600000A000098E5100080E31D
:10367000000088E50400D9E5010050E30000001ACD
:1036800005A0C9E50000D8E5100010E30200000A1B
:103690000400D9E5000050E30300000A0500D9E565
:1036A000010050E30600000A220000EA04A0C9E578
:1036B0001C119FE5000094E50120A0E3912000EBA0
:1036C00061FFFFEA010CA0E3B70600EB0000A0E3F6
:1036D00000319FE50010A0E3FFC0A0E3002287E0D7
:1036E00008C082E5001287E7041082E50C1082E52D
:1036F000802080E0021183E7022183E0081082E548
:10370000041082E5010080E20108C0E3100050E3EC
:10371000F1FFFF3A0604A0E3000087E50208A0E3FA
:10372000040087E5081087E50800A0E3833F00EB6D
:10373000874000EBBB6E00EBDE3400EBED8A00EB64
:10374000946E00EB000096E50850A0E31A50C0E527
:1037500084109FE50520A0E1120080E277F5FFEBE1
:10376000000096E5A855C0E5BC7000EB0020A0E184
:10377000000096E564108FE25A0E80E2DCF3FFFA57
:10378000000098E5100010E30200000A1000C0E3FA
:10379000000088E5F09FBDE8324500EB000094E5AD
:1037A000F05FBDE828109FE50120A0E3EA3700EABA
:1037B000BB050000DCF80200E8F7020058FA02003E
:1037C000CCF80200BB050100BB550100C405000098
:1037D00000030300C0EB0100986B04006CFA0200C8
:1037E0002530385800000000FE402DE9FF0060E25F
:1037F0005CAA00EB44419FE50020A0E30430A0E177
:1038000063AA00EB38319FE50020A0E385A900EB17
:1038100069A900EB2C519FE5180085E528119FE56B
:1038200075AB00EBEAAA00EB0020A0E30430A0E1B6
:103830007CA900EB2FAA00EB140085E50B02A0E3A6
:103840001C1290E5021381E31C1280E50040A0E306
:1038500000408DE50440CDE5058E00EB0100A0E3BE
:10386000F68E00EB0430A0E30020A0E30210A0E3FA
:103870000100A0E3C58E00EB0230A0E30020A0E32E
:103880000310A0E30100A0E3C08E00EB0030A0E332
:103890000320A0E10410A0E30100A0E3BB8E00EB35
:1038A0000030A0E30320A0E10510A0E30100A0E3A5
:1038B000B68E00EB0130A0E30020A0E30610A0E3E9
:1038C0000300A0E1B18E00EB0030A0E30320A0E1F3
:1038D0000810A0E30100A0E3AC8E00EB0120A0E300
:1038E0000530A0E30910A0E30200A0E1A78E00EBE1
:1038F00058609FE5B860CDE1BA40CDE10420A0E377
:1039000008108DE20100A0E3CB9000EB0030A0E3B3
:103910000320A0E10310A0E10100A0E39B8E00EBD7
:10392000B860CDE1B401D5E1BA00CDE10420A0E357
:1039300008108DE20100A0E3BF9000EBFE80BDE81F
:103940000000594000E06F4060F8020000C0794478
:10395000E7030000F04F2DE99CD04DE20070A0E39A
:103960002C708DE530708DE534708DE55C439FE5FE
:10397000080094E5000050E30800001A210DA0E3C0
:1039800066F2FFFA0C0084E5080084E52010A0E34D
:10399000639400EB200080E2020180E3080084E5EC
:1039A0000C0094E5000050E30D00000A0120A0E3A4
:1039B000C71F8FE20000A0E3D36900EB14039FE56B
:1039C0000120A0E3C21F8FE2CF6900EBC21F8FE28C
:1039D00048008DE2FE6A00EB050050E30300000A98
:1039E000070000EA0100A0E39CD08DE2F08FBDE863
:1039F000B90F8FE2F76800EBB71F8FE248008DE246
:103A0000F36A00EBE8029FE50020A0E3B71F8FE216
:103A1000BD6900EBDC029FE5ED0800EBD4129FE5E9
:103A20000A20A0E3530E81E2D86900EBC8629FE54B
:103A3000000050E30400000A000096E5010280E364
:103A4000000086E50000A0E3E6FFFFEA1D3800EB7A
:103A50000020A0E3A4029FE50230A0E1006800EB93
:103A60009C029FE5180084E53C708DE540708DE573
:103A7000180094E544008DE5B270C4E1B200D4E1D1
:103A8000010080E20108C0E3B200C4E1870F50E307
:103A9000F9FFFF3A44009DE5082094E5023BA0E3CE
:103AA0000010A0E39F2400EB50029FE5081094E56E
:103AB00038308DE2022BA0E35D6C00EB0010A0E13A
:103AC000000051E30200001AB803DDE1020B50E3ED
:103AD0000600000AB823DDE18A0F8FE2389A00EB76
:103AE000000096E5010280E3000086E5040000EA9C
:103AF000180094E5010080E2180084E57B0B50E398
:103B0000D8FFFF3AF4019FE5BD6700EB000050E3EA
:103B10000400000A000096E5010280E3000086E54B
:103B20000000A0E3AFFFFFEAC8019FE57F1F8FE21F
:103B3000EFF2FFFABC119FE50A20A0E3530E81E2E9
:103B4000926900EB000050E30400000A000096E5D3
:103B5000010280E3000086E50000A0E3A1FFFFEA88
:103B60000020A0E394019FE50230A0E1BC6700EBD8
:103B7000080094E5021BA0E3C2F4FFEBC4919FE5AB
:103B80000820A0E3001099E52C008DE26BF4FFEB18
:103B90003100DDE5E01400EB28008DE53000DDE5C7
:103BA000DD1400EB24008DE52F00DDE5DA1400EBD9
:103BB00020008DE52E00DDE5D71400EB0050A0E1DC
:103BC0002D00DDE5D41400EB00B0A0E12C00DDE514
:103BD000D11400EB0030A0E124009DE528109DE504
:103BE0000DA0A0E30C208DE2030482E820009DE5F7
:103BF0000A80A0E318808DE508008DE504508DE56E
:103C000000B08DE5080094E50020A0E34E1F8FE290
:103C1000B7F2FFFA080094E531F4FFFA0020A0E1C2
:103C2000D8009FE5081094E538308DE2006C00EB79
:103C30000100A0E3180084E5080094E5021BA0E35E
:103C400090F4FFEB185094E5001099E5850185E0AC
:103C5000001081E00820A0E32C008DE237F4FFEB98
:103C600004808DE500A08DE5080094E52C308DE200
:103C70000520A0E1F8108FE29DF2FFFA080094E51C
:103C800017F4FFFA0020A0E170009FE5081094E50A
:103C900038308DE2E66B00EB180094E5010080E21D
:103CA000180084E5A40050E3E2FFFF3A4C009FE5D2
:103CB000536700EB000050E33100000A000096E576
:103CC000010280E3000086E50000A0E345FFFFEA73
:103CD000F8F90200333A0000E82E0400333A2F428C
:103CE000454C4D4F4E545F4241434B5550000000F0
:103CF0000000000028930400A0970400CCF8020004
:103D0000D09C0400407F01005820636F6D6D616E90
:103D10006420665F77726974653D25582C627974FA
:103D20006573546F57726974653D25580D0A00001C
:103D3000333A2F42454C4D4F4E545F4241434B5511
:103D4000502F302E66696C00DCF802002530336499
:103D50003A253032642F253032642F253032642CDE
:103D6000253032643A253032643A25303264256396
:103D700025630000253033643A25387325632563B5
:103D8000000000000C0094E5000050E30200000A6F
:103D90007DF1FFFA087084E50C7084E50100A0E372
:103DA00010FFFFEAF04F2DE99CD04DE20060A0E348
:103DB0002C608DE530608DE534608DE5D4439FE562
:103DC000080094E5000050E30800001A210DA0E36C
:103DD00052F1FFFA0C0084E5080084E52010A0E30E
:103DE0004F9300EB200080E2020180E3080084E5AD
:103DF0000C0094E5000050E30D00000A0120A0E350
:103E0000E51F8FE20000A0E3BF6800EB8C039FE595
:103E10000120A0E30E1D8FE2BB6800EB0E1D8FE2B8
:103E200048008DE2EA6900EB050050E30300000A58
:103E3000070000EA0100A0E39CD08DE2F08FBDE80E
:103E4000D70F8FE2E36700EBD51F8FE248008DE2CA
:103E5000DF6900EB60039FE50020A0E3D51F8FE240
:103E6000A96800EB54039FE54A0800EB4C139FE55B
:103E70000A20A0E37C0081E2C46800EB40739FE568
:103E8000000050E30400000A000097E5010280E30F
:103E9000000087E50000A0E3E6FFFFEA093700EB3A
:103EA000EBA500EB000050E34A00000A0020A0E36D
:103EB00010039FE50230A0E1E96600EB08039FE5EF
:103EC0000130A0E3001090E50020A0E3BF0F8FE2D7
:103ED000322700EB4000A0E31C0084E51C0094E5C1
:103EE00044008DE5B460C4E1B400D4E1010080E297
:103EF0000108C0E3B400C4E1870F50E3F9FFFF3AC3
:103F000044009DE5082094E5023BA0E30010A0E3F7
:103F1000842300EBAC029FE5081094E538308DE275
:103F2000022BA0E3426B00EB1C0094E5010080E251
:103F30001C0084E5AC129FE5010050E1E6FFFF3A6A
:103F40001C6084E5A0529FE51C0094E5141095E5E3
:103F5000801181E0B020D1E1081094E5B020C1E1EA
:103F6000142095E5802182E0B220D2E1B220C1E1A7
:103F7000142095E5800182E0B400D0E1B400C1E1F5
:103F800040029FE538308DE20620A0E3286B00EB6D
:103F90001C0094E5010080E21C0084E5010850E368
:103FA000E8FFFF3A0309A0E31C0084E51C0094E548
:103FB000031940E2400051E30800002A100094E594
:103FC00038308DE2811580E0F8019FE5022BA0E3F7
:103FD000176B00EB170000EA0000A0E395FFFFEA73
:103FE0003C608DE540608DE5020980E2FD0D80E2D8
:103FF00044008DE5B460C4E1B400D4E1010080E286
:104000000108C0E3B400C4E1870F50E3F9FFFF3AB1
:1040100044009DE5082094E5023BA0E30010A0E3E6
:10402000402300EB9C019FE5081094E538308DE2B9
:10403000022BA0E3FE6A00EB000050E30200001A2E
:10404000B803DDE1020B50E30300000A000097E52E
:10405000010280E3000087E5040000EA1C0094E50B
:10406000010080E21C0084E5FB0C50E3CEFFFF3A28
:1040700050019FE5626600EB000050E30400000A77
:10408000000097E5010280E3000087E50000A0E35F
:1040900068FFFFEA24019FE5151E8FE294F1FFFA05
:1040A00018119FE50A20A0E37C0081E2376800EB4D
:1040B000000050E30400000A000097E5010280E3DD
:1040C000000087E50000A0E35AFFFFEA0020A0E31C
:1040D000F0009FE50230A0E1616600EB080094E586
:1040E000021BA0E367F3FFEB18919FE50820A0E314
:1040F000001099E52C008DE210F3FFEB3100DDE5B7
:10410000851300EB28008DE53000DDE5821300EB20
:1041100024008DE52F00DDE57F1300EB20008DE509
:104120002E00DDE57C1300EB0050A0E12D00DDE565
:10413000791300EB00B0A0E12C00DDE5761300EB75
:104140000030A0E124009DE528109DE50DA0A0E32E
:104150000C208DE2030482E820009DE50A80A0E3A4
:1041600018808DE508008DE504508DE500B08DE5E3
:10417000080094E50020A0E38C108FE25CF1FFFAC8
:10418000080094E5D6F2FFFA0020A0E134009FE594
:1041900038308DE2260000EAF8F90200333A0000D8
:1041A000E82E0400333A2F42454C4D4F4E545F42A7
:1041B00041434B555000000000000000DC97040014
:1041C000549C0400CCF80200D09C040000050300BD
:1041D0002E2E2E2E2E4241434B5550444154412EFB
:1041E0002E2E2E2E0000000040BF0000C02C030029
:1041F000333A2F42454C4D4F4E545F4241434B554D
:10420000502F302E66696C00DCF8020025303364D4
:104210003A253032642F253032642F253032642C19
:10422000253032643A253032643A253032642563D1
:1042300025630000081094E57D6A00EB0100A0E30F
:104240001C0084E5080094E5021BA0E30DF3FFEBDE
:104250001C5094E5001099E5850185E0001081E08F
:104260000820A0E32C008DE2B4F2FFEB04808DE582
:1042700000A08DE5080094E52C308DE20520A0E13A
:1042800094108FE21AF1FFFA080094E594F2FFFA15
:104290000020A0E1D4001FE5081094E538308DE23D
:1042A000636A00EB1C0094E5010080E21C0084E5D9
:1042B000A40050E3E2FFFF3AF8001FE5D06500EBF1
:1042C000000050E30400000A000097E5010280E3CB
:1042D000000087E50000A0E3D6FEFFEA0C0094E5AD
:1042E000000050E30200000A27F0FFFA086084E5AE
:1042F0000C6084E5140094E5000050E30400000A1B
:1043000021F0FFFA106084E5146084E50100A0E369
:10431000C8FEFFEA0000A0E3C6FEFFEA25303364D2
:104320003A2538732563256300000000F0472DE926
:10433000A8519FE50090A0E3A4019FE5A4119FE58B
:10434000080081E5EF9A00EB9C719FE50040A0E337
:104350000110A0E3B410C7E10C0097E50010C0E520
:10436000B410D7E10360A0E3012081E2B420C7E1EB
:104370000160C0E7B410D7E19A30A0E3012081E2E8
:10438000B420C7E10130C0E7B410D7E1012081E2D9
:10439000B420C7E10140C0E7B410D7E13130A0E359
:1043A000012081E2B420C7E10130C0E7B410D7E1B9
:1043B000854200EBB420D7E10010A0E10C0097E5A6
:1043C0000210C0E7B410D7E1011081E20128C1E377
:1043D000011082E20118C1E3B410C7E10260C0E736
:1043E000B640C7E10340C7E52E9B00EBFC809FE58C
:1043F0007D1FA0E3000098E5A2F2FFEBF0A09FE58F
:10440000001098E50800DAE57D2FA0E36E9E00EB32
:10441000260000EA000098E57D1FA0E399F2FFEB7B
:104420000800DAE5001098E57D2FA0E3669E00EB1A
:104430000068A0E12668A0E10040A0E30E0000EAC9
:10444000B610D7E1010081E27F2BD0E30800000A1B
:10445000002098E50420D2E7B600C7E1140097E5F4
:104460000120C0E7000098E50410D0E784008FE247
:10447000D39700EB010084E20148C0E3060054E159
:10448000EEFFFF3AB600D7E1070050E30200001A42
:10449000140097E5C34E00EB0090A0E1015045E207
:1044A000000055E30500000A010059E30900000A75
:1044B000000055E3D6FFFF1A0000A0E3F087BDE837
:1044C00024009FE50010D0E5041081E30010C0E552
:1044D0000000A0E3F087BDE80100A0E3F087BDE89D
:1044E000558D290000C20100E858040020FA02009E
:1044F00094F70200002D040025780D0A000000004A
:1045000070402DE90010A0E1B8409FE50050A0E305
:104510000120A0E3B420C4E10C0094E50020C0E534
:10452000B420D4E104C0A0E3013082E2B430C4E19D
:1045300002C0C0E7B420D4E122C0A0E3013082E28F
:10454000B430C4E102C0C0E7B420D4E1013082E25B
:10455000B430C4E10210C0E7B420D4E12134A0E1BA
:1045600001C082E2B4C0C4E10230C0E72128A0E16A
:10457000B410D4E1013081E2B430C4E10120C0E7DD
:10458000B410D4E1104200EBB420D4E10010A0E15B
:104590000C0094E50210C0E7B410D4E1011081E2F0
:1045A0000128C1E3011082E20118C1E30330A0E356
:1045B000B410C4E10230C0E7B650C4E10350C4E512
:1045C0007040BDE8B79A00EA20FA0200F05F2DE9DA
:1045D0000060A0E30CA19FE50C819FE500B0A0E383
:1045E000310000EA04519FE5B6B0C8E10600A0E141
:1045F000C2FFFFEB0090A0E3280000EA00009AE56C
:104600007D1FA0E31FF2FFEBE4009FE500109AE599
:104610000800D0E57D2FA0E3EB9D00EB0078A0E142
:104620002778A0E10040A0E30E0000EAB610D8E130
:10463000010081E27F2BD0E30800000A00209AE508
:104640000420D2E7B600C8E1140098E50120C0E7D5
:1046500000009AE50410D0E798008FE2589700EB2D
:10466000010084E20148C0E3070054E1EEFFFF3A95
:10467000B600D8E1050050E30300001A03B0C8E516
:10468000140098E5474E00EB0090A0E1015045E290
:10469000000055E30A00000A010059E30E00000A79
:1046A000000055E3D4FFFF1A016B86E24C009FE542
:1046B000040090E5060050E1C9FFFF8A0100A0E375
:1046C000F09FBDE820009FE50010D0E5081081E3D1
:1046D0000010C0E50000A0E3F09FBDE820008FE2DD
:1046E000379700EBEFFFFFEA94F7020020FA020091
:1046F000558D2900002D040025780D0A00000000CA
:10470000E858040045415253452041434B204F4B4C
:104710000D0A000010402DE990C09FE590209FE514
:10472000BCC1C2E10010D0E5303041E2090053E3E2
:104730000200009A414041E2050054E31900008A5A
:104740000100D0E5304040E2090054E30200009A45
:10475000414040E2050054E31200008A410051E369
:104760000300003A371041E201120CE0BC11C2E133
:10477000010000EA03120CE0BC11C2E1410050E369
:104780000400003ABC11D2E1010080E0370040E2B1
:10479000BC01C2E1030000EABC11D2E1010080E0EB
:1047A000300040E2BC01C2E1BC01D2E11080BDE8B2
:1047B000FFFF000060F70200F0412DE918C09DE501
:1047C0007C609FE50040A0E30140C6E50C448CE01E
:1047D0008CC484E06C409FE58C5084E006CCA0E360
:1047E000B5709CE1110000EA84C084E00CC185E052
:1047F000B080DCE1000058E10A00001AB280DCE180
:10480000010058E10700001AB880DCE1020058E11D
:104810000400001ABAC0DCE103005CE10100001AE8
:104820000100D6E5F081BDE801C084E201C0C6E523
:104830000140D6E5040057E1EAFFFF8A0000E0E30B
:10484000F081BDE848F802008617030010009FE5DC
:104850000010A0E3BC10C0E1BE10C0E10710C0E52D
:104860001EFF2FE160F7020070402DE90C539FE519
:104870000C639FE50710D5E5000085E2600090E538
:10488000050051E30040A0E301F18F307080BDE8E6
:10489000030000EA0B0000EA2B0000EA4B0000EAEC
:1048A000650000EABC00D5E1BE10D5E1010050E191
:1048B000F5FFFF0A0100A0E30700C5E5000096E54B
:1048C000680085E57080BDE8BE10D5E10100D0E745
:1048D000400050E30500000ABE00D5E1010080E27F
:1048E0001E0AC0E3BE00C5E10740C5E57080BDE813
:1048F000BE10D5E1022AA0E3BC00D5E1C10F00EB58
:10490000B802C5E1030050E30200003A0200A0E350
:104910000700C5E57080BDE8680095E5986E00EB7E
:10492000030050E3D8FFFF9ABC00D5E1BE00C5E10B
:104930000740C5E57040BDE80330A0E30120A0E3D7
:104940000A10A0E33100A0E3F14500EABE10D5E172
:10495000011081E21E1AC1E30120D0E724129FE575
:104960000020C1E5BE20D5E1022082E21E2AC2E37A
:104970000200D0E70100C1E5000081E264FFFFEB27
:10498000B602C5E1FF1C40E2FF1051E20400000A3C
:10499000000096E5680085E50300A0E30700C5E593
:1049A0007080BDE8BE00D5E1010080E21E0AC0E3D0
:1049B000BE00C5E10740C5E57040BDE80330A0E397
:1049C0000120A0E30A10A0E33100A0E3D04500EAF3
:1049D000BE10D5E1022AA0E3BC00D5E1890F00EBAF
:1049E000B802C5E1B612D5E1031081E2010050E141
:1049F0000200003A0400A0E30700C5E57080BDE8AE
:104A0000680095E55E6E00EB640050E39EFFFF9A40
:104A1000BE00D5E1030080E21E0AC0E3BE00C5E18E
:104A20000740C5E57040BDE80330A0E30120A0E3E6
:104A30000A10A0E33100A0E3B54500EABE10D5E1BD
:104A4000B622D5E1021081E0021081E23E1AC1E3F4
:104A50000110D0E72A0051E30A00000ABE00D5E1A8
:104A6000010080E21E0AC0E3BE00C5E10740C5E5C3
:104A70007040BDE80330A0E30120A0E30A10A0E3EA
:104A80003100A0E3A24500EABE10D5E1021081E0AA
:104A9000031081E2020A51E31100009ABE10D5E131
:104AA000022A61E2BE10D5E1001081E0D8009FE546
:104AB000A2F0FFEBB602D5E1BE10D5E1010080E027
:104AC000BE10D5E11F2C40E2BC009FE5FD2042E274
:104AD000010040E0601095E5020A80E297F0FFEBEC
:104AE000040000EABE10D5E1032082E2001081E05C
:104AF00094009FE591F0FFEB2600D5E5030080E2EE
:104B0000FF1000E280009FE5BC3B00EBB602D5E160
:104B10000020A0E3030080E20118C0E368009FE5E5
:104B20002C4D00EB000050E30900000ABE00D5E167
:104B3000B612D5E1010080E0030080E23E0AC0E346
:104B4000BE00C5E10740C5E57040BDE80800A0E330
:104B5000D19200EABE00D5E1010080E21E0AC0E366
:104B6000BE00C5E10740C5E50330A0E30120A0E396
:104B70000A10A0E33100A0E3654500EBF1FFFFEA76
:104B800060F70200D8FC020084F702008C290300C1
:104B900010402DE9A70000EB0100A0E3785C00EBDA
:104BA000011CA0E30100A0E1780F00EB0500A0E3E9
:104BB000735C00EB021CA0E3010CA0E33B1000EBD4
:104BC0000400A0E36E5C00EB1040BDE8021CA0E313
:104BD000010CA0E36D0F00EA10402DE9950000EBF9
:104BE0000100A0E3665C00EB011CA0E30100A0E172
:104BF0002E1000EB0500A0E3615C00EB021CA0E3BB
:104C0000010CA0E3291000EB0400A0E35C5C00EBC6
:104C10001040BDE8021CA0E3010CA0E35B0F00EA1A
:104C200070402DE90040A0E37E0000EB0050A0E3BF
:104C30000100A0E3525C00EB021CA0E3010CA0E326
:104C4000520F00EB0500A0E34D5C00EB021CA0E35B
:104C5000010CA0E3151000EB0500A0E3485C00EB9D
:104C6000840CA0E1204CA0E1011CA0E30100A0E124
:104C7000041000EB010050E30100001A010084E27F
:104C8000FF4000E2010085E2FF5000E2080055E32A
:104C9000E6FFFF3A021CA0E3010CA0E33B0F00EB90
:104CA0000100A0E3365C00EB0400A0E17080BDE8E9
:104CB00070402DE90050A0E10040A0E31514A0E1F0
:104CC000800011E30300000A011CA0E30100A0E141
:104CD000F60F00EB020000EA011CA0E30100A0E1D6
:104CE0002A0F00EB0500A0E3255C00EB021CA0E30B
:104CF000010CA0E3ED0F00EB0400A0E3205C00EB4F
:104D0000021CA0E3010CA0E3200F00EB010084E2F1
:104D1000FF4000E2080054E3E7FFFF3A7040BDE8BF
:104D2000260000EA10402DE9011CA0E30100A0E1EB
:104D3000DE0F00EB0100A0E3115C00EB021CA0E31E
:104D4000010CA0E3D90F00EB0500A0E30C5C00EB25
:104D5000011CA0E30100A0E10C0F00EB0400A0E3A4
:104D6000075C00EB021CA0E3010CA0E3070F00EBC3
:104D70001040BDE80100A0E3015C00EA10402DE90D
:104D8000011CA0E30100A0E1000F00EB0500A0E37F
:104D9000FB5B00EB021CA0E3010CA0E3C30F00EBE4
:104DA0000400A0E3F65B00EB011CA0E30100A0E11E
:104DB000BE0F00EB1040BDE80500A0E3F05B00EA89
:104DC00010402DE90040A0E30100A0E3EC5B00EB04
:104DD000140000EB0500A0E3E95B00EB021CA0E37C
:104DE000010CA0E3B10F00EB0400A0E3E45B00EBD7
:104DF000011CA0E30100A0E1A20F00EB010050E3C1
:104E00000000000A0140A0E3021CA0E3010CA0E3A3
:104E1000DE0E00EB0100A0E3D95B00EB050000EB28
:104E20000400A0E11080BDE8011CA0E30020A0E385
:104E30000100A0E1A50F00EA011CA0E30120A0E30E
:104E40000100A0E1A10F00EA0C402DE90010A0E351
:104E500000C0A0E30D30A0E10020D0E5410052E306
:104E60000200003A372042E20120C3E7050000EAD1
:104E7000300052E30200003A302042E20120C3E752
:104E8000000000EA01C0C3E7010080E2011081E2F6
:104E9000FF1001E2080051E3EEFFFF3A0000DDE5FC
:104EA0000110DDE5000EA0E1010C80E00210DDE55F
:104EB000010A80E00310DDE5010880E00410DDE573
:104EC000010680E00510DDE5010480E00610DDE567
:104ED000010280E00710DDE5010080E00C80BDE804
:104EE00010402DE925DE4DE20040A0E10410A0E1D4
:104EF0003C008FE2329500EB0120A0E30410A0E11A
:104F00000D00A0E1A16400EB34209FE53CD082E5D8
:104F1000000050E30200000A0000A0E325DE8DE25D
:104F20001080BDE80D00A0E1B56200EB0100A0E338
:104F3000F9FFFFEA46696C654E616D65203D2025ED
:104F4000730D0A00B4F80200F0402DE90010A0E350
:104F50000020A0E30030A0E360409FE560509FE5A3
:104F600001C0A0E3007094E51C0117E10700000AEE
:104F7000013083E2016481E0816486E0066185E0BE
:104F8000006C96E5000056E30800000A001080E57A
:104F9000011081E2030051E3F1FFFFBA020043E098
:104FA000010050E30300000A0000A0E3F080BDE828
:104FB000012082E2F5FFFFEA0100A0E3F080BDE8F6
:104FC00038F802002431040070402DE91BDE4DE268
:104FD0000160A0E14010A0E3170E8DE2B9EFFFEBF6
:104FE0000050A0E3131E8FE20D00A0E1786500EBF6
:104FF000000050E34500001A50408DE23C0000EAFA
:105000006A00DDE5000050E33E00000A2E0050E398
:105010003700000A5C00DDE5100010E33400000AF0
:105020000C20A0E3F4108FE21A0084E2FCEEFFFAF9
:10503000000050E32E00001A1A2084E2EC108FE2E8
:10504000170E8DE2AAEDFFFA170E8DE224EFFFFA9C
:10505000170050E30400001A0620A0E1D4108FE2EC
:10506000170E8DE2E30000EB0050A0E1D4009FE5B5
:105070000000D0E5000050E31D00000AC8009FE5D5
:10508000C8109FE5140090E50420A0E3B23100EBC6
:105090000F1A00EB4F00A0E3430000EBB0009FE5C8
:1050A0000820A0E3280090E52C20C0E5011C8DE23B
:1050B0007F1081E2240080E220EFFFEBF93700EB64
:1050C000E83E00EB90409FE588109FE5000094E5E6
:1050D0000120A0E3A03100EB80109FE5000094E5E3
:1050E0000120A0E39C3100EB0800A0E3723900EB43
:1050F000040000EA50108DE20D00A0E1216600EBF3
:10510000000050E3BDFFFF0A0D00A0E14A6200EB82
:105110000500A0E11BDE8DE27080BDE8333A00009F
:1051200042454C4D4F4E545F424D505F00000000D1
:10513000333A2F2573000000303A2F42454C4D4F33
:105140004E545F424D50000063F70200C02C030034
:10515000407E0100B4F80200C0EB0100E8F7020055
:10516000407F010038109FE5000050E30600000A70
:10517000010050E30600000A020050E30600000AA6
:10518000040091E51C109FE53EEFFFEA080091E561
:10519000FBFFFFEA0C0091E5F9FFFFEA100091E543
:1051A000F7FFFFEAC02C030000B80B00F0412DE927
:1051B0000050A0E10040A0E360719FE560619FE5C1
:1051C000010015E30400000A040096E5000050E326
:1051D0000100000A0710A0E12AEFFFEB020015E32F
:1051E0000400000A080096E5000050E30100000AF0
:1051F0000710A0E123EFFFEB040015E30400000A11
:105200000C0096E5000050E30100000A0710A0E141
:105210001CEFFFEB080015E30400000A100096E500
:10522000000050E30100000A0710A0E115EFFFEBBA
:10523000100015E30400000A140096E5000050E396
:105240000100000A0217A0E30EEFFFEB200015E3B8
:105250000900000A180096E5000050E30100000A6A
:105260000217A0E307EFFFEB200096E5000050E3F4
:105270000100000A0117A0E302EFFFEB400015E375
:105280000400000A000096E5000050E30100000A57
:105290000710A0E1FBEEFFEB800015E30200000A1F
:1052A00080009FE5551FA0E306EFFFEB78709FE5B8
:1052B00078609FE50180A0E3080084E2180015E112
:1052C0000800000A68009FE5040190E7000050E331
:1052D0000400000A000054E30800000A041196E7E5
:1052E000FF20A0E3E3EEFFEB010084E2FF4000E2D9
:1052F000100054E3EFFFFF3A0100A0E3F081BDE8A6
:10530000001096E5DFEEFFEB280097E5000050E384
:10531000F4FFFF0A1C109FE5DAEEFFEBF1FFFFEA56
:1053200000B80B00C02C030014590400B4F80200AC
:10533000A8EE020000050300C4050000A8009FE5D8
:10534000A8309FE50000D0E5A4209FE50010A0E371
:10535000300050E31300000A410050E31000001A2F
:10536000FF0CA0E3BE00C3E1BE00D3E114C092E590
:1053700080C18CE0B010CCE114C092E580C18CE01B
:10538000B210CCE114C092E580C18CE004108CE531
:10539000010080E20108C0E3BE00C3E1FF0C50E35E
:1053A000F0FFFF2A1EFF2FE1BE10C3E1BE00D3E1D4
:1053B00014C092E580C18CE0B010CCE114C092E53D
:1053C00080C18CE0B210CCE114C092E580C18CE0C9
:1053D00004108CE5010080E20108C0E3BE00C3E1D7
:1053E000FF0C50E3F0FFFF3A1EFF2FE161F70200D0
:1053F000B4F80200C02C0300F74F2DE9E0D04DE2D5
:105400000180A0E10250A0E14010A0E39C008DE2E9
:10541000ACEEFFEB4010A0E35C008DE2A9EEFFEBE9
:105420000000A0E358008DE55010A0E308008DE2D5
:10543000A4EEFFEB0040A0E3E0109DE508008DE244
:10544000636400EB000050E3B300001AD4729FE5E0
:10545000D4629FE502B0A0E30190A0E318A087E228
:10546000A20000EA1A00D6E5000050E3A800000AF6
:105470002E0050E39D00000A0C00D6E5100010E35A
:105480009A00001AA91F8FE21A0086E2DAEDFFFAED
:10549000000050E38D00000A1A0086E210EEFFFAC9
:1054A000080050E39100001A58208DE2A11F8FE2FE
:1054B0001A0086E268EDFFFA010050E38B00001A43
:1054C000E0209DE51A3086E2271E8FE29C008DE2E7
:1054D00087ECFFFA691FA0E30A00A0E3213200EB8A
:1054E000B600D7E1000050E31400000A951F8FE2D8
:1054F000950F8FE2247B00EB691FA0E30A00A0E375
:10550000183200EBB600D7E1000050E30F00000AAC
:105510009C108DE28E0F8FE21B7B00EB010055E3A8
:105520000E00000A020055E33600000A030055E3AE
:105530004500000A000055E36C00001A5B0000EA19
:10554000021C8FE2020C8FE2107B00EBE9FFFFEA06
:105550009C108DE27E0F8FE20C7B00EBEEFFFFEAEA
:105560000000D8E5300050E30500001A1A0086E27A
:10557000757800EB0008A0E12008A0E1FF0C50E3E3
:105580005A00002A0000D8E5310050E30500001A57
:105590001A0086E26C7800EB0008A0E12008A0E188
:1055A000FF0C50E35100003A1A0086E2667800EBE7
:1055B0000008A0E12008A0E10D20A0E10010A0E378
:1055C000852800EB010070E30600000A00009AE560
:1055D000020580E300008AE59C108DE2190E8FE23F
:1055E000E97A00EB410000EA0090C7E55C108DE22B
:1055F0009C008DE23A4600EB0040A0E1000054E33D
:105600003A0000DA420000EA1A0086E24E7800EB27
:105610000008A0E12008A0E10D20A0E10010A0E317
:105620006D2800EB010070E33000000A00B0C7E510
:105630005C108DE29C008DE2294600EB0040A0E169
:10564000000054E3290000DA310000EA1A0086E283
:105650003D7800EB0008A0E12008A0E10D20A0E1CA
:105660000010A0E35C2800EB010070E30700000AD3
:1056700000B0C7E55C108DE29C008DE2184600EB9F
:105680000040A0E1000054E3180000DA200000EA26
:105690000090C7E55C108DE29C008DE2104600EBA7
:1056A0000040A0E1000054E3100000DA180000EA16
:1056B0000090C7E55C108DE29C008DE2084600EB8F
:1056C0000040A0E1000054E3080000DA100000EA06
:1056D000A4108FE21A0086E247EDFFFA000050E3C3
:1056E0000200001A00009AE5010880E300008AE544
:1056F0000000A0E34010A0E3040086E5001086E56A
:1057000024109FE508008DE29E6400EB000050E34A
:1057100053FFFF0A08008DE2C76000EB0400A0E120
:10572000ECD08DE2F08FBDE8B4F80200685A0400B6
:105730002E626D70000000002530347800000000FB
:1057400025732F257300000020000000202538302D
:105750007320200066696E6420626D702066696C3B
:1057600065203A2025732020202020202020202082
:10577000000000002E2E2E736B6970002E646200F4
:1057800001C0A0E10210A0E110402DE90320A0E13A
:105790000C30A0E13D1E00EB000050E30100000AC8
:1057A0000100A0E31080BDE80000A0E31080BDE888
:1057B000F0472DE928D04DE20140A0E10290A0E1A0
:1057C0000080A0E324808DE520808DE514808DE5A8
:1057D00010808DE5F4619FE5F4719FE5000050E3D2
:1057E0001400001A0000D6E5010050E31100001A71
:1057F0000050A0E3180097E5850180E0040090E5E3
:10580000000050E30100000A0201C0E3DEEAFFFAF3
:10581000015085E2010855E3F5FFFF3A0080C6E537
:10582000180097E50217A0E396EDFFEB200097E53F
:105830000117A0E393EDFFEB0050A0E394A19FE5D7
:10584000590000EA0100A0E30000C6E5B000D4E181
:105850000C308DE210208DE214108DE2810D00EBF2
:10586000000050E34F00001AB000D4E104208DE2A4
:105870000010A0E3D82700EB010070E32500000A28
:1058800004009DE5011000E2010080E008109DE5A4
:10589000910000E04010A0E3800081E09FEAFFFA61
:1058A000040086E52010A0E39D8C00EB200080E240
:1058B000B010D4E1023180E3200097E5013180E7A8
:1058C000040096E5000050E30100000A7B0650E367
:1058D0001500009A041096E5000051E30700000A45
:1058E000A9EAFFFA048086E5B010D4E1200097E52C
:1058F000018180E7B010D4E1180097E5018180E7CD
:1059000000009AE5010380E300008AE50000A0E3BF
:1059100028D08DE2F087BDE800009AE5020380E31D
:1059200000008AE50000A0E3F8FFFFEAB000D4E140
:1059300020208DE224108DE2D41D00EB000050E306
:105940001D00000AB010D4E1180097E5810180E045
:10595000B412DDE11C108DE51C10DDE50010C0E582
:105960001D10DDE50110C0E5B010D4E1180097E589
:10597000810180E0B012DDE118108DE51810DDE541
:105980000210C0E51910DDE50310C0E5B010D4E148
:10599000180097E5810180E0040080E238109FE55F
:1059A0000420A0E3E5ECFFEB015085E2090055E19E
:1059B000A3FFFFBA0100A0E3D4FFFFEA00009AE5CD
:1059C000020380E300008AE50000A0E3CFFFFFEAC6
:1059D00058F80200C02C0300CCF802005CF802006A
:1059E000F05F2DE90050A0E10140A0E1D0639FE508
:1059F0000000A0E30100C6E53E10A0E30400A0E122
:105A000020EDFFEB0110D6E53320A0E3010081E299
:105A1000FF0000E20120C4E73A20A0E3011080E289
:105A2000FF1001E20020C4E72FC0A0E3010081E2E3
:105A3000FF0000E201C0C4E746B0A0E3011080E22D
:105A4000FF1001E200B0C4E75500A0E3012081E2AD
:105A5000FF2002E20100C4E74E10A0E3010082E251
:105A6000FF0000E20210C4E74330A0E3012080E21F
:105A7000FF2002E20030C4E75470A0E3010082E29C
:105A8000FF0000E20270C4E74980A0E3012080E249
:105A9000FF2002E20080C4E74F90A0E3010082E211
:105AA000FF0000E20290C4E7012080E2FF2002E252
:105AB0000010C4E75F10A0E3010082E2FF0000E2F3
:105AC0000210C4E74DA0A0E3012080E2FF3002E213
:105AD00000A0C4E74520A0E3010083E2FF0000E24C
:105AE0000320C4E7013080E2FF3003E200A0C4E7F6
:105AF000010083E2FF0000E20390C4E75290A0E3BC
:105B0000013080E2FF3003E20090C4E75990A0E347
:105B1000010083E2FF0000E20390C4E7013080E26D
:105B2000FF9003E20190C6E500C0C4E7000055E322
:105B300044C0A0E35330A0E31A00000A010089E248
:105B4000FF0000E209B0C4E7017080E2FF7007E2E5
:105B50000080C4E7010087E2FF0000E20720C4E7FD
:105B60004C70A0E3012080E2FF2002E20070C4E755
:105B7000010082E2FF7000E202C0C4E7010087E298
:105B8000FF0000E20100C6E50710C4E70A0055E384
:105B90001F00002A01C080E2302085E201C0C6E576
:105BA0000020C4E71E0000EA4250A0E3010089E2A1
:105BB000FF0000E20950C4E74180A0E3015080E209
:105BC000FF5005E20080C4E7010085E2FF0000E22B
:105BD0000530C4E7015080E2FF5005E20020C4E731
:105BE000010085E2FF0000E205C0C4E7012080E279
:105BF000FF2002E20080C4E7010082E2FF0000E231
:105C00000270C4E7012080E20120C6E50080C4E7FD
:105C1000030000EA01C080E2372085E201C0C6E54A
:105C20000020C4E70100D6E5012080E20120C6E59E
:105C30000010C4E70070A0E30270C6E584519FE540
:105C40000220D6E5000095E5020080E03600D0E5B0
:105C500041C040E219005CE30200009A30C040E21B
:105C600009005CE30800008A01C0D6E501808CE2EF
:105C70000180C6E50C00C4E7010082E2FF0000E2FB
:105C80000200C6E5080050E3ECFFFF3A0270C6E5EB
:105C90000220D6E5000095E5020080E03F00D0E557
:105CA00041C040E219005CE30200009A30C040E2CB
:105CB00009005CE30800008A01C0D6E501808CE29F
:105CC0000180C6E50C00C4E7010082E2FF0000E2AB
:105CD0000200C6E5080050E3ECFFFF3A0120D6E5DC
:105CE000010082E2FF0000E20100C6E50210C4E705
:105CF000D4109FE50010D1E5400011E32100000A17
:105D00003010A0E30010C4E7040080E00110C0E5FB
:105D10000210C0E50310C0E50410C0E50510C0E5A1
:105D20003910A0E30610C0E50710C0E50810C0E573
:105D30000910C0E50A10C0E50B10C0E50100D6E56A
:105D40000C0080E2FF1000E22E20A0E3010081E2BF
:105D5000FF0000E20120C4E74320A0E3011080E23D
:105D6000FF1001E20020C4E7010081E2FF0000E231
:105D70000130C4E7011080E25620A0E30110C6E51F
:105D80000020C4E7F09FBDE840509FE50270C6E5E3
:105D90000100D6E50210D6E5040080E0811080E025
:105DA0000100D5E4920100EB0200D6E5010080E29B
:105DB000FF0000E20200C6E5060050E3F3FFFF3AF1
:105DC000DDFFFFEA30F90200DCF80200CCF8020047
:105DD000D2F70200F0472DE90040A0E1B0519FE565
:105DE0000000A0E30000C5E53C10A0E30400A0E132
:105DF00024ECFFEB0010D5E53320A0E3010081E2A5
:105E0000FF0000E20120C4E73A20A0E3011080E295
:105E1000FF1001E20020C4E72F90A0E3010081E21F
:105E2000FF0000E20190C4E74230A0E3011080E2ED
:105E3000FF1001E20030C4E74520A0E3010081E249
:105E4000FF0000E20120C4E74C20A0E3011080E243
:105E5000FF1001E20020C4E74D20A0E3010081E231
:105E6000FF0000E20120C4E74F10A0E3012080E220
:105E7000FF2002E20010C4E74E00A0E3011082E21E
:105E8000FF1001E20200C4E75420A0E3010081E218
:105E9000FF0000E20120C4E75FC0A0E3011080E240
:105EA000FF1001E200C0C4E7010081E2FF0000E250
:105EB0000130C4E741C0A0E3011080E2FF1001E21D
:105EC00000C0C4E74360A0E3010081E2FF0000E2FC
:105ED0000160C4E74B70A0E3011080E2FF1001E213
:105EE0000070C4E75580A0E3010081E2FF0000E2FA
:105EF0000180C4E750A0A0E3011080E2FF1001E29E
:105F000000A0C4E7010081E2FF0000E20190C4E7C5
:105F1000011080E2FF1001E20030C4E7010081E2DD
:105F2000FF0000E201C0C4E7011080E2FF1001E2BF
:105F30000060C4E7010081E2FF0000E20170C4E7F5
:105F4000011080E2FF1001E20080C4E7010081E25D
:105F5000FF0000E201A0C4E72E30A0E3011080E2C0
:105F6000FF1001E20030C4E7010081E2FF0000E21F
:105F70000120C4E75830A0E3011080E2FF1001E2E5
:105F80000030C4E7010081E20000C5E50120C4E75C
:105F9000F087BDE8F8F90200F05F2DE90040A0E1CC
:105FA0000050A0E394629FE50000A0E30100C6E575
:105FB0003C10A0E30400A0E1B2EBFFEB0110D6E53A
:105FC0003320A0E3010081E2FF0000E20120C4E7EA
:105FD0003A20A0E3011080E2FF1001E20020C4E7B4
:105FE0002FB0A0E3010081E2FF0000E201B0C4E7AE
:105FF0004210A0E3012080E2FF2002E20010C4E78B
:106000004530A0E3010082E2FF0000E20230C4E775
:106010004C30A0E3012080E2FF2002E20030C4E720
:106020004D30A0E3010082E2FF0000E20230C4E74D
:106030004F30A0E3012080E2FF2002E20030C4E7FD
:106040004E30A0E3010082E2FF0000E20230C4E72C
:106050005470A0E3012080E2FF2002E20070C4E758
:106060005FC0A0E3010082E2FF0000E202C0C4E7DB
:10607000012080E2FF2002E20010C4E741E0A0E33B
:10608000010082E2FF0000E202E0C4E74380A0E3F7
:10609000012080E2FF2002E20080C4E74B90A0E3F1
:1060A000010082E2FF0000E20290C4E755A0A0E3F5
:1060B000012080E2FF2002E200A0C4E75030A0E30C
:1060C000010082E2FF0000E20230C4E7012080E22A
:1060D000FF2002E200B0C4E7010082E2FF0000E21C
:1060E0000210C4E7011080E2FF1001E200E0C4E703
:1060F000010081E2FF0000E20180C4E7011080E2BC
:10610000FF1001E20090C4E7010081E2FF0000E21D
:1061100001A0C4E7011080E2FF1001E20030C4E7F3
:10612000010081E20100C6E501C0C4E710319FE52E
:10613000000093E5050080E03600D0E5411040E224
:10614000190051E30200009A301040E2090051E3C7
:106150000700008A0110D6E5012081E20120C6E592
:106160000100C4E7010085E2FF5000E2080055E3AA
:10617000EEFFFF3A0000A0E3001093E5001081E07D
:106180003F10D1E5412041E2190052E30200009A9C
:10619000302041E2090052E30700008A0120D6E5E1
:1061A000015082E20150C6E50210C4E7010080E21E
:1061B000FF0000E2080050E3EEFFFF3A0100D6E5E1
:1061C000011080E20110C6E500C0C4E774809FE5BD
:1061D0000050A0E30100D6E5040080E0851080E0D7
:1061E0000100D8E4820000EB010085E2FF5000E2EC
:1061F000060055E3F6FFFF3A0100D6E50C0080E209
:10620000FF1000E22E20A0E3010081E2FF0000E287
:106210000120C4E7011080E2FF1001E20070C4E732
:106220005820A0E3010081E2FF0000E20120C4E762
:10623000011080E20110C6E50070C4E7F09FBDE8E0
:10624000F8F9020000050300D2F7020008109FE5EC
:1062500008009FE51820A0E36E2F00EA709F04005D
:1062600000E0FF0010402DE918409FE50400A0E188
:10627000203000EB0400A0E11040BDE808109FE5CD
:106280001820A0E3BC2E00EA00E0FF00709F04008D
:106290000000A0E318109FE518209FE5001182E799
:1062A000010080E20108C0E3060050E3FAFFFF3A74
:1062B0001EFF2FE10000FE01709F040030402DE919
:1062C0000030A0E3170000EA03C042E001C04CE246
:1062D0000340D1E7A00054E30300002A3050A0E3BC
:1062E000244285E08C40C0E7020000EA3750A0E37A
:1062F000244285E08C40C0E70340D1E70F4004E230
:106300000A0054E30300002A304084E28CC080E09D
:106310000140CCE5020000EA374084E28CC080E016
:106320000140CCE5013083E2020053E1E5FFFF3A92
:106330003080BDE810402DE90030A0E3150000EAF0
:1063400003C0D1E7A0005CE30300002A3040A0E3D3
:106350002C4284E08340C0E7020000EA3740A0E31B
:106360002C4284E08340C0E703C0D1E70FC00CE2B9
:106370000A005CE30300002A30408CE283C080E026
:106380000140CCE5020000EA37408CE283C080E0A7
:106390000140CCE5013083E2020053E1E7FFFF3A20
:1063A0001080BDE810402DE90A10A0E333F0FFEBA8
:1063B000000281E0FF0000E21080BDE810402DE9FE
:1063C0000140A0E16410A0E32CF0FFEB300080E27C
:1063D0000000C4E50100A0E10A10A0E327F0FFEBF4
:1063E000300080E20100C4E5300081E20200C4E533
:1063F0001080BDE89F0050E30300009A3720A0E31F
:10640000202282E00020C1E5020000EA3020A0E363
:10641000202282E00020C1E50F0000E2090050E3E5
:106420000200009A370080E20100C1E51EFF2FE163
:10643000300080E20100C1E51EFF2FE1F0412DE9AF
:106440000050A0E10160A0E10270A0E140409FE5A2
:106450000000A0E30300C4E5090000EA003196E76C
:106460000310E0E15C1084E528109FE5000185E061
:106470000420A0E331EAFFEB0300D4E5010080E251
:106480000300C4E50300D4E5070050E1F2FFFF3A42
:10649000F081BDE830F902008CF902001C402DE9C2
:1064A00020009FE51E3EA0E3030090E804008DE578
:1064B00000108DE50010A0E3322EA0E30100A0E162
:1064C000F76400EB1C80BDE8C02C0300FF4F2DE9F2
:1064D00004D04DE23C609DE540909DE538809DE50F
:1064E0000140A0E10270A0E10350A0E130A19FE5CE
:1064F0000C408AE50000A0E3B200CAE101B0A0E3CD
:106500000D0000EA00B0CAE500B08DE5B230D4E17C
:10651000B020D4E1B610D4E104009DE5610100EBA8
:10652000B200DAE1011047E2010050E10000000A88
:106530000C4084E2010080E2B200CAE1B200DAE17C
:10654000070050E1EEFFFF3A0C508AE50040A0E35F
:10655000B240CAE10E0000EA00B0CAE50200A0E3C2
:1065600000008DE5B230D5E1B020D5E1B610D5E11F
:1065700004009DE54B0100EBB200DAE1011048E2B6
:10658000010050E10000000A0C5085E2010080E2A9
:10659000B200CAE1B200DAE1080050E1EDFFFF3AD3
:1065A0000C608AE5B240CAE10E0000EA00B0CAE51C
:1065B0000300A0E300008DE5B230D6E1B020D6E1C3
:1065C000B610D6E104009DE5360100EBB200DAE139
:1065D000011049E2010050E10000000A0C6086E26F
:1065E000010080E2B200CAE1B200DAE1090050E144
:1065F000EDFFFF3A04009DE5000050E30200000AB1
:1066000004009DE5010050E30300001AFF20A0E311
:106610000210A0E10200A0E1240000EB14D08DE202
:10662000F08FBDE848F802001C402DE974109FE58A
:10663000000050E30E00000A010050E30E00000AC3
:10664000020050E30E00000AFF0050E30E00000AB3
:10665000040091E5001091E5F000CDE10010A0E309
:106660001E3EA0E3322EA0E30100A0E18C6400EB0B
:106670001C80BDE8080091E5F5FFFFEA0C0091E5FC
:10668000F3FFFFEA100091E5F1FFFFEA18009FE534
:106690000000D0E5000050E3F4FFFF0A4000A0E353
:1066A000C1FAFFEB1C80BDE8C02C030064F70200B8
:1066B000F04F2DE924D04DE20030A0E10280A0E1AE
:1066C0000040A0E30120A0E3010041E2015048E2C4
:1066D00012C0A0E112A5A0E1002480E0807482E055
:1066E0003C239FE5080053E3076182E020608DE5CD
:1066F00030639FE501BA82E2877086E0067C87E21C
:106700001C708DE5057485E0857487E0079182E053
:10671000877086E0067C87E218708DE5027A82E257
:1067200014708DE5067C86E210708DE5037B86E2B1
:10673000126C86E2F860CDE1EC629FE50070A0E3A8
:1067400000E096E503F18F30400000EA060000EA21
:106750000F0000EA180000EA1A0000EA1B0000EA35
:106760002A0000EA4A0000EA590000EA030050E368
:106770000100002A0E008CE1000086E5030055E3CD
:106780003200002A000096E50A0080E1000086E55C
:106790002E0000EA030050E30100002A0C00CEE1C5
:1067A000000086E5030055E32800002A000096E576
:1067B0000A00C0E1000086E5240000EA0700A0E32B
:1067C000000086E5210000EA007086E51F0000EA6F
:1067D000030050E30500002A20009DE5007C80E5D1
:1067E000010041E25EFAFFEB1C009DE5B070C0E1E4
:1067F000030055E31500002A007C89E5010048E20A
:1068000057FAFFEB18009DE5B070C0E10F0000EAF9
:10681000007C82E504788BE514009DE5087480E532
:1068200010009DE5B070C0E10C009DE5B270C0E1C4
:1068300008009DE5B470C0E10000A0E348FAFFEB5A
:106840000100A0E346FAFFEB0200A0E344FAFFEBED
:10685000000096E5000050E32E00000A010050E31E
:106860002F00000A020050E32D00000A040050E34C
:106870002B00000A04008DE2B2F9FFEB000050E3A8
:106880003100000A04009DE566FFFFEB24D08DE295
:10689000F08FBDE8030050E30500002A20009DE5CD
:1068A000007C80E5010041E22DFAFFEB1C009DE534
:1068B000B070C0E1030055E3F3FFFF2A007C89E5D7
:1068C000010048E226FAFFEB18009DE5B070C0E138
:1068D000EDFFFFEA007C82E504788BE514009DE57E
:1068E000087480E510009DE5B070C0E10C009DE5E6
:1068F000B270C0E108009DE5B470C0E10000A0E303
:1069000017FAFFEB0100A0E315FAFFEB0200A0E38A
:1069100013FAFFEBDCFFFFEAFF00A0E341FFFFEB10
:10692000D9FFFFEA0150A0E3001096E5150411E13C
:106930000100000A0400A0E13AFFFFEB014084E2FD
:10694000030054E3F7FFFFBACFFFFFEA000096E52C
:10695000D8109FE5030050E30600000A050050E34D
:106960000E00000A060050E31600000A070050E37C
:106970002900001A1D0000EA080091E50010A0E3BC
:1069800000008DE51E3EA0E3322EA0E30100A0E151
:10699000EE0000EB0100A0E32C2800EB1E0000EA53
:1069A000080091E50010A0E300008DE51E3EA0E385
:1069B000322EA0E30100A0E1E40000EB0200A0E31E
:1069C000222800EB140000EA0C0091E50010A0E37F
:1069D00000008DE51E3EA0E3322EA0E30100A0E101
:1069E000DA0000EB0200A0E3182800EB0A0000EA3E
:1069F000080091E50010A0E300008DE51E3EA0E335
:106A0000322EA0E30100A0E1D00000EB0100A0E3E2
:106A10000E2800EB0200A0E30C2800EB9EFEFFEB2B
:106A200099FFFFEA243104008005030038F80200D2
:106A3000C02C030004E02DE514D04DE208308DE2B7
:106A40000C208DE210108DE2060900EB000050E3EF
:106A50000B00000A30008FE2598E00EB08009DE524
:106A6000000090E538109FE5BC30DDE1001091E5B5
:106A7000F000CDE10010A0E3B021DDE10100A0E1D4
:106A8000876300EB14D08DE204F09DE40D0A666983
:106A90006E6420626D7020696E20736472616D0D8A
:106AA0000A000000C02C0300F04F2DE914D04DE285
:106AB00038009DE50160A0E10270A0E10380A0E143
:106AC000014040E208308DE20C208DE210108DE292
:106AD0000600A0E1E30800EB64A29FE564B29FE535
:106AE000000050E30090A0E30150A0E34600000A3C
:106AF000000054E31C00000ABC30DDE1B021DDE100
:106B00000810A0E10700A0E100408DE5A30800EB1C
:106B1000010070E32000000A041484E0841481E082
:106B200001118BE0800080E0800181E0047080E54D
:106B3000088080E5B021DDE10C2080E5BC30DDE19E
:106B4000103080E508109DE5001091E5141080E5F7
:106B5000006080E5141090E512008DE8030090E9D4
:106B6000890000EB14D08DE2F08FBDE808009DE5B0
:106B7000000090E50810A0E111008DE8BC30DDE1D7
:106B8000B021DDE10700A0E17F0000EB000C9BE5F8
:106B9000010080E2000C8BE5F1FFFFEA040484E0D1
:106BA000840480E000118BE0000C91E5800050E34C
:106BB000130000AA800080E0800181E0047080E57D
:106BC000088080E5B021DDE10C2080E5BC20DDE11E
:106BD000102080E508209DE5002092E5142080E546
:106BE000002C91E5012082E2002C81E5006080E527
:106BF000141090E512008DE80F0090E9620000EBA0
:106C0000D7FFFFEA0050CAE5D5FFFFEAB70800EB5F
:106C10000010A0E10C308DE210208DE20600A0E112
:106C2000D6FAFFEB000050E34000000A000054E3F6
:106C30001900000ABC30DDE1B021DDE10810A0E15F
:106C40000700A0E100408DE5540800EB010070E36F
:106C50001C00000A041484E0841481E001118BE01C
:106C6000800080E0805181E0047085E5088085E542
:106C7000B001DDE10C0085E5BC00DDE1100085E53B
:106C8000149085E5006085E5980800EB11008DE81B
:106C90000F0095E93C0000EBB1FFFFEA930800EB21
:106CA00011008DE8BC30DDE1B021DDE10810A0E18C
:106CB0000700A0E1340000EB000C9BE5010080E23E
:106CC000000C8BE5A6FFFFEA040484E0840480E066
:106CD00000018BE0001C90E5800051E3110000AA48
:106CE000811081E0815180E0047085E5088085E5B0
:106CF000B011DDE10C1085E5BC10DDE1101085E57B
:106D0000149085E5006085E5001C90E5011081E2A6
:106D1000001C80E5750800EB11008DE80F0095E977
:106D2000190000EB8EFFFFEA0050CAE58CFFFFEA76
:106D300014009FE5001090E5021781E3001080E544
:106D400087FFFFEA66F7020024310400CCF8020056
:106D50007C402DE918C09DE528409FE5815181E0E8
:106D6000011285E0044094E5810280E0800084E027
:106D70000010A0E304008DE50100A0E100C08DE556
:106D8000C76200EB7C80BDE8C02C03007C402DE98D
:106D900018609DE51CC09DE554509FE554409FE55B
:106DA00000005CE30900000A01005CE30A00000A3D
:106DB00002005CE30B00000A04C095E508C084E50E
:106DC00008C094E540108DE8B56200EB7C80BDE81A
:106DD00008C095E508C084E5F8FFFFEA0CC095E51A
:106DE00008C084E5F5FFFFEA10C095E508C084E51A
:106DF000F2FFFFEAC02C030048F80200FC472DE92F
:106E00000350A0E128309DE5DC609FE5000053E3DE
:106E1000044096E51A00000A010053E31A00000A34
:106E2000020053E31A00000A04C0A0E1190E52E365
:106E3000190000DAF00055E3170000DAAC609FE5B6
:106E40000130A0E30030C6E5A4709FE5013880E082
:106E5000003087E5023080E0057081E0073883E08C
:106E600090709FE5003087E50530A0E104408DE596
:106E700000C08DE58A6200EB0000A0E30000C6E5DB
:106E8000FC87BDE808C096E5E7FFFFEA0CC096E581
:106E9000E5FFFFEA10C096E5E3FFFFEA0040A0E34C
:106EA000813181E0011283E0817280E087808CE093
:106EB0008290A0E1090000EA042096E5840184E0C4
:106EC000040280E0001388E0872082E0000382E073
:106ED0000920A0E199E7FFEB010084E20148C0E34B
:106EE000050054E1F3FFFFBAFC87BDE8C02C0300A6
:106EF00020FE02006CFE020070FE02003E402DE902
:106F00000000A0E300008DE504008DE508008DE59C
:106F1000AC409FE50000D4E5010050E32700001AD3
:106F2000731FA0E30A00A0E38E2B00EB081094E58A
:106F300090008FE2957400EB691FA0E30A00A0E3C4
:106F4000882B00EB9C409FE50820A0E3000094E51F
:106F5000241080E20D00A0E178E7FFEB0D10A0E126
:106F600084008FE2897400EB6E1FA0E30A00A0E3A7
:106F70007C2B00EB000094E50820A0E31B1080E2CE
:106F80000D00A0E16DE7FFEB0D10A0E178008FE2AE
:106F90007E7400EB191EA0E30A00A0E3712B00EB46
:106FA000000094E50820A0E3121080E20D00A0E1AB
:106FB00062E7FFEB0D10A0E16C008FE2737400EB51
:106FC0003E80BDE84CFA02004E414E4420436865C5
:106FD000636873756D203D20307825303858202047
:106FE0002020202020202000DCF80200424D5020EC
:106FF00056455253494F4E2020203D2025387320BE
:107000002020202020202020000000004D41494E5B
:107010002056455253494F4E2020203D202538739D
:107020002020202020202020200000004C4344204D
:1070300056455253494F4E2020203D20253873207D
:10704000202020202020202000000000000050E30D
:107050000800000A010050E30B00000A020050E3A0
:107060000E00000A48009FE5001090E5011081E342
:10707000001080E51EFF2FE138009FE5001090E52D
:10708000011081E3001080E51EFF2FE128009FE53D
:10709000001090E5011081E3001080E51EFF2FE154
:1070A00018009FE5001090E5011081E3001080E5D5
:1070B0001EFF2FE10C1700B80C1400B80C1500B817
:1070C0000C1600B810402DE90B12A0E3401291E518
:1070D0001020A0E3000182E03100A0E1030000E203
:1070E000000050E30500000A010050E30500000A1B
:1070F000020050E30600000A0209A0E31080BDE888
:107100001C009FE51080BDE81040BDE80600A0E32C
:10711000788900EA0600A0E3768900EB2006A0E16A
:107120001080BDE8001BB700F0412DE90060A0E130
:107130000180A0E10270A0E10600A0E1E0FFFFEB0A
:107140000040A0E10050A0E3A40057E10100009A34
:107150000200A0E3100000EA010354E30200003A39
:107160000750A0E3A441A0E1080000EA020454E3B0
:107170000200003A0350A0E32441A0E1030000EA2A
:10718000010454E30100003A0150A0E3A440A0E14F
:107190000710A0E10400A0E1B8ECFFEB000056E30B
:1071A000011088E30E00000A010056E31300000AF4
:1071B000020056E31800000A78209FE5000082E5EF
:1071C000042042E2005082E5042042E2001082E501
:1071D000011085E2900101E00400A0E1A7ECFFEBC3
:1071E000F081BDE850209FE5000082E5042042E2E6
:1071F000005082E5042042E2001082E5F3FFFFEA3E
:1072000038209FE5000082E5042042E2005082E53C
:10721000042042E2001082E5ECFFFFEA20209FE517
:10722000000082E5042042E2005082E5042042E2B0
:10723000001082E5E5FFFFEA081700B8081400B85F
:10724000081500B8081600B8000050E30800000A4E
:10725000010050E30B00000A020050E30E00000A98
:1072600048009FE5001090E5011081E3001080E5E3
:107270001EFF2FE138009FE5001090E5011081E32B
:10728000001080E51EFF2FE128009FE5001090E52B
:10729000011081E3001080E51EFF2FE118009FE53B
:1072A000001090E5011081E3001080E51EFF2FE142
:1072B000001700B8001400B8001500B8001600B898
:1072C000000050E30800000A010050E30B00000A30
:1072D000020050E30E00000A48009FE5001090E510
:1072E0000110C1E3001080E51EFF2FE138009FE58B
:1072F000001090E50110C1E3001080E51EFF2FE1B2
:1073000028009FE5001090E50110C1E3001080E522
:107310001EFF2FE118009FE5001090E50110C1E36A
:10732000001080E51EFF2FE1001700B8001400B820
:10733000001500B8001600B810402DE91F3900EB09
:1073400008109FE50100A0E3000081E51080BDE882
:10735000101600B870402DE9059800EB88419FE5B4
:107360000800D4E50060A0E30150A0E3110050E361
:107370001700000A0800D4E5080050E32800000ABE
:10738000BE00D4E1010010E33900000A0900D4E591
:10739000000050E34D00000A0960C4E5021BA0E3B1
:1073A000020CA0E3790500EBC800A0E3E09700EB36
:1073B0000800D4E5010080E20800C4E5BE00D4E185
:1073C000A000A0E1BE00C4E120019FE5005080E5DF
:1073D0007080BDE80860C4E50960C4E5021BA0E355
:1073E000020CA0E3310600EB0000D4E5010050E3FD
:1073F0000000001A0060C4E50100D4E5040050E379
:107400000300000A050050E30100000A030050E3F6
:10741000ECFFFF1A0250C4E5DE2C00EB968C00EB6B
:10742000E8FFFFEA0900D4E5000050E30900000A84
:107430000960C4E5021BA0E3020CA0E3530500EBC6
:10744000AC009FE5BA9700EB0800D4E5010080E2AC
:107450000800C4E5DBFFFFEA021BA0E3020CA0E387
:10746000120600EB7D0EA0E3B19700EB0950C4E5D6
:10747000D4FFFFEA0900D4E5000050E30C00000A45
:107480000960C4E5021BA0E3020CA0E33F0500EB8A
:10749000960FA0E3A69700EB0800D4E5010080E278
:1074A0000800C4E5BE00D4E1A000A0E1BE00C4E134
:1074B000C4FFFFEA021BA0E3020CA0E3FB0500EB04
:1074C000C800A0E39A9700EB0950C4E5BDFFFFEAAE
:1074D000021BA0E3020CA0E3F40500EB960FA0E36F
:1074E000939700EB0950C4E5B6FFFFEA02F90200EA
:1074F000101700B88813000010402DE90040A0E3E9
:107500008B0600EBC60600EB1C109FE50A00A0E30B
:10751000042281E0080082E5012084E2FF4002E2CB
:107520000A0054E3F9FFFF3A1080BDE884550400D7
:10753000F0412DE90050A0E10140A0E10280A0E16E
:107540000070A0E3F6F5FFEB4C00A0E3D7F5FFEBEE
:107550000500A0E1D5F5FFEB07F6FFEB0200A0E385
:10756000075200EBEEF5FFEB4D00A0E3CFF5FFEB8C
:107570000100A0E3A9F5FFEB0000C4E55A0050E3C9
:107580000200000A93F5FFEBF041BDE8FAF5FFEACF
:10759000014084E27DF5FFEB0150A0E3016048E289
:1075A000060000EA0100A0E39CF5FFEB0000C4E543
:1075B000014084E275F5FFEB010085E2FF5000E237
:1075C000060055E1F6FFFFBA0100A0E393F5FFEBDB
:1075D0000000C4E57FF5FFEBE7F5FFEB010057E3A3
:1075E0000300001A0810A0E10400A0E1F041BDE88A
:1075F00024E6FFEAF081BDE8200040E2FF0000E25F
:107600000C109FE5000281E008109FE5081091E54D
:10761000811700EAC8E8020048F70200F0412DE9AE
:1076200080019FE50010D0E5010051E3BF00000A92
:107630000C00D0E5010050E3BC00000A68419FE562
:107640000100D4E5010010E30400000A691FA0E373
:107650000A00A0E3C32900EB150E8FE2CB7200EB0A
:107660000100D4E5020010E30600000A691FA0E350
:107670000A00A0E3BB2900EB44019FE50010D0E520
:10768000050D8FE2C17200EB0100D4E55C619FE55E
:107690005C719FE55C519FE5040010E31600000A51
:1076A0006E1FA0E30A00A0E3AE2900EB0E0095E8F0
:1076B000510F8FE2B57200EB5A1FA0E30A00A0E35E
:1076C000A82900EB001096E5002097E5020051E1A3
:1076D0000700001A090095E8030050E10400001AB1
:1076E000000050E30200000A4F0F8FE2A77200EB88
:1076F000010000EA170E8FE2A47200EB0100D4E54E
:10770000080010E30400000A731FA0E30A00A0E3CE
:10771000942900EB640F8FE29C7200EB0100D4E52A
:10772000050050E30100000A060050E37C00001A47
:10773000001096E5002097E5020051E10600001ACE
:10774000060095E8020051E10300001A000051E331
:107750000100000A050050E35800000A0700D4E5C4
:10776000060110E30B00000A2010A0E3020CA0E3C6
:107770004E0500EB4010A0E3020CA0E34B0500EB2C
:107780008010A0E3020CA0E3480500EB011CA0E37D
:10779000020CA0E3450500EB0700D4E5010010E36F
:1077A0005300000A5E0000EAE85804008CF802006A
:1077B000557064617465205375636365737320202D
:1077C0002020200020FA0200557064617465204674
:1077D00061696C75726520202020202020202043C4
:1077E0006F64653D307825303278202020200000FD
:1077F000D0F80200D4F8020008590400636F7079D1
:1078000020626D702066696C6520656E642C746FF3
:1078100074616C2025642073756363657373202520
:1078200064206661696C656420256400504153538F
:107830002C504153532C504153532C504153532CF3
:10784000504153532C504153532C504153532C50BF
:107850004153532C5553423D3078253038582C4EE7
:10786000414E443D30782530385800004E472C4E6C
:10787000472C4E472C4E472C4E472C4E472C4E47FC
:107880002C4E472C4E472C4E472C4E472C4E472C07
:107890004E472C5553423D3078253038582C4E41B8
:1078A0004E443D3078253038580000004261636B0B
:1078B000757020456E64202020202020202020008C
:1078C0002010A0E3020CA0E3300400EB4010A0E382
:1078D000020CA0E32D0400EB8010A0E3020CA0E357
:1078E0002A0400EB011CA0E3020CA0E3270400EB38
:1078F0000B0000EA2010A0E3020CA0E3230400EB3D
:107900004010A0E3020CA0E3200400EB8010A0E3F1
:10791000020CA0E31D0400EB011CA0E3020CA0E399
:107920001A0400EB0700D4E5010080E20700C4E57B
:10793000F081BDE8F74F2DE950D04DE20060A0E1A5
:107940000270A0E10040A0E3D0089FE50150D0E51F
:10795000C8189FE50000D0E5049091E5C8389FE580
:10796000852085E0B8189FE548208DE5B4B89FE5EF
:10797000022183E0040050E305A281E00080A0E33F
:107980004C208DE50600000A050050E31501000AB1
:10799000060050E31301000A070050E35503001AE4
:1079A000100100EA6A00A0E30B00CBE544008DE57E
:1079B00078289FE578208BE54C009DE568389FE5A9
:1079C000040090E548C09DE540008DE50C3193E74B
:1079D000920320E07C008BE54CC09DE508C09CE54F
:1079E00000005CE30200000A01C0A0E30AC0CBE58E
:1079F000000000EA0A80CBE5000059E16E00008A31
:107A0000051291E7051481E2FA1881E2A1A5A0E12F
:107A100003438AE080408BE5090040E00210A0E1CA
:107A200096EAFFEB00038AE084008BE5000054E156
:107A30002900001AF8079FE540209DE5053190E7F1
:107A400044009DE5D4179FE5923020E08C008BE543
:107A50006A20A0E3990202E0020040E0B820D1E1F0
:107A6000020080E0060080E288008BE50020D0E57F
:107A70000020C6E5B810D1E10620A0E3010040E0F7
:107A8000061040E2010086E2ACE4FFEB000057E3A1
:107A90000200000A010057E30800000A150300EA8B
:107AA00054009DE50030A0E30620A0E10710A0E30C
:107AB000E13800EB0100A0E35CD08DE2F08FBDE87F
:107AC00054009DE50030A0E30620A0E10710A0E3EC
:107AD0003C3900EB0100A0E3F6FFFFEA50979FE579
:107AE0000120A0E3050199E70410A0E11A2700EBAB
:107AF0000050CBE5050199E784109BE50120A0E348
:107B0000800F00EB14479FE57C109BE5040094E593
:107B1000000041E078109BE558EAFFEB0B00DBE545
:107B2000910000E0051199E7010080E0B810D4E170
:107B3000010080E0060080E288008BE50010D0E5BF
:107B40000010C6E5B810D4E10620A0E3010040E033
:107B5000061040E2010086E278E4FFEB050199E7B8
:107B600080109BE50120A0E3660F00EB0080CBE5D1
:107B7000000057E30200000A010057E30700000A73
:107B8000DC0200EA54009DE50030A0E30620A0E1FD
:107B90000710A0E3A83800EB0100A0E3C5FFFFEA4F
:107BA00054009DE50030A0E30620A0E10710A0E30B
:107BB000043900EB0100A0E3BEFFFFEA0A00DBE5A9
:107BC000010050E30800000AFF20A0E30710A0E333
:107BD0000600A0E1A7E4FFEB000057E37300000AF2
:107BE000010057E37800000AC20200EA04009AE5A7
:107BF0000140A0E1C01FA0E1A10780E0C008A0E112
:107C000090008BE524169FE5800160E1000059E1BA
:107C10000700003AFF20A0E30710A0E30600A0E160
:107C200094E4FFEB000057E34400000A010057E32F
:107C30004900000AF0059FE5851085E0010180E01C
:107C400078109BE5040090E53C108DE50BEAFFEB16
:107C5000051294E70003A0E1059481E2FA9889E215
:107C6000A9A580E080A08BE5B0459FE57C109BE551
:107C7000040094E590209BE5001041E03C009DE568
:107C8000921020E03C109DE5FCE9FFEBA915A0E176
:107C9000000381E084008BE594959FE50120A0E33B
:107CA000050199E70A10A0E1AB2600EB0050CBE5F7
:107CB000050199E784109BE50120A0E3110F00EB7B
:107CC000040094E57C109BE590209BE5000041E0DA
:107CD00078109BE5920120E0E8E9FFEB0B20DBE563
:107CE000050199E7910220E0B810D4E1010080E09D
:107CF000060080E288008BE50010D0E50010C6E5A4
:107D0000B810D4E10620A0E3010040E0061040E2F4
:107D1000010086E209E4FFEB050199E780109BE58D
:107D20000120A0E3F70E00EB0080CBE5000057E355
:107D30001000000A010057E31500000A6D0200EA76
:107D400054009DE50030A0E30620A0E10710A0E369
:107D5000393800EB0100A0E356FFFFEA54009DE52F
:107D60000030A0E30620A0E10710A0E3953800EB67
:107D70000100A0E34FFFFFEA54009DE50030A0E3BF
:107D80000620A0E10710A0E32B3800EB0100A0E3E0
:107D900048FFFFEA54009DE50030A0E30620A0E183
:107DA0000710A0E3873800EB0100A0E341FFFFEAE2
:107DB00054009DE50030A0E30620A0E10710A0E3F9
:107DC0001D3800EB0100A0E33AFFFFEA54009DE5F7
:107DD0000030A0E30620A0E10710A0E3793800EB13
:107DE0000100A0E333FFFFEA0C009AE5A01F80E04A
:107DF000C120A0E10110C1E338008DE5010040E0A1
:107E0000020080E0060080E2FF1000E214049FE51B
:107E100001B0A0E10B10C0E50208A0E397E9FFEB79
:107E200000149FE5780081E534008DE54C109DE558
:107E3000F4C39FE530108DE5043091E548209DE5C1
:107E40002C308DE502219CE7923020E0D4339FE571
:107E5000010040E27C0083E528008DE5080091E503
:107E6000000050E30200000A0110A0E30A10C3E57D
:107E7000010000EAAC139FE50A80C1E5000052E36F
:107E80000400001A000050E30200001A2C009DE5D7
:107E9000000050E34401000A28009DE584139FE59B
:107EA000000059E13D01008A28009DE534109DE560
:107EB00072E9FFEB0013A0E164039FE5050290E780
:107EC000050480E2FA0880E224008DE5A00581E047
:107ED00050139FE5800081E520008DE51C008DE5B5
:107EE00028009DE5090040E034109DE563E9FFEBC3
:107EF0000010A0E124009DE5A005A0E1011380E0B1
:107F000020039FE5841080E51C009DE5010050E101
:107F10007D00001A18039FE5051190E72C009DE5F0
:107F200000539FE5010040E29B1020E08C0085E5B6
:107F3000990B01E0010040E0880085E50000D0E5F4
:107F4000E00050E30200000AEF0050E31500000AD1
:107F5000300000EA0030A0E3B62F8FE2B71F8FE2B7
:107F60000600A0E1E2E1FFFA880095E50610D0E501
:107F70000520D0E50430D0E50C108DE510808DE5AE
:107F800008208DE504308DE50310D0E500108DE567
:107F90000230D0E50120D0E5AA1F8FE2050086E27D
:107FA000D3E1FFFA310000EA0030A0E32B2E8FE28C
:107FB000A21F8FE20600A0E1CDE1FFFA880095E55F
:107FC0000410D0E50530D0E50620D0E50A008DE9A3
:107FD0000C208DE510808DE50310D0E500108DE5B7
:107FE0000230D0E50120D0E5961F8FE2050086E241
:107FF000BFE1FFFA1D0000EA880095E59A1F8FE2B5
:10800000040080E00620D0E5840086E0B8E1FFFAB5
:10801000010084E2FF4000E20B00D5E5060040E2EB
:10802000000054E1F3FFFFBA0C009AE5060100E2FC
:10803000010050E31200000A880095E508508DE227
:108040000410D0E50520D0E50330D0E5060185E831
:1080500004308DE50210D0E500108DE50130D0E54B
:108060000020D0E5840086E0761F8FE2A0E1FFFAD1
:10807000000057E31200000A010057E31900000A4C
:108080009C0100EA880095E50310D0E50430D0E5B6
:108090000520D0E50A008DE90C208DE510808DE5E6
:1080A0000210D0E500108DE50130D0E50020D0E5CC
:1080B000840086E0010040E2621F8FE28CE1FFFA5B
:1080C000EAFFFFEA0600A0E105E3FFFAFF1000E285
:1080D00054009DE50130A0E30620A0E1563700EBF7
:1080E0000100A0E373FEFFEA0600A0E1FCE2FFFA54
:1080F000FF1000E254009DE50130A0E30620A0E15E
:10810000B03700EB0100A0E36AFEFFEA20B19FE573
:1081100010919FE505019BE720109DE50120A0E35C
:108120008D2500EB0050C9E505019BE7841099E51A
:108130000120A0E3F30D00EBE0009FE57C1099E542
:10814000040090E5000041E0781099E5CBE8FFEBF2
:108150000B00D9E5910000E005119BE7010080E0EC
:10816000880089E50000D0E5E00050E30200000A45
:10817000EF0050E31400000A450000EA0030A0E3DD
:10818000B0208FE2B4108FE20600A0E158E1FFFAC0
:10819000880099E50410D0E50530D0E50620D0E54B
:1081A0000A008DE90C208DE510808DE50310D0E5E7
:1081B00000108DE50230D0E50120D0E584108FE27B
:1081C000050086E24AE1FFFA480000EA0030A0E339
:1081D0008C208FE264108FE20600A0E144E1FFFAF8
:1081E000880099E50610D0E50520D0E50430D0E5FB
:1081F0000C108DE510808DE508208DE504308DE5AF
:108200000310D0E500108DE50230D0E50120D0E567
:1082100030108FE2050086E235E1FFFA330000EA14
:10822000442C03000003030030F90200986B0400A3
:10823000D404000000050300303031453000000058
:108240002573256300000000253032582530325850
:1082500025303258253032582530325825303258A2
:10826000256300003030314546000000253032588B
:1082700000000000880099E514104FE2040080E03F
:108280000620D0E5840086E019E1FFFA010084E2CF
:10829000FF4000E20B00D9E5060040E2000054E197
:1082A000F3FFFFBA0C009AE5060100E2010050E37B
:1082B0001800000A880099E50510D0E50420D0E5F3
:1082C0000330D0E50C108DE510808DE508208DE59C
:1082D00004308DE50210D0E500108DE50130D0E5C9
:1082E0000020D0E5840086E0A8104FE200E1FFFA0C
:1082F00005019BE7801099E50120A0E3810D00EBCB
:108300000080C9E5000057E31200000A010057E3AE
:108310001900000AF70000EA880099E50510D0E589
:108320000430D0E50320D0E50C108DE510808DE5FC
:108330000C008DE90210D0E500108DE50130D0E58C
:108340000020D0E5840086E0010040E2431F4FE2B8
:10835000E7E0FFFAE5FFFFEA0600A0E160E2FFFACE
:10836000FF1000E254009DE50130A0E30620A0E1EB
:10837000B13600EB0100A0E3CEFDFFEA0600A0E16C
:1083800057E2FFFAFF1000E254009DE50130A0E340
:108390000620A0E10B3700EB0100A0E3C5FDFFEADA
:1083A0000A00D1E5010050E31100000A38009DE504
:1083B000060100E2010050E3F300000A9C411FE5C2
:1083C0008B10A0E10600A0E1AEE2FFEB0B00D4E5CC
:1083D0004620A0E38010A0E10600A0E1A5E2FFEBAB
:1083E000000057E3F300000A010057E3FA00000A17
:1083F000C00000EA04009AE5D8111FE5C02FA0E1F3
:10840000A20780E0C008A0E1900081E534109DE55E
:10841000910000E0000059E11000003A38009DE5AD
:10842000060100E2010050E34300000A0C921FE540
:108430008B10A0E10600A0E192E2FFEB0B00D9E572
:108440004620A0E38010A0E10600A0E189E2FFEB56
:10845000000057E34300000A010057E34A00000A06
:1084600030009DE544921FE5040090E5781099E501
:10847000010040E218108DE500E8FFEB0013A0E1D9
:1084800064021FE5050290E705B480E2FAB88BE2CA
:10849000AB0581E0800089E514008DE584021FE5CD
:1084A0007C1099E5040090E5902099E5001041E0EA
:1084B00018009DE5921020E018109DE5EFE7FFEB16
:1084C000AB15A0E1000381E0840089E5A0B21FE5BF
:1084D00014109DE505019BE70120A0E39E2400EB1D
:1084E0000050C9E505019BE7841099E50120A0E350
:1084F000040D00EBDC021FE57C1099E5040090E51B
:10850000902099E5000041E0781099E5920120E083
:10851000DAE7FFEB0B20D9E505019BE7910220E0AC
:10852000880089E50000D0E5E00050E31F00000A64
:10853000EF0050E33200000A4E0000EA1C931FE5F2
:108540008B10A0E10600A0E14EE2FFEB0B10D9E595
:108550000000E0E34620A0E3811080E00600A0E1F7
:1085600044E2FFEBB9FFFFEA0600A0E1DCE1FFFA1D
:10857000FF1000E254009DE50130A0E30620A0E1D9
:108580002D3600EB0100A0E34AFDFFEA0600A0E162
:10859000D3E1FFFAFF1000E254009DE50130A0E3B3
:1085A0000620A0E1873600EB0100A0E341FDFFEAD1
:1085B0000030A0E3E12F4FE20E1D4FE20600A0E1E4
:1085C0004BE0FFFA880099E50610D0E50520D0E5DC
:1085D0000430D0E50C108DE510808DE508208DE588
:1085E00004308DE50310D0E500108DE50230D0E5B4
:1085F0000120D0E5ED1F4FE2050086E23CE0FFFAE6
:10860000330000EA0030A0E3EB2F4FE2F51F4FE20A
:108610000600A0E136E0FFFA880099E50610D0E5F3
:108620000520D0E50430D0E50C108DE510808DE5F7
:1086300008208DE504308DE50310D0E500108DE5B0
:108640000230D0E50120D0E5B0119FE5050086E2BB
:1086500027E0FFFA1E0000EA880099E5A0119FE5D7
:10866000040080E00620D0E5840086E020E0FFFAE8
:10867000010084E2FF4000E20B00D9E5060040E281
:10868000000054E1F3FFFFBA0C009AE5060100E296
:10869000010050E31900000A880099E50510D0E5B3
:1086A0000420D0E50330D0E50C108DE510808DE579
:1086B00008208DE504308DE50210D0E500108DE531
:1086C0000130D0E50020D0E530119FE5840086E040
:1086D00007E0FFFA05019BE7801099E50120A0E380
:1086E000880C00EB0080C9E5000057E31400000A85
:1086F000010057E31B00000A0000A0E3EDFCFFEAC5
:10870000880099E50510D0E50420D0E50330D0E5D8
:108710000C108DE510808DE508208DE504308DE589
:108720000210D0E500108DE50130D0E50020D0E545
:10873000840086E0C4109FE5010040E2ECDFFFFA10
:10874000E3FFFFEA0600A0E165E1FFFAFF1000E2A7
:1087500054009DE50130A0E30620A0E1B63500EB12
:108760000100A0E3D3FCFFEA0600A0E15CE1FFFA10
:10877000FF1000E254009DE50130A0E30620A0E1D7
:10878000103600EB0100A0E3CAFCFFEA6C451FE5D0
:108790008B10A0E10600A0E1BAE1FFEB0B10D4E5DD
:1087A0000000E0E34620A0E3811080E00600A0E1A5
:1087B000B0E1FFEB09FFFFEA0600A0E148E1FFFAA4
:1087C000FF1000E254009DE50130A0E30620A0E187
:1087D000993500EB0100A0E3B6FCFFEA0600A0E13A
:1087E0003FE1FFFAFF1000E254009DE50130A0E3F5
:1087F0000620A0E1F33500EB0100A0E3ADFCFFEAA9
:10880000488200006C820000000051E10400009AE0
:10881000011042E0010080E00008A0E12008A0E192
:108820001EFF2FE1010040E00008A0E12008A0E1C8
:108830001EFF2FE110402DE9800010E30500000A23
:1088400024109FE50120A0E30220C1E51C209FE544
:10885000002092E5082081E50010A0E1010CA0E3D2
:10886000520000EB0000A0E31080BDE880F8020099
:10887000D8FC020010402DE9200010E30600000A99
:1088800040109FE50010D1E5000051E30700000A09
:1088900034209FE50110A0E30010C2E50010A0E124
:1088A000070DA0E3410000EB0000A0E31080BDE84D
:1088B0000010A0E1070DA0E33C0000EB070DA0E3D2
:1088C000400000EB520900EBB6F8020000F902008C
:1088D00010402DE90040A0E1010A14E31200000A53
:1088E000011AA0E3020CA0E3E60000EB4C309FE588
:1088F000000050E30900000A0000A0E3818000EBC3
:108900003C009FE5000090E538109FE5080081E5F8
:108910000400D3E5010080E20400C3E5020000EAA0
:108920000400D3E5010080E20400C3E50410A0E1E7
:10893000020CA0E31D0000EB0000A0E31080BDE8E6
:1089400002F90200D8FC0200886304002023A0E1A1
:1089500030309FE5822083E0B030D2E10130C3E1C6
:10896000B030C2E120209FE50220B0E70120C2E143
:10897000002080E5202090E50110C2E1201080E574
:108980000000A0E31EFF2FE100000900003000B846
:1089900014209FE5020080E0042090E50110C2E170
:1089A000041080E50000A0E31EFF2FE1003000B8B6
:1089B0000C209FE5020080E0181080E50000A0E395
:1089C0001EFF2FE1003000B810402DE92003A0E188
:1089D00044109FE50020A0E3000181E0142080E521
:1089E0003C2080E50000A0E3002181E0142092E516
:1089F000000052E30100000A0000A0E31080BDE87F
:108A0000010080E20A0050E3F6FFFFBA3900A0E35C
:108A1000D88200EB0000A0E31080BDE80000090050
:108A20002C209FE5020080E00C2090E50120C2E1AF
:108A30000C2080E5102090E50120C2E1102080E5A7
:108A4000142090E50110C2E1141080E50000A0E3BD
:108A50001EFF2FE1003000B810402DE92003A0E1F7
:108A6000000051E30300000A30309FE5000183E07D
:108A7000141080E53C2080E524209FE53910A0E318
:108A80000700A0E32B8500EB3900A0E3D68200EBC2
:108A90007F00A0E3648500EB0000A0E31080BDE848
:108AA00000000900A08B0000EC309FE5050052E3B8
:108AB000030080E002F18F30350000EA030000EA95
:108AC0000C0000EA150000EA1E0000EA270000EA98
:108AD0000C2090E5012082E10C2080E5102090E53B
:108AE0000120C2E1102080E5142090E5021081E110
:108AF000141080E5260000EA0C2090E5012082E1B8
:108B00000C2080E5102090E5012082E1102080E516
:108B1000142090E50110C2E1141080E51C0000EA69
:108B20000C2090E50120C2E10C2080E5102090E5AA
:108B30000120C2E1102080E5142090E5021081E1BF
:108B4000141080E5120000EA0C2090E50120C2E13B
:108B50000C2080E5102090E5012082E1102080E5C6
:108B6000142090E50110C2E1141080E5080000EA2D
:108B70000C2090E50120C2E10C2080E5102090E55A
:108B8000012082E1102080E5142090E5021081E1AF
:108B9000141080E50000A0E31EFF2FE1003000B8B4
:108BA000F0472DE954809FE5140198E50264A0E3A5
:108BB000C67688E1FC5397E50040A0E340909FE52E
:108BC00001A0A0E3040189E0142090E5000052E335
:108BD0000500000A1A0415E10300000A3C1090E5A4
:108BE000040387E0180090E532FF2FE1014084E2A2
:108BF0000A0054E3F2FFFFBA4C6188E5F087BDE854
:108C0000002000B80000090030402DE90BC2A0E3AD
:108C100018429CE5084084E318428CE520C3A0E19B
:108C200058409FE58CC084E0B040DCE1010014E1D5
:108C30000100000A0200E0E33080BDE8014084E169
:108C4000B040CCE138C09FE50CC0B0E701C0CCE13A
:108C5000010052E30000001A01C08CE100C080E571
:108C6000202090E50120C2E1010053E30000001A3A
:108C7000012082E1202080E50000A0E33080BDE8F3
:108C800000000900003000B81C209FE5020080E0D1
:108C9000080090E5010010E10100000A0100A0E3D6
:108CA0001EFF2FE10000A0E31EFF2FE1003000B8FF
:108CB00014209FE5020080E0042090E5021081E18D
:108CC000041080E50000A0E31EFF2FE1003000B893
:108CD00020309FE5003083E0000093E50100C0E113
:108CE000010052E30000001A010080E1000083E56A
:108CF0000000A0E31EFF2FE1003000B870402DE916
:108D00000050A0E10160A0E10240A0E180009FE5E9
:108D10000420A0E1043090E50610A0E10500A0E1E8
:108D2000500000EB010050E31500000A64009FE5CD
:108D3000141090E5851181E0B010D1E1B010C6E1CA
:108D4000140090E5850180E0B200D0E1B000C4E1FC
:108D5000B000D6E140209FE5020050E10A00000A81
:108D6000B010D4E1020051E10700000A000050E316
:108D70000500000A000051E30300000A0100A0E31F
:108D80007080BDE80100A0E37080BDE80000A0E3B2
:108D90007080BDE848F80200C02C0300FFFF00000F
:108DA000F0412DE90060A0E118009DE50040A0E33E
:108DB000ACC09FE5005480E0800485E000518CE069
:108DC00000CC95E5220000EA840084E0800185E083
:108DD000047090E5060057E11C00001A087090E549
:108DE000010057E11900001A0C7090E5020057E1EC
:108DF0001600001A100090E5030050E11300001A5D
:108E000002005CE3080000AA0E0000EA010084E210
:108E1000800080E0801185E0840084E0800185E0AE
:108E20001820A0E3FADFFFEB014084E2000C95E597
:108E3000010040E2040050E1F3FFFFCA000C95E599
:108E4000010040E2F081BDE80400A0E1F081BDE84E
:108E5000014084E204005CE1DAFFFFCA0000E0E3C5
:108E6000F081BDE82431040010402DE974C09FE575
:108E700018409CE5804184E0B040D4E1B040C1E1BD
:108E800018409CE5804184E0B240D4E1B040C2E1AA
:108E900020C09CE500018CE0000083E5B000D1E13A
:108EA000000050E30B00000AB010D2E1000051E3D3
:108EB0000800000A30209FE5020050E10500000A8A
:108EC000020051E10300000A320E50E30100008A63
:108ED0001E0E51E30100009A0000A0E31080BDE8DF
:108EE0000100A0E31080BDE8C02C0300FFFF0000DC
:108EF00004009FE51C0090E51EFF2FE1C02C03003D
:108F000010009FE5000090E5010050E30000000A1A
:108F10000000A0E31EFF2FE150FF02000F1000E24F
:108F20002002A0E1000180E0800081E0FF0000E27B
:108F30001EFF2FE110402DE9D4009FE50020A0E3A3
:108F4000FF10A0E33C1A00EB0130A0E30320A0E1F6
:108F5000021CA0E3010CA0E32AFFFFEB0130A0E319
:108F6000011CA0E30320A0E10100A0E125FFFFEB2D
:108F7000021CA0E3010CA0E34CFFFFEB011CA0E3EB
:108F80000100A0E149FFFFEB88009FE50020A0E37E
:108F90000F12A0E3281A00EB0130A0E30020A0E3A9
:108FA0008010A0E3010CA0E316FFFFEB0420A0E378
:108FB0008010A0E3010CA0E3BAFEFFEB58109FE580
:108FC0000020A0E3010CA0E3A2FEFFEB4C009FE514
:108FD0000020A0E30F1AA0E3171A00EB0130A0E372
:108FE0000320A0E1021BA0E34000A0E305FFFFEB8C
:108FF000021BA0E34000A0E364FEFFEB0200A0E33D
:109000003B4B00EB1040BDE8021BA0E34000A0E397
:1090100026FFFFEA940000B0900000B03488000002
:109020007C0000B01EFF2FE1F84F2DE92C439FE597
:109030000010C4E5081081E20170A0E31711A0E15F
:109040001CA39FE51C839FE51C639FE51C539FE5C4
:10905000080050E30090A0E300F18F30980000EA90
:10906000970000EA050000EA040000EA950000EA23
:10907000C90000EA130100EA120100EA420100EA15
:10908000ECA29FE50390CAE5000098E5DA3FE0E333
:109090000920A0E1B71F8FE2030040E094DDFFFA52
:1090A0000290CAE5000098E5E3BFE0E30020A0E3FA
:1090B0000B1D8FE20B0040E08DDDFFFA000098E50C
:1090C0000220DAE5050C80E2AA1F8FE2A90080E207
:1090D00087DDFFFAA4029FE50000D0E5400010E321
:1090E0003200000A0000D4E5080080E21700A0E189
:1090F0002DF0FFEB0000D4E5001196E70070C1E50C
:10910000001196E70190C1E5002196E7AA10A0E3BF
:109110000210C2E5002196E70310C2E59910A0E312
:109120000410CAE50510CAE5001285E0081091E5B3
:10913000010051E30600001A0110E0E300108DE584
:10914000000196E70420A0E3040080E20D10A0E1F6
:10915000FADEFFEB0270CAE5000098E50120A0E30B
:10916000211E8FE20B0040E061DDFFFA000098E570
:109170000220DAE5050C80E27E1F8FE2A90080E282
:109180005BDDFFFA000098E50420DAE5791F8FE245
:10919000360E80E256DDFFFA000098E50520DAE59C
:1091A0001D1E8FE2E10F80E251DDFFFA290000EA87
:1091B0000000D4E5080080E21700A0E1FAEFFFEB21
:1091C000BC219FE50000D4E50110D2E5003196E70F
:1091D0000010C3E50010D2E5002196E70110C2E5BA
:1091E000001196E70290C1E5000196E70390C0E503
:1091F00090019FE50020D0E50420CAE50100D0E5FC
:109200000500CAE5000098E55A1F8FE2360E80E29D
:1092100037DDFFFA000098E50520DAE5551F8FE2FB
:10922000E10F80E232DDFFFA0000D4E5001285E0B4
:10923000081091E5010051E30600001A0110E0E377
:1092400000108DE5000196E70420A0E3040080E211
:109250000D10A0E1B9DEFFEB0060A0E3050000EA1D
:10926000010295E7050480E2FA0880E2A00886E0A2
:10927000290E00EB016086E20010D4E5010285E0D2
:10928000040090E5C02FA0E1A20780E0C00856E1ED
:10929000F2FFFF3A0000D4E5000285E0080090E507
:1092A000020050E30600001ADC109FE50000E0E336
:1092B000000081E5D4009FE5009080E5D0009FE5A7
:1092C000009080E5F88FBDE80100A0E1B6EFFFEB6C
:1092D0000070A0E3050000EA000295E7050480E2C3
:1092E000FA0880E2A00887E00B0E00EB017087E22D
:1092F0000000D4E5001285E0041091E5C12FA0E143
:10930000A21781E0C10857E1F2FFFF3A0020D4E53F
:109310001810A0E3022196E7E813C2E5002196E7C2
:10932000D117C2E5002196E7BA1BC2E5001295E706
:10933000000196E7051481E2FA1881E2A115A0E187
:109340000120A0E3042100EB0000D4E544109FE5D8
:109350000120A0E3000196E7FF2000EBF88FBDE8B5
:1093600048FA0200D8F70200DCF80200000503000A
:1093700000030300382C030025303858000000009B
:10938000CCF80200CCF70200D2F70200A4F70200EA
:10939000A8F70200ACF7020080EB01000100A0E199
:1093A00081EFFFEB0000D4E5001098E50020A0E37A
:1093B000800080E0700080E2800180E0010080E0B9
:1093C00050104FE2CADCFFFA0000D4E5001098E527
:1093D0000020A0E3800080E0710080E2800180E056
:1093E000010080E074104FE2C1DCFFFA0000D4E518
:1093F000001098E50020A0E3800080E0720080E289
:10940000800180E0010080E098104FE2B8DCFFFAB4
:109410000000D4E50010DAE5002196E70010C2E56F
:109420000110DAE5002196E70110C2E50210DAE545
:10943000002196E70210C2E50310DAE5002196E765
:109440000310C2E50410DAE5002196E70410C2E536
:109450000610DAE5002196E70510C2E50190C4E5A3
:109460000110D4E5002196E7012082E00690C2E5D4
:10947000011081E2FF1001E20110C4E5640051E334
:10948000F6FFFF3A0060A0E3050000EA010295E75D
:10949000050480E2FA0880E2A00886E09E0D00EB59
:1094A000016086E20010D4E5010285E0040090E549
:1094B000C02FA0E1A20780E0C00856E1F2FFFF3A0A
:1094C000345700EBF88FBDE8565700EB0000D4E5A9
:1094D000080080E21700A0E133EFFFEB0000D4E5C5
:1094E000001098E50020A0E3800080E0700080E29A
:1094F000800180E0010080E0621F4FE27CDCFFFA27
:109500000000D4E5001098E50020A0E3800080E092
:10951000710080E2800180E0010080E06B1F4FE27B
:1095200073DCFFFA0000D4E5001098E50020A0E30A
:10953000800080E0720080E2800180E0010080E035
:109540001D1E4FE26ADCFFFA0060A0E3050000EA9E
:10955000010295E7050480E2FA0880E2A00886E0AF
:109560006D0D00EB016086E20010D4E5010285E09C
:10957000040090E5C02FA0E1A20780E0C00856E1FA
:10958000F2FFFF3A035700EBF88FBDE8255700EBD9
:109590000000D4E5080080E21700A0E102EFFFEB35
:1095A0000000D4E5E010A0E3002196E70010C2E53A
:1095B0000010DAE5002196E70110C2E50110DAE5B6
:1095C000002196E70210C2E50210DAE5002196E7D5
:1095D0000310C2E50310DAE5002196E70410C2E5A6
:1095E0000410DAE5002196E70510C2E50510DAE57A
:1095F000002196E70610C2E5800080E0001098E5A3
:10960000700080E2800180E0010080E00020A0E3A3
:109610002A1E4FE236DCFFFA0000D4E5001098E580
:109620000120A0E3800080E0710080E2800180E002
:10963000010080E0B11F4FE22DDCFFFA0000D4E50D
:10964000001098E50020A0E3800080E0720080E236
:10965000800180E0010080E0BA1F4FE224DCFFFAC5
:109660000060A0E3050000EA010295E7050480E23E
:10967000FA0880E2A00886E0270D00EB016086E290
:109680000010D4E5010285E0040090E5C02FA0E1C0
:10969000A20780E0C00856E1F2FFFF3ABD5600EB9A
:1096A000F88FBDE83E402DE90014A0E12E4381E291
:1096B0001C1094E508108DE5181094E504108DE554
:1096C000381094E500108DE508109DE50150A0E3E9
:1096D000020911E30900000A00109DE5010011E3F1
:1096E0000000000A385084E500109DE50E0011E3EB
:1096F0000200000A0E10A0E300108DE5381084E58A
:1097000008109DE5110011E30000000A2A2B00EB70
:1097100008009DE5040010E30600000A180094E527
:1097200004008DE504009DE5400010E30100000AFF
:1097300004009FE50150C0E53E80BDE874FE0200D4
:10974000F14F2DE940D04DE22020A0E3851F8FE2AC
:1097500020008DE2AEDDFFEB1420A0E3891F8FE235
:109760000C008DE2AADDFFEB8B0F8FE2030090E887
:1097700003008DE90120A0E3891F8FE20000A0E330
:10978000615200EB1C529FE50900C5E518029FE5F8
:109790000120A0E3821F8FE25B5200EB0900C5E5C8
:1097A0000010A0E1810F8FE2058300EB0080A0E3B1
:1097B0000780C5E50080C5E51C029FE5811F8FE29B
:1097C000835300EB0900C5E5050050E30E00001AC5
:1097D000820F8FE2FA8200EB7A0F8FE27D5100EB6D
:1097E0000900C5E50010A0E1020C8FE2F48200EB55
:1097F000E4019FE5731F8FE2755300EB0900C5E597
:109800000010A0E17F0F8FE2ED8200EB855600EBA8
:10981000830F8FE2EA8200EB0680C5E518B29FE570
:1098200018A29FE518429FE578019FE540109DE54D
:109830000600D0E5010050E19604001A04629FE59D
:1098400060919FE5001286E00810D1E50810C9E597
:10985000080051E301F18F308E0400EA060000EAAF
:10986000750100EA740100EA410200EA9C0200EA84
:109870003D0300EA3C0300EADE0300EA000050E397
:109880008404001AC0119FE554F0FFEB0700D9E5EE
:109890000020A0E3011080E20710C9E5001260E09B
:1098A000801381E0A4019FE5010180E01A1E8FE290
:1098B000155200EB000050E30300000A000094E59D
:1098C000010280E3000084E5720400EA78119FE55C
:1098D00080019FE50A20A0E32C5200EB000050E33A
:1098E0000300000A000094E5010280E3000084E523
:1098F000680400EA0020A0E358019FE50230A0E1DF
:10990000575000EB000050E30200000A000094E50D
:10991000010280E3000084E53C519FE50130A0E3B3
:10992000001095E50020A0E3130E8FE29B1000EBE2
:109930005C0F00EB00808DE5001095E50130A0E3A1
:109940000620A0E34D0F8FE2951500EB44019FE543
:109950000000D0E5000050E34F00000A010050E392
:109960007700000A9F0000EA2E2E2E2E2E46494533
:109970004C443D302E2E2E2E2E2E44415441434C2D
:109980004153533D31000000484953544F52592030
:1099900020202020202020202020000020303030D7
:1099A000202C0000333A000030F90200E82E0400B9
:1099B00055534220665F6D6F756E742054705F72F0
:1099C00065733D25440D0A00333A2F46554E4354E6
:1099D000494F4E5F4D454D4F52590000D8920400FB
:1099E00055534220665F6D6B6469720D0A0000007A
:1099F00055534220665F6D6B6469722054705F72CC
:109A000065733D25440D0A0055534220665F6F7013
:109A1000656E6469722054705F7265733D25440DF4
:109A20000A0000006669656C645F696E666F5F734B
:109A3000617665206F7665720D0A000000050300EF
:109A4000986B0400CCF80200000303005492040059
:109A5000586C040000000000D09C0400DCF80200F8
:109A60002E2E2E2E2E4649454C443D302E2E2E2E87
:109A70002E2E44415441434C4153533D300000008D
:109A800059592F4D4D2F44442048483A4D4D3A5393
:109A900053202C00000000005CF70200000095E558
:109AA000091080E2960F8FE28C1100EB000095E523
:109AB000121080E2260E8FE2881100EB000095E57F
:109AC0001B1080E29A0F8FE2841100EB000095E5F5
:109AD000241080E2270E8FE2801100EB000095E554
:109AE0002D1080E2860F8FE27C1100EB000095E5DF
:109AF000361080E29A0F8FE2781100EB000095E5B6
:109B00003F1080E2270E8FE2741100EB688089E538
:109B1000680099E5001095E5800180E0010080E093
:109B2000481080E2760F8FE26C1100EB680099E537
:109B3000010080E2680089E5180050E3F3FFFF3A76
:109B4000280000EA000095E5091080E21B0E8FE274
:109B5000BB1100EB000095E5121080E26E0F8FE262
:109B6000B71100EB000095E51B1080E2070D8FE2B6
:109B7000B31100EB000095E5241080E2720F8FE234
:109B8000AF1100EB000095E52D1080E2170E8FE27B
:109B9000AB1100EB000095E5361080E2070D8FE277
:109BA000A71100EB000095E53F1080E2720F8FE2F5
:109BB000A31100EB688089E5680099E5001095E540
:109BC000800180E0010080E0481080E2130E8FE207
:109BD0009B1100EB680099E5010080E2680089E5CF
:109BE000180050E3F3FFFF3A000095E51030A0E3C2
:109BF000011C80E20820A0E31F1081E2190E8FE211
:109C00002F1000EB000095E51030A0E34A1F80E222
:109C10000820A0E3190E8FE2291000EB5E1300EB81
:109C2000DB1300EB000095E5031C80E25F1081E28E
:109C3000630F8FE2511400EB000095E51030A0E3B4
:109C4000031C80E20820A0E3EF1081E2620F8FE2A4
:109C5000771200EB000095E51030A0E3011B80E2D5
:109C60000820A0E37F1081E2610F8FE2701200EB09
:109C7000000095E51030A0E3051C80E20820A0E379
:109C80000F1081E2600F8FE2691200EB000095E592
:109C90000130A0E35A1E80E20820A0E360008FE2BA
:109CA000AE1000EB000095E50130A0E3011B80E25F
:109CB0000820A0E36A1F81E2590F8FE25C1200EBDB
:109CC00070021FE54E4F00EB000050E30200000A57
:109CD000000094E5010280E3000084E50020A0E399
:109CE00030108FE20200A0E1075100EB000050E3CA
:109CF0006803000A000094E5010280E3000084E5A7
:109D0000640300EA52455345525645442020202022
:109D10002020202020202C00000000004C43442064
:109D20004D435520564552202020202020202C0035
:109D3000000000004D435520564552202020202091
:109D40002020202020202C0000000000494D414709
:109D5000452046494C4520564552202020202C00C5
:109D60000000000053455249414C5F4E4F312020C6
:109D70002020202020202C000000000053455249C4
:109D8000414C5F4E4F3220202020202020202C00EC
:109D9000000000004649454C442053544152545F52
:109DA0004144445220202C00000000004649454C0C
:109DB000442053495A4520202020202020202C00D8
:109DC000000000004649454C44204D414E41474566
:109DD0003120202020202C00000000004649454C66
:109DE00044204D414E4147453220202020202C0068
:109DF000000000004649454C44204D414E41474536
:109E00003320202020202C00000000004649454C33
:109E100044204D414E4147453420202020202C0035
:109E20000000000052544320504F574552204F46E7
:109E30004620202020202C0000000000F8131FE501
:109E40000950A0E1E5EEFFEB44759FE50390D7E5EF
:109E5000F00059E31600002A0800D5E5020050E39F
:109E60001300001A2C059FE56410A0E3000090E5A4
:109E700082E1FFEBBC10D5E11C259FE5920101E0DA
:109E8000810180E014159FE5001091E5000041E09C
:109E9000700085E50600D5E50F1009E20420A0E377
:109EA00000019BE7810680E0F4149FE5040080E256
:109EB000A2DBFFEB0700D5E50020A0E3011080E264
:109EC0000710C5E5001260E0801381E084041FE5FF
:109ED000010180E0711F4FE28B5000EB000050E366
:109EE0000300000A000094E5010280E3000084E51D
:109EF000E80200EAB0141FE5A8041FE50A20A0E369
:109F0000A25000EB000050E30300000A000094E5BB
:109F1000010280E3000084E5DE0200EA0020A0E305
:109F2000D0041FE50230A0E1CD4E00EB000050E36D
:109F30000300000A000094E5010280E3000084E5CC
:109F4000D40200EA0600D5E50A0050E30200002A28
:109F5000300080E22B00CDE5010000EA370080E20E
:109F60002B00CDE50800D5E5300080E23C00CDE5D2
:109F70001C051FE50130A0E3001090E50020A0E3E0
:109F800020008DE2050F00EBC60D00EB0310D7E5B6
:109F9000F00051E30B00002A0600D5E52112A0E1F4
:109FA000002296E7052482E2FA2882E2A225A0E1B7
:109FB000011382E000019BE70120A0E3E61D00EB16
:109FC0000600D5E50000C5E56C8085E50490A0E3BA
:109FD0006C0095E50F0010E30900001A3F10E0E364
:109FE000001101E00600D5E5002296E7052482E293
:109FF000FA2882E2A21581E000019BE70120A0E39C
:10A00000400600EB0600D5E56C10D5E50130A0E375
:10A0100000019BE70F1001E2811680E00420A0E31D
:10A020000C008DE2F01100EB689085E5680095E585
:10A03000020B50E30200009A400080E2680085E5D0
:10A040001C0000EA401080E2010A51E30E00002AE1
:10A050000610D5E51020A0E301119BE7010080E088
:10A060006C10D5E50F1001E2811680E034039FE506
:10A07000F1F0FFEB2C139FE51030A0E30420A0E3E8
:10A08000370E4FE2C71000EB070000EA14039FE50C
:10A090004010A0E37BDBFFEB08139FE51030A0E34B
:10A0A0000420A0E3E50F4FE2BE1000EB680095E549
:10A0B000400080E2680085E5680095E5010A50E30C
:10A0C000D9FFFF3AE0329FE578061FE50420A0E3C0
:10A0D000B61F8FE2D65200EB0310D7E56C0095E572
:10A0E000000051E10300009A010080E26C0085E568
:10A0F000F00050E3B5FFFF3AA8061FE5404E00EB25
:10A10000000050E30200000A000094E5010280E331
:10A11000000084E50020A0E3A51F8FE20200A0E17B
:10A12000F94F00EB000050E30200000A000094E544
:10A13000010280E3000084E50300D7E5F00050E36E
:10A140005402002A0620D5E52002A0E1021296E77B
:10A15000051481E2FA1881E2A115A0E1001381E063
:10A1600002019BE70120A0E3E60500EB0080C5E5C6
:10A17000480200EA30171FE518EEFFEB0700D9E5AB
:10A180000020A0E3011080E20710C9E5001260E0A2
:10A19000801381E04C071FE5010180E0211E8FE262
:10A1A000D94F00EB000050E30300000A000094E5E3
:10A1B000010280E3000084E5360200EA78171FE51B
:10A1C00070071FE50A20A0E3F04F00EB000050E30A
:10A1D0000300000A000094E5010280E3000084E52A
:10A1E0002C0200EA0020A0E398071FE50230A0E15E
:10A1F0001B4E00EB000050E30300000A000094E552
:10A20000010280E3000084E5220200EA0600D9E5AD
:10A210000A0050E30200002A300080E22B00CDE566
:10A22000010000EA370080E22B00CDE53300A0E317
:10A230003C00CDE5E0071FE50130A0E3001090E50C
:10A240000020A0E320008DE2540E00EB150D00EB82
:10A250006C8089E504508DE2BC06D9E1011085E2ED
:10A260000008A0E12008A0E153F0FFEB0600D9E5CB
:10A270006C1099E50130A0E300019BE70320A0E109
:10A28000001081E004008DE2440E00EB6C0099E5C3
:10A29000010080E26C0089E5FA0F50E3EDFFFF3A20
:10A2A00050081FE5D64D00EB000050E30200000A05
:10A2B000000094E5010280E3000084E50020A0E3B3
:10A2C000EC108FE20200A0E18F4F00EB000050E3A2
:10A2D000F001000A000094E5010280E3000084E53B
:10A2E000EC0100EAA0181FE5BCEDFFEB0700D9E583
:10A2F0000020A0E3011080E20710C9E5001260E031
:10A30000801381E0BC081FE5010180E0A0108FE20E
:10A310007D4F00EB000050E30300000A000094E5CD
:10A32000010280E3000084E5DA0100EAE8181FE595
:10A33000E0081FE50A20A0E3944F00EB000050E383
:10A340000300000A000094E5010280E3000084E5B8
:10A35000D00100EA0020A0E308091FE50230A0E1D7
:10A36000BF4D00EB000050E30300000A000094E53D
:10A37000010280E3000084E5C60100EA0600D9E599
:10A380000A0050E30B00002A300080E22B00CDE5EC
:10A390000A0000EA382C0300A8F7020085EB510000
:10A3A000A4F70200A0F902009292040042F9020010
:10A3B0000D0A0D0A00000000370080E22B00CDE5F9
:10A3C0003400A0E33C00CDE574091FE50130A0E3B3
:10A3D000001090E50020A0E320008DE2EF0D00EBDF
:10A3E000B00C00EB0600D9E5001296E7802080E073
:10A3F000051481E202219AE7FA1881E2A115A0E191
:10A40000021381E000019BE70120A0E3D21C00EBD6
:10A410000600D9E50000C9E56C8089E50950A0E196
:10A420002C0000EA002296E7052482E2FA2882E264
:10A43000A225A0E1011382E000019BE70120A0E337
:10A44000300500EB688085E56C0095E570169FE5AA
:10A45000900101E0680095E5012180E0742085E528
:10A460000610D5E5813081E003C18AE008709CE5E3
:10A47000000057E30600001A03319AE740769FE593
:10A4800004C09CE5970303E003318CE0020053E134
:10A490000D00003A3520A0E3920000E001119BE797
:10A4A0006330A0E3801081E00120A0E3010C4FE2C3
:10A4B000221300EB680095E5010080E2680085E565
:10A4C00000169FE5010050E1DEFFFF3A6C0095E5C4
:10A4D000010080E26C0085E50600D5E5001286E00B
:10A4E000041091E5C12FA0E1A22781E06C1095E551
:10A4F000C20851E1CAFFFF3A0610D5E5802080E08E
:10A5000002219AE7011296E7051481E2FA1881E226
:10A51000A115A0E1021381E000019BE70120A0E367
:10A52000F80400EB0080C5E5D80A1FE5344D00EBC8
:10A53000000050E30200000A000094E5010280E3FD
:10A54000000084E50020A0E3671F4FE20200A0E1C5
:10A55000ED4E00EB000050E34E01000A000094E5D0
:10A56000010280E3000084E54A0100EA281B1FE5A0
:10A570001AEDFFEB0700D9E50020A0E3011080E20F
:10A580000710C9E5001260E0801381E0440B1FE56D
:10A59000010180E07A1F4FE2DB4E00EB000050E348
:10A5A0000300000A000094E5010280E3000084E556
:10A5B000380100EA701B1FE5680B1FE50A20A0E3C5
:10A5C000F24E00EB000050E30300000A000094E5A7
:10A5D000010280E3000084E52E0100EA0020A0E3F0
:10A5E000900B1FE50230A0E11D4D00EB000050E391
:10A5F0000300000A000094E5010280E3000084E506
:10A60000240100EA0600D9E50A0050E30200002A0E
:10A61000300080E22B00CDE5010000EA370080E247
:10A620002B00CDE50800D9E5300080E23C00CDE507
:10A63000DC0B1FE50130A0E3001090E50020A0E353
:10A6400020008DE2550D00EB160C00EB0600D9E55D
:10A65000001296E7802080E0051481E202219AE74B
:10A66000FA1881E2A115A0E1021381E000019BE745
:10A670000120A0E3381C00EB0600D9E50000C9E585
:10A680006C8089E5340000EA002295E7052482E227
:10A69000FA2882E2A225A0E1011382E000019BE7F3
:10A6A0000120A0E3970400EB688089E5180000EA28
:10A6B0006C2099E5901222E0742089E5853085E0D0
:10A6C00003C18AE008E09CE500005EE30400001A94
:10A6D00003319AE704C09CE593C020E0020050E1FA
:10A6E0001A00009AFF0006E200008DE505319BE7A5
:10A6F000060087E2903121E0FF2000E20130A0E374
:10A70000D50F4FE2261200EB680099E5010080E2C8
:10A71000680089E50650D9E5D80C1FE5050280E000
:10A720000C0090E5A02F80E0C210A0E10120C2E360
:10A73000026040E0067081E0061087E20208A0E3B4
:10A7400032DAFFEB681099E5010050E1D7FFFF8A8C
:10A750006C0099E5010080E26C0089E50600D9E50E
:10A76000205D1FE5001285E0041091E5C12FA0E1F6
:10A77000A22781E06C1099E5C20851E1C1FFFF3AC0
:10A780000620D9E5001085E2021291E7802080E0E2
:10A79000051481E202219AE7FA1881E2A115A0E1ED
:10A7A000021381E000019BE70120A0E3550400EBC8
:10A7B0000080C9E5640D1FE5914C00EB000050E3FB
:10A7C0000200000A000094E5010280E3000084E535
:10A7D0000020A0E32F1E8FE20200A0E14A4E00EB12
:10A7E000000050E3AB00000A000094E5010280E3A2
:10A7F000000084E5A70000EAB41D1FE577ECFFEB3D
:10A800000700D9E50020A0E3011080E20710C9E5A8
:10A81000001260E0801381E0D00D1FE5010180E0AF
:10A82000A91F8FE2384E00EB000050E30300000A3E
:10A83000000094E5010280E3000084E5950000EA51
:10A84000FC1D1FE5F40D1FE50A20A0E34F4E00EBB1
:10A85000000050E30300000A000094E5010280E3D9
:10A86000000084E58B0000EA0020A0E31C0E1FE539
:10A870000230A0E17A4C00EB000050E30300000A34
:10A88000000094E5010280E3000084E5810000EA15
:10A890000600D9E50A0050E30200002A300080E2F9
:10A8A0002B00CDE5010000EA370080E22B00CDE56A
:10A8B0000800D9E5300080E23C00CDE5680E1FE5D8
:10A8C0000130A0E3001090E50020A0E320008DE21D
:10A8D000B20C00EB730B00EB0600D9E5001296E713
:10A8E000802080E0051481E202219AE7FA1881E2D3
:10A8F000A115A0E1021381E000019BE70120A0E384
:10A90000951B00EB0600D9E50000C9E56C8089E5E0
:10A910003A0000EA002295E7052482E2FA2882E262
:10A92000A225A0E1011382E000019BE70120A0E342
:10A93000F40300EB688089E51E0000EA6C2099E5CD
:10A94000901222E0742089E5853085E003C18AE019
:10A9500008E09CE500005EE30400001A03319AE77A
:10A9600004C09CE593C020E0020050E12000009A62
:10A97000060087E2900102E005319BE70220D3E761
:10A98000EF0052E35300000AE00052E36B00000ABC
:10A99000FF2006E2903121E000208DE5FF2000E25B
:10A9A0000130A0E3120E8FE27D1100EB680099E503
:10A9B000010080E2680089E50650D9E57C0F1FE5BB
:10A9C000050280E00C0090E5A02F80E0C210A0E11D
:10A9D0000120C2E3026040E0067081E0061087E2D9
:10A9E0000208A0E389D9FFEB681099E5010050E166
:10A9F000D1FFFF8A6C0099E5010080E26C0089E5D7
:10AA00000600D9E5C45F1FE5001285E0041091E55A
:10AA1000C12FA0E1A22781E06C1099E5C20851E1A5
:10AA2000BBFFFF3A0620D9E5001085E2021291E74C
:10AA3000802080E0051481E202219AE7FA1881E281
:10AA4000A115A0E1021381E000019BE70120A0E332
:10AA5000AC0300EB0080C9E570009FE5E84B00EB1C
:10AA6000000050E30200000A000094E5010280E3C8
:10AA7000000084E50020A0E34C108FE20200A0E17A
:10AA8000A14D00EB000050E30200000A000094E535
:10AA9000010280E3000084E534109FE50600D1E563
:10AAA000010080E2FF0000E20600C1E5100050E373
:10AAB0005CFBFF3A000081E20080C0E544D08DE2FB
:10AAC000F08FBDE835010000D40400000000000054
:10AAD000D09C040030F90200913020E03C171FE5C3
:10AAE0000120D0E50020C1E50220D0E50120C1E52C
:10AAF0000320D0E50220C1E50420D0E50320C1E514
:10AB00000520D0E50420C1E50600D0E50500C1E53B
:10AB10000680C1E51E00A0E30700C1E5F000A0E348
:10AB20000800C1E50100A0E30030A0E100008DE5D0
:10AB30000920A0E370004FE2191100EB9AFFFFEA31
:10AB4000913020E0A4171FE50120D0E50020C1E5E9
:10AB50000220D0E50120C1E50320D0E50220C1E5B7
:10AB60000420D0E50320C1E50520D0E50420C1E59F
:10AB70000600D0E50500C1E50680C1E51E00A0E3A2
:10AB80000700C1E50880C1E50100A0E30030A0E1B5
:10AB900000008DE50920A0E3D4004FE2001100EB96
:10ABA00081FFFFEAF0412DE9B0509FE5B0409FE5FD
:10ABB000B000D5E1AC709FE50060A0E3FF1C40E26F
:10ABC000B000D4E1FF1051E21500000A000050E38C
:10ABD0001200000A010050E31000001A88809FE56F
:10ABE0000100A0E30200C8E5B000D5E10210D8E5FD
:10ABF000010050E10300001A010287E00800D0E5DF
:10AC000008F9FFEBB060C4E10200D8E5010080E282
:10AC1000FF0000E20200C8E5100050E3F1FFFF3A38
:10AC2000F081BDE8011040E20E0051E30600008A09
:10AC3000FF1000E2000287E00800D0E5F9F8FFEB22
:10AC4000B000D4E1010080E2B000C4E1B000D4E182
:10AC50000F0050E3F1FFFF9AB060C4E1F081BDE85E
:10AC60007AF7020078F702000003030048FA0200B6
:10AC700070402DE9D0409FE50600D4E5000050E388
:10AC80003000000AC4009FE5B000D0E1C0109FE58D
:10AC9000B010D1E1010050E12A00001AB4009FE594
:10ACA000B4109FE5B000D0E1B010D1E1010050E157
:10ACB0002400001AA4009FE50000D0E5000050E346
:10ACC0002000001A98009FE50000D0E5000050E346
:10ACD0001C00001A8C009FE5B000D0E1000050E39A
:10ACE0001800001A100094E5A55500EB640050E32D
:10ACF0001400009A70509FE50100A0E30000C5E534
:10AD00000600D4E5010010E30400000A0500A0E3FA
:10AD1000692200EB0600D4E50100C0E30600C4E5AB
:10AD20000600D4E5020010E30400000A0400A0E3DA
:10AD3000612200EB0600D4E50200C0E30600C4E592
:10AD40000000A0E30000C5E57080BDE858FA0200ED
:10AD50006CF702006EF7020070F7020072F7020053
:10AD600003F9020083F8020076F70200B6F8020049
:10AD700010402DE97C409FE50A00D4E5805500EBAA
:10AD8000FA0F50E30800003A6C109FE50000A0E3C2
:10AD9000EC1400EB64009FE5000090E50A00C4E5B8
:10ADA0005C109FE550009FE5E81600EB54209FE5FE
:10ADB00054109FE5000092E5003091E5030050E15A
:10ADC0000800000A003091E5030050E10300009AFA
:10ADD00038309FE5B000D3E1010080E2B000C3E16C
:10ADE000000091E5000082E5A0FFFFEB6CFFFFEBA8
:10ADF0001040BDE80B0200EA58FA0200802C030064
:10AE0000D8FC0200D2F70200ACF70200A8F702005B
:10AE10003CF9020008402DE90080A0E300808DE5A8
:10AE2000D86D00EBE8069FE50110A0E30110C0E536
:10AE3000E0169FE50010D1E5010051E3B001000AE2
:10AE40000000D0E5010050E3AD01000AC8069FE50F
:10AE50000000D0E5030050E3A901001A0140A0E37F
:10AE6000B8B69FE5B8969FE5B8769FE5B8569FE5DA
:10AE7000B8669FE504A286E008009AE5080050E362
:10AE800000F18F30840100EA830100EA050000EA46
:10AE9000140000EA380000EA430000EA660000EA15
:10AEA000650000EA760000EA0000D9E5040050E100
:10AEB0008101000A0300DBE5F00050E37E01002A77
:10AEC000041296E72002A0E1051481E2FA1881E25B
:10AED000A115A0E1001381E0040195E70120A0E3A2
:10AEE0001D1A00EB6C0100EA0000D9E5040050E1F6
:10AEF0007101000A03A0DBE5F0005AE36E01002AAD
:10AF00002C069FE56410A0E3000090E55BDDFFEBFD
:10AF100020169FE520269FE5B010D1E1920101E0C7
:10AF2000810180E014169FE5001091E5000041E0EA
:10AF300000008DE5040195E70F100AE2810680E02C
:10AF4000040080E20420A0E30D10A0E17BD7FFEB1A
:10AF5000040296E70310DBE5050480E2FA0880E2CC
:10AF6000A005A0E12112A0E1011380E0040195E712
:10AF70000120A0E3F81900EB470100EAC0059FE5B6
:10AF80000000D0E5000050E34B01000A040296E700
:10AF90000120A0E3050480E2FA0880E2A015A0E108
:10AFA000040195E7EC1900EB3B0100EA0000D9E54C
:10AFB000040050E10900000A040296E7841084E0CE
:10AFC000050480E2011197E7FA0880E2A005A0E1FC
:10AFD000011380E0040195E70120A0E3DE1900EBF6
:10AFE000841084E0010187E0042090E5012082E2E2
:10AFF000042080E5012082E23530A0E3930202E0E4
:10B000000238A0E3820053E12301002A048080E596
:10B01000012197E7012082E2012187E704309AE5C8
:10B02000820853E11C01008A018187E7081090E53E
:10B03000011081E2081080E5170100EA0000D9E55F
:10B04000040050E11C01000AF4049FE50000D0E573
:10B05000000050E31801000A040296E7841084E01F
:10B06000050480E2011197E7FA0880E2A005A0E15B
:10B07000011380E0040195E70120A0E3B61900EB7D
:10B08000050100EA0000D9E5040050E10900001ABA
:10B09000040296E7841084E0050480E2011197E73A
:10B0A000FA0880E2A005A0E1011380E0040195E721
:10B0B0000120A0E3130200EB88049FE50000D0E527
:10B0C000400010E36500000A0C009AE5EF10A0E3D1
:10B0D000A02F80E0C230A0E10120C2E3020040E0E6
:10B0E000030080E0062080E2840084E0000187E025
:10B0F000043090E5930202E0043195E78227A0E155
:10B10000A227A0E10210C3E70C109AE5A12F81E06D
:10B11000C230A0E10120C2E3021041E0042090E52A
:10B12000031081E0061081E2920101E0042195E71D
:10B130008117A0E1A117A0E1021081E00180C1E523
:10B140000C109AE5A12F81E0C230A0E10120C2E3FA
:10B15000021041E0042090E5031081E0061081E236
:10B16000920101E0042195E78117A0E1A117A0E178
:10B17000021081E00280C1E50C109AE5A13F81E058
:10B18000C320A0E10130C3E3031041E0021081E0DD
:10B19000042090E5061081E2920101E0042195E788
:10B1A0008117A0E1A117A0E1021081E00380C1E5B1
:10B1B0000C109AE59920A0E3A13F81E0C3C0A0E173
:10B1C0000130C3E3031041E0043090E50C1081E04E
:10B1D000061081E2930101E0043195E78117A0E1B7
:10B1E000A117A0E1031081E00420C1E50C109AE54D
:10B1F000A13F81E0C3C0A0E10130C3E3031041E0FF
:10B20000043090E50C1081E0061081E2930101E02A
:10B21000043195E78117A0E1A117A0E1031081E0B7
:10B220000520C1E50C109AE5040090E5A1CF81E06E
:10B23000CC30A0E101C0CCE30C1041E0031081E070
:10B24000061081E2910000E0041195E78007A0E17B
:10B25000A007A0E1010080E00620C0E56A0000EA46
:10B260000C009AE5EF10A0E3A02F80E0C230A0E12F
:10B270000120C2E3020040E0030080E0062080E2FB
:10B28000840084E0000187E0043090E5930202E04E
:10B29000043195E78227A0E1A227A0E10210C3E7CD
:10B2A0000C209AE5A0129FE5A23F82E0C3E0A0E156
:10B2B0000130C3E3032042E0043090E50E2082E039
:10B2C000062082E2930202E000C0D1E5043195E756
:10B2D0008227A0E1A227A0E1032082E001C0C2E50D
:10B2E0000C209AE501C0D1E5A23F82E0C3E0A0E1D5
:10B2F0000130C3E3032042E0043090E50E2082E0F9
:10B30000062082E2930202E0043195E78227A0E161
:10B31000A227A0E1032082E002C0C2E50C209AE54A
:10B3200002C0D1E5A23F82E0C3E0A0E10130C3E367
:10B33000032042E0043090E50E2082E0062082E205
:10B34000930202E0043195E78227A0E1A227A0E161
:10B35000032082E003C0C2E50C209AE503C0D1E5DA
:10B36000A23F82E0C3E0A0E10130C3E3032042E05A
:10B37000043090E50E2082E0062082E2930202E093
:10B38000043195E78227A0E1A227A0E1032082E013
:10B3900004C0C2E50C209AE504C0D1E5A23F82E0DA
:10B3A000C3E0A0E10130C3E3032042E0043090E5B4
:10B3B0000E2082E0062082E2930202E0043195E74B
:10B3C0008227A0E1A227A0E1032082E005C0C2E518
:10B3D0000520D1E50C109AE5040090E5A1CF81E0AD
:10B3E000CC30A0E101C0CCE30C1041E0031081E0BF
:10B3F000061081E2910000E0041195E78007A0E1CA
:10B40000A007A0E1010080E00620C0E5040296E765
:10B41000846084E0050480E2061197E7FA0880E280
:10B42000A005A0E1011380E0040195E70120A0E35D
:10B43000C91800EB060187E0041090E5012081E2C5
:10B44000042080E50C109AE5012082E2A1CF81E082
:10B45000CC30A0E101C0CCE30C1041E0031081E04E
:10B46000061081E2920101E0020851E30A00009A0D
:10B47000048080E5061197E7011081E2061187E755
:10B4800004209AE5810852E10300008A068187E7DB
:10B49000081090E5011081E2081080E5040195E7AD
:10B4A000000050E30400000AA0609FE5040196E755
:10B4B000B5D3FFFA048185E7048186E7010084E2C1
:10B4C000FF4000E2100054E368FEFF3A80009FE571
:10B4D0000810A0E3000090E56813C0E58C13C0E5F8
:10B4E000504F00EB1A2100EB7F8900EBDD2500EBCC
:10B4F00064009FE55C109FE5000090E50120A0E35B
:10B50000951800EB54009FE5008080E5DC6B00EBB4
:10B51000FEFFFFEAA4FA02005DFA02008CF80200C6
:10B52000382C030030F90200986B0400000503007A
:10B5300000030300A8F702003CF9020085EB51006C
:10B54000A4F702005CF70200CCF80200D2F7020078
:10B5500040050300DCF80200407F0100E8F702002C
:10B56000C0D800B03C009FE50100D0E5000050E3EA
:10B570000500000A070DA0E312F5FFEB28109FE578
:10B580000000A0E3000081E5FEFFFFEA070DA0E355
:10B590000CF5FFEB14009FE50020A0E30110A0E3F1
:10B5A000A51000EB1AFEFFEBA4FA0200C0D800B011
:10B5B000200000B010402DE960409FE50120A0E38D
:10B5C000031CA0E30400A0E19B1000EB0120A0E31A
:10B5D0000210A0E1240084E2971000EB0120A0E318
:10B5E0000210A0E1820284E0931000EB30209FE57E
:10B5F0000310A0E30700A0E34E7A00EB0300A0E3F2
:10B60000F97700EB7F00A0E3877A00EB0400A0E16C
:10B610001040BDE80020A0E30110A0E3861000EA7E
:10B62000200000B064B5000070402DE940509FE557
:10B630000040A0E3000095E5000050E30300000A8D
:10B6400051D3FFFA2C009FE5004080E5004085E5DE
:10B6500024509FE5000095E5000050E30300000A38
:10B6600049D3FFFA14009FE5004080E5004085E5DE
:10B670007080BDE8C8F80200C4F8020004FA0200B5
:10B6800000FA020010402DE9021AA0E3050DA0E324
:10B6900086F5FFEB44409FE50400A0E1AC4100EBE0
:10B6A0000119A0E3050DA0E380F5FFEB0400A0E184
:10B6B000A74100EB0119A0E3050DA0E3B3F4FFEBF4
:10B6C000550FA0E3A24100EB0119A0E3050DA0E393
:10B6D00076F5FFEB0400A0E11040BDE89C4100EAD4
:10B6E000FC080000F0412DE99C619FE59C719FE5FD
:10B6F000080096E5070050E16200000A4F00E0E311
:10B70000A9E6FFEB0050A0E30C5086E50040A0E363
:10B710000400A0E1000500EB000050E30E00000A69
:10B720000C0096E5011080E2800086E00C1086E5B2
:10B73000B041C0E10C0096E54F0050E30600003A2E
:10B740004C019FE5001090E5021181E3001080E5B7
:10B75000050D8FE21A7B00EB030000EA010084E292
:10B760000148C0E37B0E54E3E8FFFF3A0000A0E38A
:10B77000040000EA7B1E80E2802086E0B01BC2E16C
:10B78000010080E20108C0E30C1096E5000051E1E1
:10B79000F7FFFF8A087086E5000096E50248A0E3FF
:10B7A000020840E2B20650E30000003A004086E59D
:10B7B000040096E5F50480E2220840E20D0650E31D
:10B7C0000100003AE4009FE5040086E5400000EB3C
:10B7D000AEEAFFEB0700A0E3B71F00EBD0009FE548
:10B7E0000810A0E3280090E5A815C0E50C2096E518
:10B7F000C0108FE25A0E80E2BDD3FFFA0000A0E332
:10B80000B8309FE5B8209FE5FFC0A0E3001283E0B9
:10B8100008C081E5005283E7045081E50C5081E5C2
:10B82000801080E0015182E7011182E0085081E53B
:10B83000045081E5010080E20108C0E3100050E3FC
:10B84000F1FFFF3A0604A0E3000083E5044083E52E
:10B85000085083E53E2000EB724E00EB012500EB23
:10B8600064409FE55C109FE5000094E50120A0E3A3
:10B87000B91700EB000094E5F041BDE84C109FE5DE
:10B880000120A0E3B41700EAF081BDE814590400D8
:10B8900039383736CCF802006E616E64666C6173BD
:10B8A000685F57726974655F6572726F720D0A0026
:10B8B0000000220BB4F802002530385800000000C8
:10B8C00000030300986B0400C0EB0100E8F70200DE
:10B8D000407F010010402DE9480400EB0000A0E388
:10B8E0008D0400EB0010A0E314209FE5553FA0E37A
:10B8F0000100A0E1980500EB1040BDE80600A0E3C0
:10B900006D1F00EA14590400F74F2DE910D04DE2E5
:10B9100001B0A0E10060A0E30050A0E30090A0E32C
:10B9200000908DE53F001BE30200000A0000A0E349
:10B930001CD08DE2F08FBDE818009DE5010B50E3AF
:10B940005000009A0000A0E3F8FFFFEA04908DE5A4
:10B9500008908DE506808BE00C808DE554419FE5D5
:10B960000C009DE5242094E5023BA0E30010A0E339
:10B97000EC0400EB0000A0E310109DE5861581E0CB
:10B98000242094E50020D2E70020C1E7010080E2F6
:10B990000108C0E3020B50E3F8FFFF3A0000A0E308
:10B9A000241094E500209DE50030D1E7037082E08B
:10B9B00000708DE5010080E2020B50E3F8FFFF3AD2
:10B9C0003F00A0E30600D0E12D00001A0040A0E3F4
:10B9D000E4A09FE53F8048E204019AE7000058E1B7
:10B9E0002300001AD4009FE5040190E7070050E10E
:10B9F0001F00000A060054E304F18F301C0000EA27
:10BA0000180000EA130000EA0E0000EA090000EA4C
:10BA1000040000EAFFFFFFEA0500A0E3C71E00EBF9
:10BA2000902400EB120000EA0400A0E3C31E00EB28
:10BA3000B08100EB0E0000EA0300A0E3BF1E00EBA4
:10BA40000150A0E30A0000EA0200A0E3BB1E00EBE5
:10BA50000150A0E3060000EA0100A0E3B71E00EBDE
:10BA60000150A0E3020000EA0000A0E3B31E00EBD7
:10BA70000150A0E3014084E2060054E3D5FFFF3A01
:10BA800000908DE5016086E218009DE5000356E117
:10BA9000ADFFFF3A010055E30400001A20009FE5C6
:10BAA00020109FE5140090E50420A0E32A1700EB86
:10BAB0000100A0E39DFFFFEAB4F80200F8EE0200E7
:10BAC000709F0400C02C0300407E0100F04F2DE960
:10BAD0001CD04DE200B0A0E30000A0E314008DE50F
:10BAE00010008DE50C008DE508008DE50140A0E318
:10BAF000D0859FE50070A0E3CC959FE5045289E0D6
:10BB0000086095E5FF0056E36000000A000056E378
:10BB10005E00000AB4059FE500D2FFFAB0A59FE5DC
:10BB200000008AE5AC159FE5040181E72010A0E341
:10BB3000FB7300EB200080E2020180E300008AE555
:10BB4000000050E30100000A0218A0E3CDD4FFEB8F
:10BB5000100054E304F18F304A0000EA490000EA83
:10BB60000D0000EA100000EA130000EA160000EAE7
:10BB7000190000EA1C0000EA1F0000EA220000EAA7
:10BB8000250000EA280000EA2B0000EA2E0000EA67
:10BB9000310000EA340000EA370000EA38159FE57A
:10BBA00000009AE5000081E5360000EA2C159FE5CB
:10BBB00000009AE5000081E5320000EA20159FE5CB
:10BBC00000009AE5000081E52E0000EA14159FE5CB
:10BBD00000009AE5000081E52A0000EA08159FE5CB
:10BBE00000009AE5000081E5260000EAFC149FE5CC
:10BBF00000009AE5000081E5220000EAF0149FE5CC
:10BC000000009AE5000081E51E0000EAE4149FE5CB
:10BC100000009AE5000081E51A0000EAD8149FE5CB
:10BC200000009AE5000081E5160000EACC149FE5CB
:10BC300000009AE5000081E5120000EAC0149FE5CB
:10BC400000009AE5000081E50E0000EAB4149FE5CB
:10BC500000009AE5000081E50A0000EAA8149FE5CB
:10BC600000009AE5000081E5060000EA9C149FE5CB
:10BC700000009AE5000081E5020000EA90149FE5CB
:10BC800000009AE5000081E500009AE5040188E7DC
:10BC9000080056E306F18F30CD0200EACC0200EA3C
:10BCA000050000EA040000EA210100EA280100EA98
:10BCB000AE0100EAAD0100EAB80100EA54549FE584
:10BCC0000300D5E5F00050E3C102002A041299E711
:10BCD0002002A0E1051481E2FA1881E2A115A0E199
:10BCE000001381E0040198E70120A0E305FFFFEBCA
:10BCF0000500D5E588F4FFEB00A0A0E10400D5E540
:10BD000085F4FFEB800080E000018AE018008DE5FB
:10BD100004049FE50100D0E57FF4FFEB00A0A0E163
:10BD2000F4039FE50000D0E57BF4FFEB800080E0AA
:10BD300000018AE0E4139FE50010D1E5400011E323
:10BD40005300000A0200D5E53C10A0E3CBD9FFEB7D
:10BD5000000051E34B00001A00005BE31800001ADA
:10BD6000BC039FE5E3AFE0E3000090E50A0040E09C
:10BD700034E4FFEB2A0800E0F00050E30000009AF2
:10BD80000000A0E3010080E20108C0E308008DE5A7
:10BD90008C039FE508209DE5000090E5E11F8FE200
:10BDA0000A0040E052D2FFFA0300D5E5010080E22C
:10BDB000FF0000E20300C5E5F00050E38402002A22
:10BDC00001B0A0E3040299E70310D5E5050480E281
:10BDD000FA0880E2A005A0E12112A0E1011380E0B1
:10BDE000040198E70120A0E3C6FEFFEB0310D5E5B0
:10BDF000040198E7FF20A0E30F1001E2810680E034
:10BE0000021AA0E31BD4FFEB08009DE50A10A0E393
:10BE10009AD9FFEB0190A0E108009DE56410A0E332
:10BE200096D9FFEB00A0A0E10100A0E10A10A0E379
:10BE300092D9FFEB0320D5E5041198E7000289E0D1
:10BE40000F2002E28206C1E70320D5E5041198E73E
:10BE50000F2002E2821681E001A0C1E50320D5E5B2
:10BE6000041198E7AA00A0E30F2002E2821681E005
:10BE70000200C1E50320D5E5041198E70F2002E296
:10BE8000821681E00300C1E50100A0E30C008DE50E
:10BE90006C0000EA18109DE5010050E13600001A20
:10BEA0000200D5E5000050E36600000A14009DE59D
:10BEB000000050E30800001A0270C5E50300D5E554
:10BEC000010080E2FF0000E20300C5E5F00050E35E
:10BED0003F02002A0100A0E314008DE5040299E767
:10BEE0000310D5E5050480E2FA0880E2A005A0E190
:10BEF0002112A0E1011380E0040198E70120A0E3F2
:10BF000080FEFFEB0310D5E5040198E7FF20A0E3D6
:10BF10000F1001E2810680E0021AA0E3D5D3FFEB07
:10BF2000F4019FE50330D5E50110D0E5042198E741
:10BF30000F3003E28316C2E70320D5E50000D0E509
:10BF4000041198E70F2002E2821681E00100C1E5AA
:10BF50000310D5E5040198E70F1001E2810680E0A7
:10BF60000270C0E50310D5E5040198E70F1001E267
:10BF7000810680E00370C0E5320000EA10009DE514
:10BF8000000050E30800001A0270C5E50300D5E583
:10BF9000010080E2FF0000E20300C5E5F00050E38D
:10BFA0000B02002A0100A0E310008DE5040299E7CE
:10BFB0000310D5E5050480E2FA0880E2A005A0E1BF
:10BFC0002112A0E1011380E0040198E70120A0E321
:10BFD0004CFEFFEB0310D5E5040198E7FF20A0E33A
:10BFE0000F1001E2810680E0021AA0E3A1D3FFEB6B
:10BFF00024019FE50330D5E50110D0E5042198E741
:10C000000F3003E28316C2E70320D5E50000D0E538
:10C01000041198E70F2002E2821681E00100C1E5D9
:10C020000310D5E5040198E70F1001E2810680E0D6
:10C030000270C0E50310D5E5040198E70F1001E296
:10C04000810680E00370C0E5010056E31200001A8B
:10C050000310D5E5040198E70420A0E30F1001E2E6
:10C06000810680E0041080E204008DE233D3FFEB10
:10C0700004009DE5010040E204008DE50310D5E5D4
:10C08000040198E70420A0E30F1001E2810680E09C
:10C09000040080E204108DE228D3FFEB020056E397
:10C0A000CB01001A0310D5E5040198E70420A0E3B2
:10C0B0000F1001E2810680E0041080E26C009FE531
:10C0C0001ED3FFEBC20100EA0005030000030300DA
:10C0D00040000200C4F7020040050300FCF7020024
:10C0E00000F8020004F8020008F802000CF8020050
:10C0F00010F8020014F8020018F802001CF8020000
:10C1000020F8020024F8020028F802002CF80200AF
:10C1100030F8020034F80200382C0300D2F7020095
:10C12000CCF80200DCF8020025303858000000008E
:10C13000A4F70200BC079FE50340C0E5040299E7AD
:10C14000051480E2FA1881E20400A0E1731B00EB01
:10C150009F0100EA040299E79C679FE5050480E2DD
:10C16000845084E0051196E7FA0880E2A005A0E17A
:10C17000011380E0040198E70120A0E3E1FDFFEB5B
:10C1800068001FE50000D0E5400010E32A00000A27
:10C19000050186E0041090E53530A0E3910303E04B
:10C1A00058179FE5042198E7833001E00370C2E748
:10C1B000043090E535C0A0E39C0303E0042198E738
:10C1C000833001E0032082E00170C2E5043090E595
:10C1D000042198E79C0303E0833001E0032082E020
:10C1E0000270C2E504C090E53590A0E3990C0CE024
:10C1F000043198E78CC001E09920A0E30C3083E083
:10C200000320C3E504C090E5043198E7990C0CE0E5
:10C210008CC001E00C3083E00420C3E5040090E50D
:10C2200035C0A0E39C0000E0043198E7800001E005
:10C23000030080E00520C0E52E0000EA050186E04D
:10C24000042090E53590A0E3B4169FE5920909E03B
:10C250000030D1E5A4269FE504C198E7899002E06B
:10C260000930CCE7049090E535A0A0E39A0909E0F5
:10C270000130D1E504C198E7899002E009C08CE063
:10C280000130CCE5049090E50230D1E59A0909E04F
:10C2900004C198E7899002E009C08CE00230CCE547
:10C2A000049090E50330D1E59A0909E004C198E7CC
:10C2B000899002E009C08CE00330CCE5049090E561
:10C2C0000430D1E59A0909E004C198E7899002E0B9
:10C2D00009C08CE00430CCE5040090E535C0A0E353
:10C2E0009C0000E00510D1E5043198E7800002E0F1
:10C2F000030080E00510C0E5F8159FE50900D1E5D1
:10C300000800C1E50F0050E30000002A0870C1E5F5
:10C310000800D1E5052186E0041092E535C0A0E3D0
:10C32000910C0CE0D4159FE5043198E78CC001E036
:10C330000C3083E00600C3E50000A0E304C092E5F2
:10C340003550A0E3950C0CE0043198E78CC001E077
:10C350000C3083E0003083E00770C3E5010080E229
:10C360000108C0E3630050E3F3FFFF3A180100EA5D
:10C37000040299E7842084E0050480E2FA0880E260
:10C38000A015A0E170059FE5020190E7001381E090
:10C39000040198E70120A0E35AFDFFEB0C0100EA3D
:10C3A000DC021FE550959FE5040290E7846084E07D
:10C3B000050480E2061199E7FA0880E2A005A0E1F1
:10C3C000011380E0040198E70120A0E34DFDFFEB9D
:10C3D000B8021FE50000D0E5400010E36400000A49
:10C3E0000C0095E5E010A0E3A02F80E0C230A0E1B2
:10C3F0000120C2E3020040E0030080E0062080E26A
:10C40000060189E0043090E5930202E0043198E7E8
:10C410008227A0E1A227A0E10210C3E70C1095E556
:10C42000A13F81E0C320A0E10130C3E3031041E05C
:10C43000021081E0042090E5061081E2920101E003
:10C44000042198E78117A0E1A117A0E1021081E083
:10C450000170C1E50C1095E5A13F81E0C320A0E18A
:10C460000130C3E3031041E0021081E0042090E5B5
:10C47000061081E2920101E0042198E78117A0E112
:10C48000A117A0E1021081E00270C1E50C1095E552
:10C49000A13F81E0C320A0E10130C3E3031041E0EC
:10C4A000021081E0042090E5061081E2920101E093
:10C4B000042198E78117A0E1A117A0E1021081E013
:10C4C0000370C1E50C1095E59920A0E3A1CF81E0B0
:10C4D000CC30A0E101C0CCE30C1041E0031081E0BE
:10C4E000043090E5061081E2930101E0043198E701
:10C4F0008117A0E1A117A0E1031081E00420C1E5AC
:10C500000C1095E5A1CF81E0CC30A0E101C0CCE3D7
:10C510000C1041E0031081E0043090E5061081E248
:10C52000930101E0043198E78117A0E1A117A0E190
:10C53000031081E00520C1E50C1095E5040090E5AD
:10C54000A1CF81E0CC30A0E101C0CCE30C1041E0F0
:10C55000031081E0061081E2910000E0041198E7E9
:10C560008007A0E1A007A0E1010080E00620C0E56F
:10C57000690000EA0C0095E5E010A0E3A02F80E040
:10C58000C230A0E10120C2E3020040E0030080E0ED
:10C59000062080E2060189E0043090E5930202E083
:10C5A000043198E78227A0E1A227A0E10210C3E7A7
:10C5B0000C2095E548139FE5A2AF82E0CAC0A0E138
:10C5C00001A0CAE30A2042E00C2082E004C090E50A
:10C5D000062082E29C0202E00030D1E504C198E727
:10C5E0008227A0E1A227A0E10C2082E00130C2E571
:10C5F0000C2095E50130D1E5A2AF82E0CAC0A0E1F0
:10C6000001A0CAE30A2042E00C2082E004C090E5C9
:10C61000062082E29C0202E004C198E78227A0E1A2
:10C62000A227A0E10C2082E00230C2E50C2095E5B3
:10C630000230D1E5A2AF82E0CAC0A0E101A0CAE306
:10C640000A2042E00C2082E004C090E5062082E24D
:10C650009C0202E004C198E78227A0E1A227A0E1A2
:10C660000C2082E00330C2E50C2095E50330D1E5D3
:10C67000A2AF82E0CAC0A0E101A0CAE30A2042E062
:10C680000C2082E004C090E5062082E29C0202E0D9
:10C6900004C198E78227A0E1A227A0E10C2082E054
:10C6A0000430C2E50C2095E50430D1E5A2AF82E06C
:10C6B000CAC0A0E101A0CAE30A2042E00C2082E047
:10C6C00004C090E5062082E29C0202E004C198E7E3
:10C6D0008227A0E1A227A0E10C2082E00530C2E57C
:10C6E0000520D1E50C1095E5040090E5A1CF81E08F
:10C6F000CC30A0E101C0CCE30C1041E0031081E09C
:10C70000061081E2910000E0041198E78007A0E1A3
:10C71000A007A0E1010080E00620C0E506A189E0B5
:10C7200004009AE5011080E204108AE50C0095E50A
:10C73000011081E2A03F80E0C320A0E10130C3E30B
:10C74000030040E0020080E0060080E2910000E08B
:10C75000020850E31E00009A94061FE5061199E7AF
:10C76000040290E7050480E2FA0880E2A005A0E157
:10C77000011380E0040198E70120A0E3F61300EB29
:10C7800004708AE5060199E7010080E2060189E765
:10C79000041095E5800851E10300008A067189E7DD
:10C7A00008009AE5010080E208008AE5E8061FE536
:10C7B000061199E7040290E7050480E2FA0880E296
:10C7C000A005A0E1011380E0040198E70120A0E3A7
:10C7D0004CFCFFEB010084E2FF4000E2100054E358
:10C7E000C4FCFF3A0C009DE5010050E30800001A6C
:10C7F000E0161FE50200D1E5010080E2FF0000E243
:10C800000200C1E53C0050E30100009A0100A0E3F2
:10C810000200C1E5F8561FE508471FE5000095E551
:10C820000220D4E5050C80E2D8109FE5A90080E243
:10C83000AFCFFFFA000095E5DA3FE0E30320D4E54F
:10C84000C0109FE5030040E0A9CFFFFA34071FE5C1
:10C850000000D0E5401000E2AC009FE5000051E38D
:10C860000800000A0070C0E50170C0E50270C0E574
:10C870009910A0E30310C0E50410C0E50510C0E561
:10C880000670C0E50F0000EA74109FE50020D1E5B6
:10C890000020C0E50120D1E50120C0E50220D1E55E
:10C8A0000220C0E50320D1E50320C0E50420D1E546
:10C8B0000420C0E50510D1E50510C0E534109FE562
:10C8C0000910D1E50610C0E50600001A30009FE50A
:10C8D0000110D0E50510C4E50000D0E50400C4E572
:10C8E0001CD08DE2F08FBDE89900A0E30500C4E5FF
:10C8F0000400C4E5F9FFFFEA58FA0200986B04004F
:10C90000FFFF0100CCF7020028C10000D8F70200A9
:10C91000FE4F2DE90080A0E101A0A0E10260A0E1AE
:10C9200003B0A0E18B0556E10300009ABC008FE242
:10C93000A37600EB0000A0E3FE8FBDE8860AB0E11D
:10C940000500000A0100A0E3A67580E00A50A0E1FE
:10C950000040A0E3A0909FE5200000EAA675A0E1BA
:10C96000F9FFFFEA0000A0E300008DE504008DE57B
:10C9700008508DE508009DE5002099E5023BA0E305
:10C980000010A0E3E70000EB010047E2000054E1E3
:10C990000400002A001099E5022BA0E30800A0E1A2
:10C9A000E6D0FFEB040000EA000064E2802586E0A8
:10C9B000001099E50800A0E1E0D0FFEB015085E20E
:10C9C00008009DE50B108AE0010050E10100003AEB
:10C9D0000000A0E3FE8FBDE8028B88E2014084E204
:10C9E000070054E1DEFFFF3A0100A0E3FE8FBDE83F
:10C9F000455252455252310D0A000000D8F802004B
:10CA00000010A0E30000A0E318209FE50030D2E76B
:10CA1000031081E0010080E2150E50E3FAFFFF3AB7
:10CA2000501182E51EFF2FE114590400FE432DE949
:10CA30000040A0E30070A0E300708DE504708DE578
:10CA400008708DE5C0809FE5007088E5BC509FE5CB
:10CA5000BC609FE5000095E5000050E30800001A67
:10CA60009A0EA0E32DCEFFFA000085E5000086E5D2
:10CA70002010A0E32A7000EB200080E2020180E396
:10CA8000000085E5000096E5000050E31D00000A67
:10CA90000F0000EA0D20A0E10110A0E30400A0E1D6
:10CAA0004D0B00EB011084E20148C1E3010070E38B
:10CAB0000700000A04109DE58005A0E10128A0E11F
:10CAC00000109DE52228A0E10118A0E12118A0E1B5
:10CAD000B22100EBFF0C54E3EDFFFF3A34409FE539
:10CAE000000098E5080084E5000096E5000050E3AA
:10CAF0000200000A24CEFFFA007086E5007085E58A
:10CB00000100A0E30000C4E5FE83BDE8D4F8020004
:10CB1000C4F80200C8F802004CFA020010402DE9E7
:10CB20000008A0E12008A0E103DAFFEB0003A0E188
:10CB30008C209FE56010A0E3001082E5041082E2E3
:10CB4000003091E5FFC000E20231C3E3FF30C3E3F0
:10CB50000C3083E1003081E5003091E500C8A0E1B0
:10CB60000231C3E3FF30C3E32C3C83E1003081E5B5
:10CB7000003091E502C1C3E3FFC0CCE320388CE173
:10CB8000003081E50231A0E3200C83E1000081E563
:10CB9000D000A0E3000082E5270000EB400050E356
:10CBA0000500000A1C009FE5001090E5021181E3DA
:10CBB000001080E50100A0E31080BDE80000A0E3C4
:10CBC0001080BDE8B0D800B0CCF8020008402DE9D4
:10CBD0000000A0E30010A0E300108DE554209FE5C5
:10CBE000080000EAB90000EB400010E30100000A71
:10CBF0004000A0E3000000EA0000A0E300109DE573
:10CC0000011081E200108DE5400050E30200000AAF
:10CC100000009DE5020050E1F1FFFF3A00009DE5B4
:10CC2000020050E10100003A0200A0E30880BDE8E4
:10CC30004000A0E30880BDE8FFFF010008402DE9A7
:10CC40000000A0E30010A0E300108DE564209FE544
:10CC50000C0000EA9D0000EB010010E30100000A57
:10CC60000100A0E3040000EA400010E30100000A14
:10CC70004000A0E3000000EA0000A0E300109DE5F2
:10CC8000011081E200108DE5400050E30200000A2F
:10CC900000009DE5020050E1EDFFFF3A00009DE538
:10CCA000020050E10100003A0200A0E30880BDE864
:10CCB0004000A0E30880BDE8FFFF010058009FE5A9
:10CCC000001090E5FF10C1E3901081E3001080E5B3
:10CCD000040080E2001090E5FF10C1E3021181E33F
:10CCE000001080E5040080E2002090E52C109FE514
:10CCF0000020C1E5002090E50120C1E5002090E57D
:10CD00000220C1E5002090E50320C1E5000090E588
:10CD10000400C1E508009FE51EFF2FE1B0D800B078
:10CD200040F8020055550000F0412DE90040A0E117
:10CD30000180A0E10250A0E10370A0E10060A0E347
:10CD40000405A0E12008A0E17BD9FFEB3F1004E23D
:10CD5000004381E024019FE5001090E5FF10C1E34E
:10CD6000001080E504C080E200109CE5FF2008E28E
:10CD70000211C1E3FF10C1E3021081E100108CE554
:10CD800000109CE50211C1E3FF10C1E3281481E10A
:10CD900000108CE500109CE5FF2004E20211C1E3C5
:10CDA000FF10C1E3021081E100108CE500109CE54A
:10CDB0000428A0E10211C1E3FF10C1E3221C81E1BC
:10CDC00000108CE500109CE50221C1E3FF20C2E3C6
:10CDD000241882E100108CE500109CE5FF10C1E3EF
:10CDE000241C81E1021181E300108CE5001090E524
:10CDF000FF10C1E3301081E3001080E50000A0E3E4
:10CE0000400000EB000050E30300000A70008FE2D6
:10CE10006B7500EB0200A0E3F081BDE80100A0E328
:10CE2000380000EB000050E30300000A68008FE2C6
:10CE3000637500EB0200A0E3F081BDE80010A0E301
:10CE40006C409FE5030000EA00C094E501C0C5E71F
:10CE5000010081E20118C0E3070051E1F9FFFF3A48
:10CE600059FFFFEB400050E30200000A44008FE24C
:10CE7000537500EB0160A0E30600A0E1F081BDE87E
:10CE8000B0D800B054494D454F5554204552524FEB
:10CE90005231203D2025780A0000000054494D45BC
:10CEA0004F5554204552524F5232203D2025780A8A
:10CEB00000000000B8D800B052454144205041471E
:10CEC00045204552524F52203D2025780A0000004F
:10CED00008402DE90000A0E300008DE520009FE55B
:10CEE000001090E5FF10C1E3701081E3001080E5B1
:10CEF000080080E2000090E500008DE50000DDE51F
:10CF00000880BDE8B0D800B001402DE904D04DE262
:10CF10000000A0E300008DE538109FE5080000EA5E
:10CF2000B000DDE1010080E200008DE5506100EB22
:10CF30000420DDE5020050E10100001A0000A0E33A
:10CF40000C80BDE8B000DDE1010050E1F3FFFF3AE5
:10CF50000100A0E30C80BDE810270000F0412DE99E
:10CF60000060A0E10170A0E10240A0E10350A0E157
:10CF70000605A0E12008A0E1EFD8FFEB3F1006E294
:10CF800000C381E0FC609FE5000096E5FF00C0E380
:10CF9000800080E3000086E5040086E2001090E552
:10CFA000FF2007E20211C1E3FF10C1E3021081E19B
:10CFB000001080E5001090E50211C1E3FF10C1E30D
:10CFC000271481E1001080E5001090E5FF200CE2BD
:10CFD0000211C1E3FF10C1E3021081E1001080E5FE
:10CFE000001090E50C28A0E10211C1E3FF10C1E39D
:10CFF000221C81E1001080E5001090E50221C1E3D0
:10D00000FF20C2E32C1882E1001080E5001090E5BB
:10D01000FF10C1E32C1C81E1021181E3001080E5C7
:10D020000100A0E33E3B00EB0000A0E3081086E215
:10D03000030000EA0020D4E7002081E5010080E23F
:10D040000108C0E3050050E1F9FFFF3A000096E552
:10D05000FF00C0E3100080E3000086E5F6FEFFEB72
:10D06000400050E30500000A1C009FE5001090E519
:10D07000101081E3001080E50100A0E3F081BDE81D
:10D080000000A0E3F081BDE8B0D800B0CCF8020009
:10D090007C402DE90150A0E10260A0E10340A0E145
:10D0A0000D20A0E10010A0E3CB0900EB00109DE5EE
:10D0B000B010C5E104109DE5B010C6E1023784E26E
:10D0C000EE3B83E20D20A0E10410A0E1C86000EB7C
:10D0D000010070E30100000A0100A0E37C80BDE8CC
:10D0E0000000A0E37C80BDE8F0412DE9C8709FE519
:10D0F000000097E50C5090E5101090E5040011E356
:10D100000700000A040015E30500000A0450C5E307
:10D110000440A0E3144080E5B26C00EB000097E50A
:10D120000C4080E5020015E31B00000A0250C5E335
:10D1300088009FE5000090E5841090E50340C1E37E
:10D140000010A0E3841080E50060A0E3001097E5E4
:10D150000200A0E30C0081E5040000EA080094E569
:10D160000300C0E3086084E50460A0E10040A0E1A2
:10D17000000054E3F8FFFF1A050000EA084096E5B6
:10D180000600A0E1B07400EB0600A0E1A04900EBAE
:10D190000460A0E1000056E3F7FFFF1A400015E32A
:10D1A0000200000A001097E54000A0E3140081E5AA
:10D1B000000097E50C5080E5F081BDE8C4FF020057
:10D1C0007CFF02000E402DE9A4019FE5060090E8D7
:10D1D000080090E508008DE506008DE8A42200EB2C
:10D1E00090119FE50000D1E5000050E35F00000AC8
:10D1F000010040E2FF0000E20000C1E5000050E352
:10D200005A00001A011AA0E3010CA0E39DEEFFEB07
:10D21000000050E30400001A0810A0E3070DA0E38B
:10D2200098EEFFEB000050E30500000A021BA0E3AC
:10D23000010CA0E393EEFFEB000050E32100000A95
:10D24000250000EA011BA0E3010CA0E38DEEFFEB3B
:10D25000000050E31300001A021BA0E3010CA0E33E
:10D2600088EEFFEB000050E30E00001A011AA0E365
:10D27000010CA0E383EEFFEB000050E30900001A6D
:10D28000021AA0E3010CA0E37EEEFFEB000050E3E6
:10D290000400001A0810A0E3070DA0E379EEFFEBED
:10D2A000000050E30400000A5F1FA0E30A00A0E3AF
:10D2B000AC1200EBC0008FE2B45B00EBDAFDFFEBD9
:10D2C0000DE7FFEBFEFFFFEA691FA0E30A00A0E302
:10D2D000A41200EBC4008FE2AC5B00EB011AA0E3E8
:10D2E000010CA0E367EEFFEB000050E30400000A2E
:10D2F0000810A0E3070DA0E362EEFFEB000050E38F
:10D300000C00001A6E1FA0E30A00A0E3951200EBC8
:10D3100088008FE29D5B00EB90109FE53000A0E35A
:10D320000000C1E588109FE50000A0E30000C1E512
:10D3300080109FE50000C1E5021AA0E3010CA0E304
:10D3400050EEFFEB000050E30400001A731FA0E34F
:10D350000A00A0E3831200EB40008FE28B5B00EB3E
:10D3600054009FE50010D0E5011081E20010C0E5F7
:10D370000E80BDE8ECEE020098F802004552524FD4
:10D38000523A20496E636F7272656374204449504B
:10D390002D53572073657474696E67730000000025
:10D3A00057616974696E67202020202020202000AA
:10D3B00061F7020062F7020063F702008CF80200D6
:10D3C000F0412DE90060A0E10180A0E10250A0E160
:10D3D0000370A0E10040A0E3800005E2000050E3FC
:10D3E0000400000A040086E00720A0E10810A0E184
:10D3F000E10800EB030000EA040086E00020A0E35F
:10D400000810A0E1DC0800EB8550A0E1014084E2B7
:10D41000080054E3EFFFFFBAF081BDE870402DE94A
:10D420000060A0E10040A0E324509FE50420D6E77F
:10D43000040095E5083095E5041080E0000095E5CE
:10D44000DEFFFFEB014084E2100054E3F6FFFFBA79
:10D450007080BDE848F7020010402DE9011BA0E3F1
:10D46000010CA0E307EEFFEBFF0000E2000050E339
:10D470000300001A1040BDE8011AA0E3050DA0E367
:10D480000AEEFFEA1080BDE810402DE9011BA0E381
:10D49000010CA0E3FBEDFFEBFF0000E2000050E316
:10D4A0000500000A011AA0E3050DA0E3FFEDFFEB64
:10D4B0001040BDE804008FE2C17300EA1080BDE8AF
:10D4C0002B357620504F5745524F4E206F6E636577
:10D4D0000D0A000038402DE9FF0060E2218300EBD7
:10D4E00060409FE50020A0E30430A0E1288300EB2A
:10D4F00054309FE50020A0E34A8200EB2E8200EB2F
:10D5000048509FE5100085E544109FE53A8400EB04
:10D51000AF8300EB0020A0E30430A0E1418200EBE8
:10D52000F48200EB0C0085E528109FE5B010CDE1FA
:10D53000B200CDE10420A0E30D10A0E10100A0E3C2
:10D54000BD6900EB3880BDE80000594000E06F4045
:10D5500060F8020000C07944E703000010402DE9A4
:10D560000119A0E3050DA0E308EDFFEB021AA0E30B
:10D57000050DA0E305EDFFEBB23E00EB68409FE533
:10D580000400A0E1F23900EB011AA0E3050DA0E3CD
:10D59000FEECFFEB0010A0E30400A0E1EC3900EB8F
:10D5A000011081E20118C1E3190E51E3F9FFFF3ABE
:10D5B000B33E00EB0119A0E3050DA0E3BBEDFFEBCB
:10D5C000011AA0E3050DA0E3B8EDFFEB0400A0E114
:10D5D000DF3900EB0119A0E3050DA0E3EBECFFEB55
:10D5E0000400A0E11040BDE8D93900EAFC080000C1
:10D5F00070402DE90040A0E1A4509FE50060A0E349
:10D600001D0000EAA00050E30900009A000095E523
:10D61000310E50E3030000DA006085E5040095E573
:10D62000100080E2040085E5010084E2014080E210
:10D63000110000EA0D0050E30000001A014084E2EE
:10D640000000D4E50A0050E30F00000A001095E541
:10D65000320E51E3030000DA006085E5041095E521
:10D66000101081E2041085E5E2E7FFEB014084E25F
:10D67000000095E5080080E2000085E50000D4E5A3
:10D68000000050E3DEFFFF1A7080BDE8006085E512
:10D69000040095E5100080E2040085E5014084E285
:10D6A000F5FFFFEA48F70200F84F2DE90060A0E31C
:10D6B0000070A0E30040A0E3C8049FE5CCB49FE560
:10D6C0000020D0E5C0149FE5C4849FE514009BE5CD
:10D6D000000052E32CA0A0E32090A0E32C00000A5D
:10D6E000010052E3BC00001AE6CDFFEB000098E514
:10D6F0000600D0E708EEFFEB0A10A0E35FD3FFEBD4
:10D70000302080E214509BE5010084E20108C0E370
:10D710000420C5E7301081E2012080E20148C2E325
:10D720000010C5E7010086E20168C0E3060056E389
:10D73000EDFFFF3A010084E20168C0E314009BE5BD
:10D7400004A0C0E70040A0E30910A0E30400A0E1AA
:10D750004AD3FFEB080051E3A000000A0120A0E13A
:10D76000011080E2813181E0001098E5013083E012
:10D770000830D3E5083063E2030052E19D0000AABF
:10D780000600A0E1011086E20168C1E30090C5E750
:10D79000A20000EABBCDFFEB000098E50600D0E751
:10D7A000DDEDFFEB0A10A0E334D3FFEB302080E285
:10D7B00014509BE5010084E20108C0E30420C5E7A2
:10D7C000301081E2012080E20148C2E30010C5E789
:10D7D000010086E20168C0E3060056E3EDFFFF3A70
:10D7E000010084E20168C0E314009BE504A0C0E7E7
:10D7F0000040A0E30910A0E30400A0E11FD3FFEB69
:10D80000080051E31200000A0120A0E1011080E2AB
:10D81000813181E0001098E5013083E00830D3E5E4
:10D82000030052E11000002A800180E0010080E046
:10D83000070080E00910D0E50600A0E1012086E2A3
:10D840000168C2E30010C5E7010087E20178C0E388
:10D85000090000EA0600A0E1011086E20168C1E3C8
:10D8600000A0C5E70070A0E3030000EA0600A0E105
:10D87000011086E20168C1E30090C5E7010084E27F
:10D880000148C0E3870054E3D9FFFF3A010046E2B4
:10D890000018A0E12118A0E10D20A0E3010081E221
:10D8A0000108C0E30120C5E70AB0A0E3011080E24F
:10D8B0000148C1E300B0C5E70000A0E30410A0E107
:10D8C000012084E20148C2E30190C5E7010080E243
:10D8D0000108C0E3040050E3F7FFFF3A0060A0E353
:10D8E0000070A0E30910A0E30700A0E1E3D2FFEB82
:10D8F000080051E31200000A0120A0E1101080E2AC
:10D90000813181E0001098E5013083E00830D3E5F3
:10D91000030052E11000002A800180E0010080E055
:10D92000060080E09010D0E50400A0E1012084E230
:10D930000148C2E30010C5E7010086E20168C0E3C8
:10D94000090000EA0400A0E1011084E20148C1E3FB
:10D9500000A0C5E70060A0E3030000EA0400A0E126
:10D96000011084E20148C1E30090C5E7010087E2AD
:10D970000178C0E3900057E3D9FFFF3A010044E289
:10D980000018A0E12118A0E10D20A0E3010081E230
:10D990000108C0E30120C5E7011080E20148C1E3AE
:10D9A00000B0C5E7EC019FE50D30A0E10420A0E147
:10D9B0000510A0E19E4400EB000050E30200001AB5
:10D9C000B000DDE1000054E10300000AC8019FE55A
:10D9D000001090E5011281E3001080E5F88FBDE8AA
:10D9E0000600A0E1011086E20168C1E300A0C5E7DE
:10D9F0000070A0E3090000EA800180E0010080E0FF
:10DA0000070080E00910D0E50600A0E1012086E2D1
:10DA10000168C2E30010C5E7010087E20178C0E3B6
:10DA2000010084E20148C0E3870054E345FFFF3A68
:10DA3000010046E20018A0E12118A0E10D20A0E3BA
:10DA4000010081E20108C0E30120C5E70AB0A0E3BC
:10DA5000011080E20148C1E300B0C5E70000A0E387
:10DA60000410A0E1012084E20148C2E30190C5E76F
:10DA7000010080E20108C0E3040050E3F7FFFF3A31
:10DA80000060A0E30070A0E30910A0E30700A0E19C
:10DA90007AD2FFEB080051E30D00000A0120A0E15B
:10DAA000101080E2813181E0001098E5013083E0C0
:10DAB0000830D3E5083063E2030052E10A0000AA0F
:10DAC0000400A0E1011084E20148C1E30090C5E731
:10DAD0000F0000EA0400A0E1011084E20148C1E364
:10DAE00000A0C5E70060A0E3090000EA800180E033
:10DAF000010080E0060080E09010D0E50400A0E185
:10DB0000012084E20148C2E30010C5E7010086E27B
:10DB10000168C0E3010087E20178C0E3900057E3A9
:10DB2000D8FFFF3A010044E20018A0E12118A0E16B
:10DB30000D20A0E3010081E20108C0E30120C5E758
:10DB4000011080E20148C1E300B0C5E744009FE551
:10DB50000D30A0E10420A0E10510A0E1344400EB69
:10DB6000000050E30200001AB000DDE1000054E1C3
:10DB700099FFFF0A20009FE5001090E5011281E364
:10DB8000001080E5F88FBDE85CF70200012000007E
:10DB900030F90200DCF80200D09C0400CCF802004E
:10DBA000FE432DE90080A0E10150A0E10260A0E168
:10DBB0000370A0E1F0108FE2000091E508008DE510
:10DBC000E8008FE2000090E504008DE5E4409FE569
:10DBD000DC109FE5140094E5AACCFFEB140094E55B
:10DBE0000810A0E12BCCFFFA0000A0E3180084E5A8
:10DBF000100000EA140094E539CCFFFA141094E503
:10DC00000620A0E1010080E0181094E5965121E083
:10DC1000A9E1FFEB140094E531CCFFFA141094E570
:10DC2000010080E004108DE21ACCFFFA180094E5A0
:10DC3000010080E2180084E5180094E5070050E137
:10DC4000EBFFFF3A140094E525CCFFFA141094E59D
:10DC5000010080E0010040E208108DE20DCCFFFAE7
:10DC6000140094E51ECCFFFA0058A0E12558A0E16D
:10DC700044009FE5141094E50D30A0E10520A0E1DB
:10DC8000EB4300EB000050E30200001AB000DDE1BE
:10DC9000000055E10300000A20009FE5001090E518
:10DCA000011281E3001080E5FE83BDE80D0A00004B
:10DCB0002C0000000120000030F90200D09C04007C
:10DCC000CCF80200FE4F2DE90050A0E10170A0E168
:10DCD0000280A0E103A0A0E19A1F8FE2000091E57D
:10DCE00008008DE5260E8FE2000090E504008DE52A
:10DCF0005C429FE554129FE5140094E561CCFFEB74
:10DD0000140094E50510A0E1E2CBFFFA0090A0E337
:10DD1000389084E5015088E26D0000EA950000E04B
:10DD2000000187E00110D0E5300051E31400001A33
:10DD30000210D0E5300051E31100001A0310D0E5C5
:10DD4000300051E30E00001A0410D0E5300051E31A
:10DD50000B00001A0510D0E5300051E30800001A4E
:10DD60000610D0E5300051E30500001A0710D0E599
:10DD7000300051E30200001A0800D0E5300050E303
:10DD80000100000A3C9084E5450000EA140094E597
:10DD9000D3CBFFFA0010A0E1140094E54660A0E3A5
:10DDA0000160C0E7CECBFFFA0010A0E1140094E5BB
:10DDB0000160C0E7CACBFFFA0010A0E1140094E5AF
:10DDC0000160C0E7C6CBFFFA0010A0E1140094E5A3
:10DDD0000160C0E7C2CBFFFA0010A0E1140094E597
:10DDE0000160C0E7BECBFFFA0010A0E1140094E58B
:10DDF0000160C0E7BACBFFFA0010A0E1140094E57F
:10DE00000160C0E7B6CBFFFA0010A0E1140094E572
:10DE10000160C0E7B2CBFFFA141094E5010080E086
:10DE200004108DE29BCBFFFA260000EA381094E53F
:10DE3000950101E0010180E0070080E00100D0E5EC
:10DE4000301040E2090051E30200009A410040E234
:10DE5000190050E30A00008A140094E5A0CBFFFAF1
:10DE6000382094E53C3094E5950202E0141094E5E6
:10DE7000022183E0072082E00120D2E50020C1E7F3
:10DE8000040000EA140094E595CBFFFA141094E521
:10DE90002020A0E30020C1E73C0094E5010080E2DF
:10DEA0003C0084E53C0094E5080050E1DEFFFF3AC9
:10DEB000140094E58ACBFFFA141094E5010080E089
:10DEC00004108DE273CBFFFA380094E5010080E284
:10DED000380084E5380094E50A0050E18EFFFF3AEF
:10DEE000140094E57ECBFFFA141094E5010080E065
:10DEF000010040E208108DE266CBFFFA140094E5C1
:10DF000077CBFFFA0058A0E12558A0E144009FE537
:10DF1000141094E50D30A0E10520A0E1444300EB8E
:10DF2000000050E30200001AB000DDE1000055E1FE
:10DF30000300000A20009FE5001090E5011281E334
:10DF4000001080E5FE8FBDE80D0A00002C000000E7
:10DF50000120000030F90200D09C0400CCF802003F
:10DF6000FE432DE90070A0E10160A0E10240A0E1C4
:10DF70000380A0E1531F8FE2000091E508008DE5CA
:10DF8000510F8FE2000090E504008DE540519FE5C0
:10DF900038119FE5140095E5BACBFFEB140095E529
:10DFA0000710A0E13BCBFFFA0070A0E3287085E5E5
:10DFB000270000EA2C7085E5190000EA281095E595
:10DFC000910420E00000D6E7301040E2090051E360
:10DFD0000200009A410040E2190050E30800008A64
:10DFE000140095E53ECBFFFA2C2095E5283095E509
:10DFF000141095E5932422E00220D6E70020C1E723
:10E00000040000EA140095E535CBFFFA141095E5FD
:10E010002020A0E30020C1E72C0095E5010080E26C
:10E020002C0085E52C0095E5040050E1E2FFFF3A65
:10E03000140095E52ACBFFFA141095E5010080E065
:10E0400004108DE213CBFFFA280095E5010080E271
:10E05000280085E5280095E5080050E1D4FFFF3A47
:10E06000140095E51ECBFFFA141095E5010080E041
:10E07000010040E208108DE206CBFFFA140095E59E
:10E0800017CBFFFA0048A0E12448A0E144009FE537
:10E09000141095E50D30A0E10420A0E1E44200EB6E
:10E0A000000050E30200001AB000DDE1000054E17E
:10E0B0000300000A20009FE5001090E5011281E3B3
:10E0C000001080E5FE83BDE80D0A00002C00000072
:10E0D0000120000030F90200D09C0400CCF80200BE
:10E0E000FC412DE90070A0E10160A0E14F0F8FE23B
:10E0F000000090E504008DE50850D6E534419FE529
:10E100002C119FE5140094E55ECBFFEB140094E521
:10E110000710A0E1DFCAFFFA080055E30E00009ADD
:10E12000140094E5EECAFFFA0010A0E1140094E593
:10E130004520A0E30120C0E7E9CAFFFA0010A0E1F2
:10E14000140094E57250A0E30150C0E7E4CAFFFA5E
:10E15000141094E50050C1E71B0000EA0070A0E332
:10E16000207084E5070000EA140094E5DCCAFFFA99
:10E17000201094E5142094E50130D6E70030C2E782
:10E18000010081E2200084E5200094E5050050E1D3
:10E19000F4FFFF3A207084E52060A0E3085065E2B8
:10E1A000060000EA140094E5CDCAFFFA141094E5C5
:10E1B0000060C1E7200094E5010080E2200084E5D2
:10E1C000200094E5000055E1F5FFFF8A140094E576
:10E1D000C3CAFFFA141094E5010080E004108DE238
:10E1E000ACCAFFFA140094E5BDCAFFFA0058A0E1DA
:10E1F0002558A0E140009FE5141094E50D30A0E102
:10E200000520A0E18A4200EB000050E30200001A62
:10E21000B000DDE1000055E10300000A1C009FE5AD
:10E22000001090E5011281E3001080E5FC81BDE85B
:10E230000D0A00000120000030F90200D09C04000B
:10E24000CCF80200FC472DE90070A0E10160A0E1DC
:10E250004F0F8FE2000090E504008DE50850D6E5F1
:10E2600034419FE52C119FE5140094E505CBFFEBAD
:10E27000140094E50710A0E186CAFFFA080055E3F0
:10E280000E00009A140094E595CAFFFA0010A0E170
:10E29000140094E54520A0E30120C0E790CAFFFAEE
:10E2A0000010A0E1140094E57250A0E30150C0E713
:10E2B0008BCAFFFA141094E50050C1E71B0000EA76
:10E2C0000080A0E3248084E52090A0E3087065E24C
:10E2D000060000EA140094E581CAFFFA141094E5E0
:10E2E0000090C1E7240094E5010080E2240084E569
:10E2F000240094E5000057E1F5FFFF8A248084E5BF
:10E30000070000EA140094E575CAFFFA241094E5AA
:10E31000142094E50130D6E70030C2E7010081E225
:10E32000240084E5240094E5050050E1F4FFFF3A61
:10E33000140094E56ACAFFFA141094E5010080E025
:10E3400004108DE253CAFFFA140094E564CAFFFA80
:10E350000058A0E12558A0E140009FE5141094E585
:10E360000D30A0E10520A0E1314200EB000050E3B8
:10E370000200001AB000DDE1000055E10300000AD0
:10E380001C009FE5001090E5011281E3001080E57C
:10E39000FC87BDE80D0A00000120000030F90200F2
:10E3A000D09C0400CCF80200FE4F2DE90180A0E1D2
:10E3B0000290A0E103A0A0E1970F8FE2000090E59A
:10E3C00008008DE5950F8FE2000090E504008DE5D3
:10E3D0004C429FE50050A0E30550C4E544129FE580
:10E3E000140094E5A7CAFFEB605084E56D0000EAD5
:10E3F000990000E0000098E7940084E50A10A0E38B
:10E400001ED0FFEB0570D4E5146094E5300081E286
:10E41000075086E00900C5E5940094E50A10A0E3E2
:10E4200016D0FFEB940084E50A10A0E313D0FFEBB5
:10E43000300081E20800C5E5940094E50A10A0E3ED
:10E440000ED0FFEB940084E50A10A0E30BD0FFEBA5
:10E45000300081E20700C5E5940094E50A10A0E3CE
:10E4600006D0FFEB940084E50A10A0E303D0FFEB95
:10E47000300081E20600C5E5940094E50A10A0E3AF
:10E48000FECFFFEB940084E50A10A0E3FBCFFFEB87
:10E49000300081E20500C5E5940094E50A10A0E390
:10E4A000F6CFFFEB940084E50A10A0E3F3CFFFEB77
:10E4B000300081E20400C5E5940094E50A10A0E371
:10E4C000EECFFFEB940084E50A10A0E3EBCFFFEB67
:10E4D000300081E20300C5E5940094E50A10A0E352
:10E4E000E6CFFFEB940084E50A10A0E3E3CFFFEB57
:10E4F000300081E20200C5E5940094E50A10A0E333
:10E50000DECFFFEB940084E50A10A0E3DBCFFFEB46
:10E51000300081E20100C5E5940094E50A10A0E313
:10E52000D6CFFFEB940084E50A10A0E3D3CFFFEB36
:10E53000300081E20700C6E70A0087E2FF2000E220
:10E540000520C4E50A00A0E30400C4E52030A0E3F0
:10E550000400D4E5001042E001C0D6E730005CE3DF
:10E560000700001A010050E30000000A0130C6E76E
:10E57000010040E2FF0000E20400C4E5000050E3B7
:10E58000F2FFFF1A020086E004108DE2C1C9FFFA13
:10E590000500D4E5010080E20500C4E5600094E5D3
:10E5A000010080E2600084E5600094E50A0050E12B
:10E5B0008EFFFF3A140094E5C9C9FFFA141094E5E0
:10E5C000010080E0010040E208108DE2B1C9FFFACD
:10E5D000140094E5C2C9FFFA0058A0E12558A0E153
:10E5E00044009FE5141094E50D30A0E10520A0E162
:10E5F0008F4100EB000050E30200001AB000DDE1A3
:10E60000000055E10300000A20009FE5001090E59E
:10E61000011281E3001080E5FE8FBDE80D0A0000C5
:10E620002C00000030F9020001200000D09C040002
:10E63000CCF80200FE432DE90050A0E10160A0E10A
:10E640000280A0E10370A0E1611F8FE2000091E56C
:10E6500008008DE55F0F8FE2000090E504008DE576
:10E6600078419FE570119FE5140094E505CAFFEB22
:10E67000140094E50510A0E186C9FFFA0090A0E31C
:10E68000509084E5015088E2290000EA549084E526
:10E690001B0000EA501094E5910520E0060080E0A0
:10E6A0000100D0E5301040E2090051E30200009A79
:10E6B000410040E2190050E30900008A140094E58B
:10E6C00087C9FFFA542094E5503094E5141094E57E
:10E6D000932522E0062082E00120D2E50020C1E758
:10E6E000040000EA140094E57DC9FFFA141094E5D3
:10E6F0002020A0E30020C1E7540094E5010080E25F
:10E70000540084E5540094E5080050E1E0FFFF3A2E
:10E71000140094E572C9FFFA141094E5010080E03A
:10E7200004108DE25BC9FFFA500094E5010080E21D
:10E73000500084E5500094E5070050E1D2FFFF3A15
:10E74000100057E30200000A010057E30800000A26
:10E750000C0000EA140094E561C9FFFA141094E576
:10E76000010080E0010040E208108DE249C9FFFA93
:10E77000040000EA140094E559C9FFFA141094E566
:10E78000010080E0019040E5140094E554C9FFFACF
:10E790000058A0E12558A0E144009FE5141094E53D
:10E7A0000D30A0E10520A0E1214100EB000050E385
:10E7B0000200001AB000DDE1000055E10300000A8C
:10E7C00020009FE5001090E5011281E3001080E534
:10E7D000FE83BDE80D0A00002C00000001200000AF
:10E7E00030F90200D09C0400CCF80200F0412DE981
:10E7F00018D04DE20080A0E10140A0E10260A0E15C
:10E800000370A0E15B0F8FE2000090E514008DE53E
:10E81000590F8FE2000090E510008DE5571F8FE241
:10E82000050091E8081091E505008DE90C108DE5D3
:10E8300058519FE550119FE5140095E591C9FFEBF4
:10E84000140095E50810A0E112C9FFFA0000A0E34A
:10E85000580085E5160000EA0200D4E5000050E308
:10E860000200001A0300D4E5000050E32600000A6D
:10E87000140095E51AC9FFFA141095E50620A0E1E9
:10E88000010080E0581095E5964121E08ADEFFEB1B
:10E89000140095E512C9FFFA141095E5010080E017
:10E8A00010108DE2FBC8FFFA580095E5010080E2E8
:10E8B000580085E5580095E5070050E1E5FFFF3A6F
:10E8C000140095E506C9FFFA141095E5010080E0F3
:10E8D000010040E214108DE2EEC8FFFA140095E545
:10E8E000FFC8FFFA0048A0E12448A0E1A0009FE58E
:10E8F000141095E50D30A0E10420A0E1CC4000EB20
:10E90000000050E31500001A110000EA0000D4E5F1
:10E9100004308DE209108DE2B5DEFFEB0100D4E595
:10E92000021083E2B2DEFFEB04008DE2ECC8FFFAD6
:10E930000080A0E1140095E5E9C8FFFA141095E500
:10E940000820A0E1010080E004108DE2FBC8FFEB8D
:10E95000CEFFFFEAB000DDE1000054E10300000A51
:10E9600030009FE5001090E5011281E3001080E582
:10E9700018D08DE2F081BDE80D0A00002C000000E7
:10E98000323031372F30300000000000012000000D
:10E9900030F90200D09C0400CCF80200FF412DE9C0
:10E9A0006E0F8FE2000090E50C008DE5B4419FE50D
:10E9B000AC119FE5140094E532C9FFEB140094E517
:10E9C000691F8FE2B3C8FFFA0050A0E3405084E50E
:10E9D000AC719FE52C60A0E3400094E5000287E065
:10E9E000081090E5FF0051E30C00000A070051E316
:10E9F0003B0000CA0C2090E5630052E3380000CAD7
:10EA000000508DE504508DE55E1F8FE20D00A0E102
:10EA100037C7FFFA445084E52080A0E3160000EADF
:10EA2000445084E54680A0E3140094E5ACC8FFFAA6
:10EA3000141094E50080C1E7440094E5010080E2F1
:10EA4000440084E5080050E3F6FFFF3A140094E523
:10EA5000A3C8FFFA141094E50060C1E7200000EAA3
:10EA6000140094E59EC8FFFA141094E50080C1E7F5
:10EA7000440094E5010080E2440084E50D00A0E13B
:10EA800097C8FFFA441094E5080060E2010050E1E5
:10EA9000F2FFFF8A445084E50D80A0E1070000EA00
:10EAA000140094E58EC8FFFA441094E5142094E510
:10EAB0000130D8E70030C2E7010081E2440084E57C
:10EAC0000D00A0E186C8FFFA441094E5010050E172
:10EAD000F2FFFF8A140094E581C8FFFA141094E550
:10EAE0000060C1E7400094E5010080E2400084E559
:10EAF000100050E3B7FFFF3A140094E578C8FFFA1E
:10EB0000141094E5010080E0010040E20C108DE259
:10EB100060C8FFFA140094E571C8FFFA0058A0E13C
:10EB20002558A0E160009FE5141094E508308DE2BF
:10EB30000520A0E13E4000EB000050E30200001A77
:10EB4000B800DDE1000055E10300000A3C009FE54C
:10EB5000001090E5011281E3001080E5FF81BDE81F
:10EB60000D0A00000120000030F902004649454C22
:10EB700044204E554D4245522020202020202C007C
:10EB8000000000000003030025640000D09C040086
:10EB9000CCF80200FF412DE96B0F8FE2000090E5F9
:10EBA0000C008DE5A8419FE5A0119FE5140094E5B8
:10EBB000B4C8FFEB140094E5661F8FE235C8FFFA76
:10EBC0000050A0E3485084E5A0719FE52C60A0E3CD
:10EBD000480094E5000287E0082090E5FF0052E33A
:10EBE0000900000A070052E3380000CA00508DE512
:10EBF00004508DE55E1F8FE20D00A0E1BCC6FFFA58
:10EC00004C5084E52080A0E3160000EA4C5084E5D7
:10EC10004680A0E3140094E531C8FFFA141094E58F
:10EC20000080C1E74C0094E5010080E24C0084E5DF
:10EC3000080050E3F6FFFF3A140094E528C8FFFAF5
:10EC4000141094E50060C1E7200000EA140094E588
:10EC500023C8FFFA141094E50080C1E74C0094E546
:10EC6000010080E24C0084E50D00A0E11CC8FFFA21
:10EC70004C1094E5080060E2010050E1F2FFFF8AC9
:10EC80004C5084E50D80A0E1070000EA140094E5F3
:10EC900013C8FFFA4C1094E5142094E50130D8E72E
:10ECA0000030C2E7010081E24C0084E50D00A0E1E4
:10ECB0000BC8FFFA4C1094E5010050E1F2FFFF8A07
:10ECC000140094E506C8FFFA141094E50060C1E74B
:10ECD000480094E5010080E2480084E5100050E31C
:10ECE000BAFFFF3A140094E5FDC7FFFA141094E54B
:10ECF000010080E0010040E20C108DE2E5C7FFFA60
:10ED0000140094E5F6C7FFFA0058A0E12558A0E1E9
:10ED100060009FE5141094E508308DE20520A0E125
:10ED2000C33F00EB000050E30200001AB800DDE131
:10ED3000000055E10300000A3C009FE5001090E54B
:10ED4000011281E3001080E5FF81BDE80D0A00009B
:10ED50000120000030F902004649454C442044415E
:10ED600054415F434C41535320202C0000000000CD
:10ED70000003030025640000D09C0400CCF80200CE
:10ED8000FC412DE90060A0E10150A0E17F1F8FE26E
:10ED9000001091E504108DE5F8419FE5F0119FE525
:10EDA000140094E537C8FFEB140094E50610A0E1C9
:10EDB000B8C7FFFA0060A0E3306084E52C70A0E3E0
:10EDC000300094E5800180E0050080E00110D0E58E
:10EDD000000051E31400001A0210D0E5000051E3D6
:10EDE0001100001A0310D0E5000051E30E00001AD4
:10EDF0000410D0E5000051E30B00001A0510D0E527
:10EE0000000051E30800001A0610D0E5000051E3AD
:10EE10000500001A0710D0E5000051E30200001AB7
:10EE20000800D0E5000050E30A00000A346084E5E1
:10EE30002080A0E3300094E5801180E0340094E568
:10EE4000001081E0051081E00110D1E5300051E3B0
:10EE50001000000A270000EA346084E54680A0E341
:10EE6000140094E59EC7FFFA141094E50080C1E7F2
:10EE7000340094E5010080E2340084E5080050E3AA
:10EE8000F6FFFF3A140094E595C7FFFA141094E5D5
:10EE90000070C1E71E0000EA070050E31500000AF9
:10EEA000140094E58EC7FFFA141094E50080C1E7C2
:10EEB000340094E5010080E2340084E5080050E36A
:10EEC000DBFFFF3A0B0000EA140094E584C7FFFA69
:10EED000301094E5142094E5813181E0341094E5FC
:10EEE000013083E0053083E00130D3E50030C2E734
:10EEF000010081E2340084E5340094E5080050E329
:10EF0000F0FFFF3A140094E575C7FFFA141094E57A
:10EF10000070C1E7300094E5010080E2300084E534
:10EF2000100050E3A5FFFF3A140094E56CC7FFFA08
:10EF3000141094E5010080E0010040E204108DE22D
:10EF400054C7FFFA140094E565C7FFFA0058A0E122
:10EF50002558A0E140009FE5141094E50D30A0E194
:10EF60000520A0E1323F00EB000050E30200001A50
:10EF7000B000DDE1000055E10300000A1C009FE540
:10EF8000001090E5011281E3001080E5FC81BDE8EE
:10EF90000D0A00000120000030F90200D09C04009E
:10EFA000CCF80200FE4F2DE930809DE500A0A0E1E5
:10EFB0000140A0E10250A0E10370A0E1160E8FE233
:10EFC000000090E508008DE5560F8FE2000090E507
:10EFD00004008DE550619FE50090A0E3BE90C6E17E
:10EFE00048119FE5140096E5A6C7FFEB140096E5CF
:10EFF0000A10A0E127C7FFFA140096E538C7FFFA08
:10F00000BE10D6E1010080E0BE00C6E11C9086E59E
:10F01000983086E21C0096E5801080E0031081E0C5
:10F020000000D4E7021081E2F1DCFFEB1C0096E562
:10F03000010080E21C0086E5060050E3F4FFFF3A81
:10F04000BE10D6E1140096E5010080E0E0109FE5D7
:10F0500010C7FFFABE00D6E1140080E2BE00C6E190
:10F060001C9086E5110000EA954020E0BE20D6E124
:10F07000061080E2140096E5020080E0062045E2DA
:10F08000ABDCFFEB000058E30500001A140096E526
:10F0900013C7FFFA141096E5010080E004108DE21A
:10F0A000FCC6FFFA1C0096E5010080E21C0086E524
:10F0B0001C0096E5070050E1EAFFFF3A140096E5D0
:10F0C00007C7FFFA141096E5010080E0010040E256
:10F0D00008108DE2EFC6FFFA140096E500C7FFFAAC
:10F0E0000048A0E12448A0E148009FE5141096E5FF
:10F0F0000D30A0E10420A0E1CD3E00EB000050E384
:10F100000200001AB000DDE1000054E10300000A33
:10F1100024009FE5001090E5011281E3001080E5D6
:10F12000FE8FBDE80D0A00002C00000030F902003F
:10F1300001200000C8F90200D09C0400CCF80200B5
:10F14000FE432DE90150A0E10260A0E10370A0E1BF
:10F150004E0F8FE2000090E508008DE5130E8FE260
:10F16000000090E504008DE52C419FE524119FE50A
:10F17000140094E543C7FFEB0080A0E3648084E5BE
:10F18000AD3084E2640094E5801080E0031081E0FB
:10F190000000D5E7021081E295DCFFEB640094E506
:10F1A000010080E2640084E5070050E3F4FFFF3AC9
:10F1B000E8109FE5140094E5B6C6FFFA1700A0E337
:10F1C000B001C4E1648084E5140000EA965020E0B8
:10F1D000B021D4E1071080E2140094E5020080E041
:10F1E0000620A0E134DCFFEBB001D4E1020080E2B4
:10F1F0000108C0E3B001C4E1141094E5010080E00F
:10F2000004108DE2A3C6FFFAB001D4E1010080E250
:10F21000B001C4E1640094E5010080E2640084E58B
:10F22000640094E5070050E1E7FFFF3AB011D4E134
:10F23000140094E5010080E0010040E208108DE236
:10F2400094C6FFFA140094E5A5C6FFFA0058A0E1A1
:10F250002558A0E148009FE5141094E50D30A0E189
:10F260000520A0E1723E00EB000050E30200001A0E
:10F27000B000DDE1000055E10300000A24009FE535
:10F28000001090E5011281E3001080E5FE83BDE8E7
:10F290000D0A00002C0000000120000030F90200DF
:10F2A000DDF90200D09C0400CCF80200F05F2DE9EB
:10F2B0000040A0E318829FE5760000EA14529FE523
:10F2C0000070A0E30100A0E3B400C8E10C0098E5E1
:10F2D0000210A0E30010C0E504109AE5019C84E24E
:10F2E000090051E10300008A041041E00168A0E137
:10F2F0002668A0E1000000EA016CA0E3B410D8E1A8
:10F30000012081E2B420C8E10160C0E70010A0E361
:10F31000C4B19FE5080000EA08209BE5042082E0D4
:10F3200001C0D2E7B420D8E1013082E2B430C8E1B4
:10F3300002C0C0E7011081E20118C1E3060051E1FB
:10F34000F4FFFF3AB410D8E19F1600EBB420D8E1E7
:10F350000C1098E50200C1E7B400D8E1010080E29A
:10F360000108C0E3B400C8E104209AE5090052E1B5
:10F370000400008A012080E20330A0E3B420C8E149
:10F380000030C1E7030000EA012080E21730A0E36B
:10F39000B420C8E10030C1E70000A0E3B600C8E136
:10F3A0000300C8E5B410D8E1130E8FE2046C00EB43
:10F3B0000090A0E3050000EA0C0098E50110A0E32E
:10F3C000090080E0376F00EB010089E20198C0E39B
:10F3D000B400D8E1000059E1F6FFFF3A2A0000EA44
:10F3E00024B19FE57D1FA0E300009BE5A5C6FFEBD0
:10F3F00018019FE500109BE50800D0E57D2FA0E3F4
:10F40000717200EB00A8A0E12AA8A0E10090A0E39F
:10F410000E0000EAB610D8E1010081E27F2BD0E3B4
:10F420000800000A00209BE50920D2E7B600C8E1E9
:10F43000140098E50120C0E700009BE50910D0E723
:10F44000CC008FE2DE6B00EB010089E20198C0E3A3
:10F450000A0059E1EEFFFF3AB600D8E1060050E39A
:10F460000400001A0000A0E30300C8E5140098E5BA
:10F47000CC2200EB0070A0E1015045E2000055E312
:10F480000A00000A010057E30E00000A000055E3DD
:10F49000D2FFFF1A064084E07CA09FE504009AE5B5
:10F4A000040050E184FFFF8A0100A0E3F09FBDE863
:10F4B0001C009FE50010D0E5201081E30010C0E59E
:10F4C0000000A0E3F09FBDE850008FE2BC6B00EBB2
:10F4D000EFFFFFEA20FA0200558D2900C02C03003F
:10F4E00050726F6772616D6D655F646174615F73A7
:10F4F000656E64202C74785F627566665F756172F4
:10F5000074325F6E756D3D25580D0A0094F7020048
:10F51000002D040025780D0A00000000E8580400C2
:10F5200050726F6772616D6D655F646174615F7366
:10F53000656E642041434B204F4B0D0A00000000D4
:10F54000F0472DE9FC619FE50080A0E3F8019FE50D
:10F550000120A0E3040090E5001BB0E13E00000A9A
:10F56000200582E00010E0E3001581E0DC519FE51A
:10F570000090A0E3B420C5E10C0095E50020C0E5B3
:10F58000B420D5E107C0A0E3013082E2B430C5E188
:10F5900002C0C0E7B420D5E140C0A0E3013082E260
:10F5A000B430C5E102C0C0E7B420D5E1013082E249
:10F5B000B430C5E10290C0E7B420D5E1013082E269
:10F5C000B430C5E10290C0E7B420D5E1013082E259
:10F5D000B430C5E10290C0E7B420D5E1013082E249
:10F5E000B430C5E10210C0E7B420D5E12134A0E178
:10F5F00001C082E2B4C0C5E10230C0E72128A0E129
:10F60000B410D5E1013081E2B430C5E10120C0E79A
:10F61000B410D5E1EC1500EBB420D5E10010A0E169
:10F620000C0095E50210C0E7B410D5E1011081E2AD
:10F630000128C1E3011082E20118C1E30330A0E315
:10F64000B410C5E10230C0E7B690C5E10390C5E54E
:10F65000946E00EBF8A09FE52C0000EA2005A0E1E5
:10F660000005A0E1011040E2BFFFFFEA00009AE5BB
:10F670007D1FA0E303C6FFEBD8009FE500109AE5CD
:10F680000800D0E57D2FA0E3CF7100EB0078A0E16A
:10F690002778A0E10040A0E30E0000EAB600D5E123
:10F6A000011080E27F2BD1E30800000A00209AE5D8
:10F6B0000420D2E7B610C5E1141095E50020C1E79B
:10F6C00000009AE50410D0E78C008FE23C6B00EB61
:10F6D000010084E20148C0E3070054E1EEFFFF3A75
:10F6E000B600D5E1050050E30300001A0390C5E51C
:10F6F000140095E52B2200EB0080A0E1016046E2BA
:10F70000000056E30500000A010058E30900000A62
:10F71000000056E3D4FFFF1A0000A0E3F087BDE825
:10F7200028009FE50010D0E5101081E30010C0E52F
:10F730000000A0E3F087BDE824008FE2206B00EB1F
:10F740000100A0E3F087BDE8558D2900E8580400CA
:10F7500020FA020094F70200002D040025780D0A1B
:10F760000000000050726F6772616D6D655F7374A9
:10F77000617274206F6B0D0A0000000010402DE9CB
:10F780004C309FE54CC09FE5003093E50C308CE594
:10F79000320E50E30D00002A1E0E51E30B00002A2A
:10F7A000F8C0A0E322480CE022C40CE08443A0E1AE
:10F7B0000CC184E1F82002E2A2218CE181C181E048
:10F7C00001128CE0810280E0800083E0B020C0E183
:10F7D0001080BDE8C02C030048F7020050109FE5E0
:10F7E000141091E5800181E0B010D0E1B230D0E199
:10F7F000040090E5000051E30B00000A000053E311
:10F800000900000A320E51E30700008A1E0E53E37E
:10F810000500008A1CC09FE50C0050E10200002A90
:10F82000001082E5043082E51EFF2FE10000E0E3D6
:10F830001EFF2FE1C02C0300407E0100000052E3B8
:10F840000300000A002090E5021081E1001080E52D
:10F850001EFF2FE1002090E50110C2E1001080E5BD
:10F860001EFF2FE11C402DE90014A0E12E4381E290
:10F870001C1094E504108DE5181094E500108DE53A
:10F8800004109DE5040011E30900000A04109DE541
:10F89000010011E30600000A00109DE5080011E3D5
:10F8A0000700000AC41200EB0800A0E3180084E57A
:10F8B000030000EA04109DE5110011E30000000AB6
:10F8C000BD1200EB04009DE5040010E30700000AF0
:10F8D000180094E500008DE500009DE5400010E370
:10F8E0000200000A08109FE50100A0E30000C1E546
:10F8F0001C80BDE874FE020010402DE95C009FE50D
:10F900000120A0E30F1CA0E3CBFFFFEB50009FE51D
:10F910000120A0E31010A0E3C7FFFFEB44009FE528
:10F920000120A0E30318A0E3C3FFFFEB38109FE51D
:10F930000200A0E3000081E50000A0E3041041E222
:10F94000000081E524009FE52110A0E3001080E580
:10F95000001090E5011081E3001080E51080BDE803
:10F96000780000B0180200B0400200B0081400B8DF
:10F97000001400B808009FE50020A0E30F1CA0E3DE
:10F98000ADFFFFEA780000B04C009FE50010A0E357
:10F99000501080E544109FE52C2091E5022102E201
:10F9A000542080E5080000EA2C2091E5022102E2C3
:10F9B000542080E5502090E5012082E2502080E52F
:10F9C000502090E5010A52E30200002A542090E5FD
:10F9D000020152E3F3FFFF0A1EFF2FE1E4FE0200E3
:10F9E000004000B810402DE96410A0E387C5FFEB8C
:10F9F0007F4C40E2F94044E2010261E00001A0E1F5
:10FA00006410A0E381C5FFEB0F0054E3010000DAAE
:10FA10000110A0E3000000EA0010A0E3A41F91E1A0
:10FA20000100000A0500A0E31080BDE8044480E165
:10FA30000100A0E39A0300EB0C009FE5084080E57D
:10FA4000D0FFFFEB0000A0E31080BDE8004000B84D
:10FA5000000050E30B12A0E30300000A180291E536
:10FA6000040080E3180281E51EFF2FE1180291E5F2
:10FA70000400C0E3180281E51EFF2FE138402DE9A4
:10FA8000FC409FE52C0094E500008DE500009DE51D
:10FA9000F0509FE5020010E30B00000A0100A0E314
:10FAA0007F0300EB0200A0E32C0084E5B5FFFFEB31
:10FAB000140095E5010080E2140085E5040095E559
:10FAC000000050E30000000A30FF2FE100009DE538
:10FAD000010010E30800000A0100A0E3700300EB3E
:10FAE0000100A0E32C0084E5A6FFFFEB080095E5EC
:10FAF000000050E30000000A30FF2FE100009DE508
:10FB0000100010E30F00000A0100A0E3640300EB03
:10FB10001000A0E32C0084E59AFFFFEB0030A0E387
:10FB20001020A0E30510A0E30300A0E1520000EBC9
:10FB3000100095E5000050E30200000A30FF2FE1BD
:10FB40000000A0E3100085E500009DE5080010E33B
:10FB50000A00000A0100A0E3510300EB0800A0E343
:10FB60002C0084E587FFFFEB0C0095E5000050E3D7
:10FB70000200000A04D08DE23040BDE810FF2FE102
:10FB80003880BDE8004000B8E4FE020010402DE9D6
:10FB9000CC109FE50000A0E3080081E5040081E5AA
:10FBA0000C0081E5100081E5140081E5B4309FE58B
:10FBB000B4409FE5001093E5010011E30200001A34
:10FBC000010080E2040050E1F9FFFFBA9C009FE5CC
:10FBD000000083E56BFFFFEB0000A0E3001093E55E
:10FBE000010011E30200001A010080E2040050E16C
:10FBF000F9FFFFBA040050E10100001A0600A0E37B
:10FC00001080BDE868009FE5040083E55DFFFFEB21
:10FC10000000A0E3041093E5010811E30200001ABC
:10FC2000010080E2040050E1F9FFFFBA040050E156
:10FC30000100001A0600A0E31080BDE834209FE513
:10FC40000F10A0E30100A0E3BA6800EB7F00A0E37F
:10FC5000F56800EB0F00A0E3636600EB0000A0E393
:10FC60001080BDE8E4FE0200004000B8FF0F000075
:10FC70005713EBA565A900007CFA0000F0472DE9B9
:10FC80000240A0E10390A0E1000050E30100000A5F
:10FC90000800A0E3F087BDE89C549FE59C649FE5C5
:10FCA000130051E30180A0E3FF0004E20070A0E331
:10FCB00001F18F301E0100EA110000EA170000EA8E
:10FCC0003A0000EA3C0000EA3D0000EA690000EA70
:10FCD000170100EA160100EAB00000EAB50000EAE8
:10FCE000BE0000EAC50000EAD10000EAD70000EA41
:10FCF000E80000EADC0000EA0D0100EA0C0100EA7D
:10FD0000ED0000EA240095E5010010E30100000A7F
:10FD1000008084E5040100EA007084E5020100EA45
:10FD20000100D6E5010050E30500001A0030A0E311
:10FD30000220A0E30510A0E30300A0E1CEFFFFEB4B
:10FD40000180C6E5147086E50000D4E5070050E3A5
:10FD50000100009A0700A0E3F087BDE80100A0E3DE
:10FD6000CF0200EB0000D4E5300085E505FFFFEB96
:10FD7000040094E5000050E30100000A040086E559
:10FD8000000000EA047086E50100D6E5010050E3BA
:10FD9000E500001A0030A0E30220A0E30410A0E375
:10FDA0000300A0E1B4FFFFEB0000A0E3F087BDE893
:10FDB000140096E5000084E5DB0000EA147086E597
:10FDC000D90000EA010050E30B00000A020050E3F2
:10FDD0000500000A080050E31E00000A100050E36E
:10FDE0001200000A0700A0E3F087BDE80180C6E525
:10FDF000280095E5024080E3190000EA0280C6E58C
:10FE00000100A0E3A60200EB340095E5080080E3C2
:10FE1000340085E5280095E5010080E3280085E5AC
:10FE2000D8FEFFEB280095E5014080E30C0000EAD6
:10FE30000280C6E50100A0E3990200EB340095E5DD
:10FE4000100080E3340085E5CEFEFFEB280095E549
:10FE5000104080E3020000EA0280C6E5280095E534
:10FE6000084080E30100A0E38D0200EB284085E517
:10FE7000C4FEFFEBAC0000EA080050E33400000AC7
:10FE8000040000CA010050E31200000A020050E31F
:10FE90000400001A050000EA100050E31C00000AEC
:10FEA0003F0050E33400000A0700A0E3F087BDE8FC
:10FEB0000170C6E50100A0E3790200EB280095E59A
:10FEC0000200C0E3280085E50200A0E32C0085E5E0
:10FED000ACFEFFEB940000EA0270C6E50100A0E36F
:10FEE0006F0200EB280095E50100C0E3280085E5DE
:10FEF000A4FEFFEB0100A0E3690200EB340095E5EE
:10FF00000800C0E3340085E59EFEFFEB2C8085E50C
:10FF1000850000EA0270C6E50100A0E3600200EB84
:10FF2000280095E51000C0E3280085E595FEFFEB6D
:10FF30000100A0E35A0200EB340095E51000C0E395
:10FF4000340085E58FFEFFEB1000A0E32C0085E573
:10FF5000750000EA0270C6E50100A0E3500200EB64
:10FF6000280095E50800C0E3280085E585FEFFEB45
:10FF70000800A0E32C0085E56B0000EA0170C6E5EF
:10FF80000270C6E50100A0E3450200EB287085E59C
:10FF90003F00A0E32C0085E57AFEFFEB620000EA5B
:10FFA0000400A0E18EFEFFEB000050E35E00000ABB
:10FFB0000700A0E3F087BDE80100A0E3380200EBF2
:10FFC000340095E5010080E3340085E56DFEFFEB2C
:10FFD000340095E5010010E3FCFFFF0A520000EA3F
:10FFE0000100A0E32E0200EB340095E50100C0E320
:10FFF000020080E3340085E562FEFFEBFEFFFFEACE
:020000040001F9
:10000000040054E30000002A0440A0E3044044E25A
:100010000100A0E3220200EB340095E50F1004E29A
:100020000F0AC0E3010680E1340085E555FEFFEBD1
:100030003D0000EA0100A0E3190200EB340095E561
:10004000040080E3340085E54EFEFFEB360000EA55
:100050000100A0E3120200EB340095E50400C0E3C8
:10006000340085E547FEFFEB2F0000EA0030A0E3F7
:100070000820A0E30410A0E30300A0E1FEFEFFEBD4
:10008000000054E30100000A0C4086E5260000EA67
:100090000C7086E5240000EA0100A0E3000200EBFA
:1000A000340095E5800010E30100000A008084E53B
:1000B0001D0000EA007084E51B0000EA0280C6E52E
:1000C0000100A0E3F60100EB340095E570109FE518
:1000D000010000E0340085E52AFEFFEB0100A0E30B
:1000E000EF0100EB340095E50F1AC4E30F04C0E301
:1000F000FF08C0E3010880E1100080E3340085E5DB
:1001000020FEFFEB0280C6E50100A0E3E40100EB66
:10011000280095E5100080E3280085E519FEFFEB37
:10012000000059E30000000A109086E50000A0E3FB
:10013000F087BDE80700A0E3F087BDE8004000B805
:10014000E4FE0200EFFF00F010402DE958C29FE5E9
:1001500014209CE5FF3002E20030C1E518209CE548
:10016000102081E544229FE5000050E30300000ACF
:10017000010050E30600000A0700A0E31080BDE87C
:1001800010409CE5184082E50CC09CE51CC082E54F
:10019000030000EA20409CE5184082E51CC09CE575
:1001A0001CC082E518C092E50FC60CE22CCAA0E183
:1001B00020C082E518C092E50FC80CE22CC8A0E16F
:1001C00024C082E518C092E501CA0CE22CC6A0E169
:1001D00028C082E518C092E50FCC0CE22CC4A0E147
:1001E0002CC082E518C092E530C00CE22CC2A0E120
:1001F00030C082E518C092E50FC00CE234C082E541
:1002000020C092E50CC18CE08CC0A0E1244092E5B6
:1002100004C08CE07DCE8CE21CC081E528C092E554
:100220000CC18CE08CC0A0E12C4092E504C08CE0B5
:1002300018C081E530C092E50CC18CE08CC0A0E113
:10024000344092E504C08CE014C081E51CC092E506
:1002500003C60CE22CCAA0E138C082E51CC092E5BE
:100260000FC80CE22CC8A0E13CC082E51CC092E59E
:1002700007CA0CE22CC6A0E140C082E51CC092E592
:100280000FCC0CE22CC4A0E144C082E51CC092E576
:1002900070C00CE22CC2A0E148C082E51CC092E50F
:1002A0000FC00CE24CC082E5000053E31300000ACB
:1002B000380092E5000180E08000A0E13C3092E54A
:1002C000030080E00C0081E5400092E5000180E041
:1002D0008000A0E1443092E5030080E0080081E561
:1002E000480092E5000180E08000A0E14C2092E50A
:1002F000020080E0040081E50000A0E31080BDE87A
:10030000383092E5033183E08330A0E13CC092E5D0
:100310000C3083E00C3081E5000050E30140A0E3A5
:1003200002C0A0E30400000A0C0053E30E00002A00
:10033000000053E30800000A090000EA150053E337
:100340000300003A01C0C1E5140043E20C0081E55E
:10035000080000EA0140C1E5060000EA0C00A0E345
:100360000C0081E50140C1E5020000EA0C0043E217
:100370000C0081E501C0C1E5400092E5000180E08C
:100380008000A0E1443092E5030080E0080081E5B0
:10039000480092E5000180E08000A0E14C2092E559
:1003A000020080E0040081E5D2FFFFEA004000B8CF
:1003B000E4FE0200F0412DE90140A0E1181094E5AF
:1003C000000051E30100000A0C0051E30100009A13
:1003D0000120A0E3000000EA0020A0E31C3094E527
:1003E0007D3E43E2630053E30100009A01C0A0E3B5
:1003F000000000EA00C0A0E30C5082E1142094E564
:10040000000052E30100000A1F0052E30100009ABD
:1004100001C0A0E3000000EA00C0A0E305C09CE129
:100420000100000A0100A0E3F081BDE8630053E38E
:100430000100009A0100A0E3F081BDE8000051E353
:100440000100000A0C0051E30100009A0100A0E342
:10045000F081BDE8000052E30100000A1F0052E3F2
:100460000100009A0100A0E3F081BDE80010D4E58E
:10047000000051E30300000A010051E30800000AF4
:100480000300A0E3F081BDE80C2094E5000052E3F6
:100490000100000A0C0052E30600009A0300A0E3EA
:1004A000F081BDE80C2094E5170052E30100009AAA
:1004B0000300A0E3F081BDE8082094E53B0052E38F
:1004C0000100009A0300A0E3F081BDE8042094E558
:1004D0003B0052E30100009A0300A0E3F081BDE875
:1004E000102094E5060052E30100009A0400A0E306
:1004F000F081BDE8A0539FE5A0639FE5000050E3B5
:100500000070A0E30300000A010050E36900000A44
:100510000700A0E3F081BDE8000051E35100000AAC
:100520000170A0E30070C5E50100A0E3DC0000EB72
:10053000147086E513FDFFEB0C0094E50A10A0E3B0
:10054000CEC7FFEB380085E53C1085E5080094E553
:100550000A10A0E3C9C7FFEB400085E5441085E51C
:10056000040094E50A10A0E3C4C7FFEB480085E54A
:100570004C1085E5380095E5000AA0E13C1095E5B2
:10058000010880E1401095E5010680E1441095E501
:10059000010480E1481095E5010280E14C1095E5E9
:1005A000010080E1180085E50100A0E3BC0000EB3C
:1005B000180095E50C0086E5F2FCFFEB1C0094E5C5
:1005C0000A10A0E37D0E40E2ACC7FFEB200085E5FA
:1005D000241085E5180094E50A10A0E3A7C7FFEBF7
:1005E000280085E52C1085E5140094E50A10A0E3A9
:1005F000A2C7FFEB300085E5341085E5200095E5C6
:10060000000AA0E1241095E5010880E1281095E595
:10061000010680E12C1095E5010480E1301095E59C
:10062000010280E1341095E5010080E1180085E5C4
:100630000100A0E39A0000EB180095E5100086E5A4
:10064000D0FCFFEB0100A0E3950000EB100094E567
:10065000180086E5CBFCFFEB0000D4E5000050E37A
:100660000C00000A110000EA0070C5E50100A0E3DB
:100670008B0000EB147086E5C2FCFFEB0100D4E5B3
:10068000020050E3ABFFFF1A0C0094E5140080E277
:100690000C0084E5A7FFFFEA0100D4E5020050E367
:1006A0000200001A0C0094E5140040E20C0084E5FE
:1006B0000000A0E3F081BDE80100A0E3780000EBBA
:1006C000340096E50800C0E3340086E5ADFCFFEB9E
:1006D000087085E51C0094E50A10A0E37D0E40E259
:1006E00066C7FFEB200085E5241085E5180094E53A
:1006F0000A10A0E361C7FFEB280085E52C1085E513
:10070000140094E50A10A0E35CC7FFEB300085E518
:10071000341085E51000D4E5800EA0E1A002A0E130
:10072000201095E5010A80E1241095E5010880E19B
:10073000281095E5010680E12C1095E5010480E183
:10074000301095E5010280E1341095E5010080E16B
:10075000180085E50100A0E3510000EB180095E5C5
:10076000200086E587FCFFEB0000D5E5000050E3A4
:100770000500001A0100D4E5020050E30200001A4F
:100780000C0094E5140080E20C0084E50C0094E574
:100790000A10A0E339C7FFEB380085E53C1085E57A
:1007A000080094E50A10A0E334C7FFEB400085E59C
:1007B000441085E5040094E50A10A0E32FC7FFEB81
:1007C000480085E54C1085E52800D4E5800FA0E1C0
:1007D000A000A0E1381095E5010A80E13C1095E504
:1007E000010880E12410D4E5011001E2810E80E1CE
:1007F000401095E5010680E1441095E5010480E193
:100800002010D4E5011001E2010E80E1481095E5C9
:10081000010280E14C1095E5010080E1180085E5BA
:100820000100A0E31E0000EB180095E51C0086E522
:1008300054FCFFEB0000D4E5000050E30500001A73
:100840000100D4E5020050E30200001A0C0094E518
:10085000140040E20C0084E52C0094E5000050E315
:100860000000000A080085E50030A0E30120A0E3B5
:100870000410A0E30300A0E1FFFCFFEB0100A0E3F4
:10088000070000EB340096E5080080E3340086E5BD
:100890003CFCFFEB0000A0E3F081BDE8E4FE0200B9
:1008A000004000B878402DE90050A0E135FCFFEB96
:1008B0008C309FE58C409FE5000055E30060A0E38D
:1008C0001200000A80009FE5040083E52DFCFFEB89
:1008D00000608DE5050000EA040093E5010810E3DF
:1008E0000500001A00009DE5010080E200008DE592
:1008F00000009DE5040050E1F6FFFFBA00009DE511
:10090000040050E10C00001A0600A0E37880BDE866
:1009100000608DE5050000EA040093E5000050E367
:100920000500000A00009DE5010080E200008DE561
:1009300000009DE5040050E1F6FFFFBA0000A0E3CF
:100940007880BDE8004000B8FF0F000065A90000F6
:10095000F0412DE90050A0E10140A0E1E8809FE5D1
:100960000060A0E30000D8E59970A0E3400010E328
:100970000600000A0060C4E50160C4E50260C4E549
:100980000370C4E50470C4E50570C4E5F081BDE8FA
:100990001C00D5E57D0E40E2FF0000E280D6FFEBB3
:1009A0000000C4E51800D5E57DD6FFEB0100C4E5E5
:1009B0001400D5E57AD6FFEB0200C4E50C00D5E5BE
:1009C00077D6FFEB0300C4E50800D5E574D6FFEB4E
:1009D0000400C4E50400D5E571D6FFEB0500C4E5CD
:1009E0000010D4E5990051E30D00008A0110D4E510
:1009F000120051E30A00008A0210D4E5310051E3ED
:100A00000700008A0310D4E5230051E30400008AA4
:100A10000410D4E5590051E30100008A590050E365
:100A2000D9FFFF9A0060C4E50160C4E50260C4E537
:100A30000370C4E50470C4E50570C4E5000098E5E2
:100A4000400080E3000088E5F081BDE8CCF80200BA
:100A5000F8402DE90060A0E10040A0E350109FE5C0
:100A6000060486E0860480E0005181E0080000EA88
:100A7000840084E080C185E014109CE5000051E30F
:100A80000700000A00108DE50F009CE9AFD8FFEBCE
:100A9000014084E2000C95E5040050E1F3FFFFCA39
:100AA000F880BDE800608DE50F009CE9D2D8FFEB2F
:100AB000F6FFFFEA2431040070402DE90040A0E376
:100AC00084609FE584509FE5001096E5200084E255
:100AD000800180E0010080E0DAD0FFEB031014E237
:100AE0000600000A010051E30700000A020051E37A
:100AF0000900000A030051E30E00001A0A0000EA90
:100B00002411A0E1010285E70A0000EA2411A0E116
:100B1000011285E0040081E5060000EA2411A0E14D
:100B2000011285E0080081E5020000EA2411A0E13D
:100B3000011285E00C0081E5010084E20148C0E378
:100B4000400054E3DFFFFF3A7080BDE8DCF80200AC
:100B50000003030010402DE9340700EB483100EB9F
:100B60000119A0E3050DA0E388DFFFEB021AA0E363
:100B7000050DA0E385DFFFEB50409FE50400A0E1F9
:100B8000732C00EB011AA0E3050DA0E37FDFFFEB60
:100B90000010A0E30400A0E16D2C00EB011081E245
:100BA000FF1001E2C80051E3F9FFFF3A253100EBE5
:100BB0001C009FE5662C00EB011AA0E3050DA0E3E5
:100BC0003AE0FFEB0400A0E11040BDE8602C00EA31
:100BD000FC0800000C300000F0432DE95FDF4DE21F
:100BE0000290A0E308039FE5EAD4FFEB0120A0E315
:100BF000031C8FE20000A0E3433500EBF8029FE501
:100C00000120A0E3BB1F8FE23F3500EBBB1F8FE24B
:100C1000120E8DE26E3600EBF4529FE5050050E3B4
:100C20000600000AEC629FE50D40A0E1000096E599
:100C3000541090E5010011E30600000A080000EAE4
:100C4000000095E5020880E3000085E50000A0E3D0
:100C50005FDF8DE2F083BDE8580090E5010010E30E
:100C60003D00000A0D10A0E1120E8DE2453700EBA9
:100C7000000050E33800001A1A00DDE5000050E3E0
:100C80003500000A2E0050E3E7FFFF0A0C00DDE507
:100C9000100010E3E4FFFF1A0620A0E39E1F8FE27E
:100CA0001A0084E2DEBFFFFA000050E3DEFFFF1A05
:100CB0009B1F8FE21A0084E2CFBFFFFA000050E3CF
:100CC0000400001A261E8FE21A0084E2CABFFFFA4F
:100CD000000050E3D4FFFF0A14629FE52A10A0E34E
:100CE000120086E267C0FFEB1A0084E2FCBFFFFA45
:100CF0000020A0E11A1084E2120086E20FC0FFEB90
:100D00000120A0E3001086E2400086E21F3500EBE0
:100D1000000050E31000001A1A0084E2F0BFFFFA4E
:100D2000180050E30700003A1A0084E2ECBFFFFA13
:100D3000280050E30300008A0190A0E31F0E8FE219
:100D40009F6500EB040000EA1A0084E2E4BFFFFAAA
:100D50000A0050E30000001A0090A0E3E0819FE544
:100D6000E0419FE5E0619FE5010059E30070A0E3E9
:100D70000600000A000059E38B00000A000095E518
:100D8000020880E3000085E50000A0E3AFFFFFEA72
:100D9000140096E5000050E30300001AAC019FE543
:100DA0005EBDFFFA100086E5140086E5140096E5A6
:100DB000000050E30D00000A000094E52010A0E3BD
:100DC000575F00EB000094E5020180E3100086E528
:100DD0007C219FE57C019FE50030A0E3203300EB00
:100DE000000050E30500000A0000A0E397FFFFEABF
:100DF00060019FE5023300EB0000A0E393FFFFEAF0
:100E00000309A0E3200086E574718DE570718DE51E
:100E1000200096E5021980E2FD1D81E278118DE542
:100E200078119DE53F0011E31D00001A030950E30E
:100E30000900000A20319FE518019FE5001094E5A4
:100E40000228A0E32F3600EB0090A0E1240096E5F5
:100E5000020850E31700001A0B0000EAFC008FE2C2
:100E6000576500EBF0309FE5E8009FE5101096E530
:100E70000228A0E3233600EB0090A0E1E8008FE217
:100E80004F6500EB8F5B00EBEFFFFFEA000059E3DB
:100E90000800001A78119DE5000094E50120A0E308
:100EA0002D0200EB200096E5010080E2200086E59F
:100EB000FB0C50E3D3FFFF3A140096E5000050E32B
:100EC0002C00000A30BDFFFA107086E5147086E52C
:100ED00080009FE5CA3200EB000050E32900000AC1
:100EE000000095E5010280E3000085E50000A0E335
:100EF00056FFFFEA909C0400333A0000E82E0400FD
:100F0000333A2F42454C4D4F4E545F4241434B556F
:100F100050000000CCF80200C4FF02004241434BE5
:100F2000555000002E747874000000002E54585460
:100F30000000000066696C655F666F726D61743DEC
:100F4000310D0A008CF80200E8F70200F8F90200FF
:100F5000400002001600FE05D09C04001CFA0200AE
:100F6000665F72656164310D0A000000665F72653C
:100F70006164320D0A00000028001FE5A03200EB7A
:100F80000000A0E331FFFFEA200096E5FB0C50E3F0
:100F90000100000A0000A0E32CFFFFEAFC0000EBC8
:100FA0000070C8E50100A0E328FFFFEA0020A0E3ED
:100FB00060001FE50230A0E1A93200EB000050E321
:100FC0000100000A0000A0E320FFFFEAB0009FE557
:100FD000200086E574718DE570718DE5200096E541
:100FE00078018DE578019DE53F0010E30D00001AC2
:100FF0009C301FE5A4001FE5001094E50228A0E343
:10100000C03500EB241096E5020851E30A00001AEF
:10101000000050E30800001A78119DE5000094E5F7
:101020000120A0E3CC0100EB200096E5010080E266
:10103000200086E57B0B50E3E5FFFF3AEC001FE55F
:101040006F3200EB000050E30400000A000095E559
:10105000010280E3000085E50000A0E3FBFEFFEA5B
:10106000200096E57B0B50E30100000A0000A0E39E
:10107000F6FEFFEAC60000EB0070C8E50100A0E341
:10108000F2FEFFEA407F0100FE4F2DE90050A0E193
:101090000170A0E103A0A0E1BC029FE5104090E533
:1010A000B8B29FE5B820CBE1B4029FE518908BE27F
:1010B0000020D0E5000099E5071085E0340052E3F8
:1010C000020680E3041041E00500002A94229FE517
:1010D000020051E10800003A000089E50500A0E1A6
:1010E000FE8FBDE880229FE5020051E10200003A38
:1010F000000089E50500A0E1FE8FBDE80560A0E1E4
:10110000910000EA0000A0E300008DE504008DE5F9
:10111000A505A0E108008DE508009DE540008BE5F0
:1011200034829FE5100098E5040050E12B00001A7E
:1011300002005AE32900001A08009DE53F0010E371
:101140002600000A08009DE53F0000E20400CBE510
:1011500008109DE5000041E008008DE508109DE5C0
:101160000C0098E50120A0E3E6E9FFEB120000EA9D
:101170000C1098E5022BA0E3800581E00410A0E1AB
:10118000EEBEFFEB024B84E2026B86E2025B85E27D
:10119000070054E10500003ABC019FE508109DE5F9
:1011A0000C0090E50120A0E36B0100EB680000EA71
:1011B0000400DBE5010080E20400CBE50400DBE590
:1011C000400050E3E9FFFF3A08109DE50C0098E568
:1011D0000120A0E3600100EB024B44E2590000EA69
:1011E00010009BE5022BA0E30410A0E1D3BEFFEBAF
:1011F0000000A0E374819FE5010080E20108C0E3E4
:10120000080050E1FBFFFF3A08009DE53F0010E3B6
:101210000700001A020884E2070050E10100009A6A
:1012200002005AE30B00000A08009DE52003A0E13C
:1012300039EEFFEB0000A0E3010080E20108C0E30B
:10124000080050E1FBFFFF3A08009DE50005A0E122
:101250002088A0E11E0000EAFC509FE508109DE5F3
:101260000C0095E50120A0E3A6E9FFEB0000A0E358
:101270000400CBE5090000EA0410DBE50C0095E56D
:10128000022BA0E3810580E00410A0E1ABBEFFEBE0
:101290000400DBE5010080E20400CBE5024B84E2C0
:1012A000070054E1F3FFFF3A08109DE50C0095E5B7
:1012B0000120A0E3280100EB250000EA0800A0E1DE
:1012C0001DC8FFEB35C8FFEB000099E5020110E3F4
:1012D0000600001A08009DE510209BE5023BA0E3F4
:1012E0000010A0E31CEFFFEB010050E3F2FFFF0A48
:1012F000026B86E2025B85E264009FE50000D0E5B8
:10130000340050E30700002A58009FE5000056E132
:101310000C00003A000099E5020680E3000089E530
:101320000500A0E1FE8FBDE83C009FE5000056E10E
:101330000400003A000099E5020680E3000089E518
:101340000500A0E1FE8FBDE8024B84E2070054E1F6
:101350006BFFFF3A0600A0E1FE8FBDE8C02C030042
:10136000B4F8020061F702000000220B0000F20B4B
:101370001804000014C09FE514C09CE580018CE0B7
:10138000B020C0E1B230C0E1041080E51EFF2FE1C3
:10139000C02C0300FF412DE90700A0E3670800EB24
:1013A00058439FE50400A0E1DCBBFFFA50539FE5E2
:1013B000140085E52010A0E3D95D00EB200080E259
:1013C000020180E3140085E50400A0E1D3BBFFFA2D
:1013D000180085E52010A0E3D15D00EB200080E23D
:1013E000020180E3180085E5000050E30100000AD7
:1013F0000217A0E3A3BEFFEB08039FE5C7BBFFFAFC
:10140000200085E52010A0E3C55D00EB200080E210
:10141000020180E3200085E5000050E30100000A9E
:101420000117A0E397BEFFEBDC029FE5BBBBFFFA11
:101430001C0085E52010A0E3B95D00EB200080E2F0
:10144000020180E31C0085E5210DA0E3B3BBFFFA98
:10145000B8429FE5000084E52010A0E3B05D00EBFA
:10146000200080E2020180E3000084E5021BA0E38B
:1014700084BEFFEB98029FE5A8BBFFFA94429FE56C
:10148000000084E52010A0E3A55D00EB200080E2D1
:10149000020180E3000084E57C129FE579BEFFEB4A
:1014A00078029FE59DBBFFFA74429FE5000084E54A
:1014B0002010A0E39A5D00EB200080E2020180E3AF
:1014C000000084E5021AA0E36EBEFFEB54029FE524
:1014D00092BBFFFA50629FE5080086E52010A0E36A
:1014E0008F5D00EB200080E2020180E3080086E5CA
:1014F00038129FE5000081E5210DA0E387BBFFFACC
:101500002C429FE5000084E52010A0E3845D00EB01
:10151000200080E2020180E3000084E5021BA0E3DA
:1015200058BEFFEB110DA0E37CBBFFFA04429FE520
:10153000000084E52010A0E3795D00EB200080E24C
:10154000020180E3000084E5011BA0E34DBEFFEB38
:10155000810DA0E371BBFFFADC419FE5000084E54B
:101560002010A0E36E5D00EB200080E2020180E32A
:10157000000084E5021AA0E342BEFFEB210DA0E3C8
:1015800066BBFFFAB4419FE5000084E52010A0E3AC
:10159000635D00EB200080E2020180E3000084E54F
:1015A000021BA0E337BEFFEB0010A0E390219FE5F4
:1015B000553FA0E30100A0E1DAEDFFEB0070A0E3EE
:1015C0000C708DE50000A0E374419FE50C109DE5D3
:1015D0000020D4E7021081E00C108DE5010080E2CC
:1015E0000108C0E3150E50E3F7FFFF3A0810A0E32F
:1015F000070DA0E3A3DDFFEB48119FE5000050E3DA
:101600000D00000A080094E53C219FE5020050E12E
:101610000600001A0C009DE5502194E5020050E1FF
:101620000200001A0C0094E5500050E30200009AFA
:101630000000D1E5010050E30300000A0000D1E5FD
:10164000000050E30B00000A0B0000EA0600A0E3D4
:10165000BA0700EB0000A0E32FEDFFEB0010A0E3C2
:10166000DC209FE5553FA0E30100A0E13AEEFFEB4F
:10167000835300EBFEFFFFEA0C7084E5140095E550
:10168000C8109FE50420A0E39EE8FFEBC0109FE593
:10169000080096E50120A0E39AE8FFEB63C7FFEBA3
:1016A000B0009FE50000D0E5000050E31200001AF2
:1016B0000D20A0E10110A0E30000A0E346F8FFEB3D
:1016C0000008A0E12008A0E1FF1C40E2FF1051E269
:1016D0000900000A00109DE5320E51E30600001AD1
:1016E00004109DE51E0E51E30300001A001095E55D
:1016F000083095E50D20A0E13D4F00EBFF81BDE8EE
:1017000040000800C02C03004000040040B80B005B
:10171000D8F8020004060000DCF80200C40500004E
:101720004120000044F9020040000200E0F70200FE
:101730000005030094F7020098F70200C0F70200CA
:1017400090F70200145904005DF70200393837366B
:10175000407E0100407F01005CF70200F74F2DE959
:1017600010D04DE20190A0E110B29FE50080A0E30F
:1017700000808DE53F0019E30200000A0000A0E3AD
:101780001CD08DE2F08FBDE8F4019FE50110A0E3CD
:101790000210C0E50050A0E3710000EA04808DE56E
:1017A00008808DE5057089E00C708DE50C009DE5E5
:1017B0003F0010E30200001A0C009DE52003A0E1A9
:1017C000D5ECFFEB10009DE5022BA0E3851580E032
:1017D000B0019FE559BDFFEB0000A0E3A4119FE518
:1017E00000209DE50030D1E7036082E000608DE5D8
:1017F000010080E2020B50E3F8FFFF3A84219FE5ED
:101800000C009DE5023BA0E30010A0E3D2EDFFEB4E
:10181000000050E30500000A0C009DE50005A0E172
:101820002008A0E1C4C6FFEBDCC6FFEBCFFFFFEA58
:101830000000A0E3010080E20108C0E3020B50E3D6
:10184000FBFFFF3A38419FE50C009DE5242094E51D
:10185000023BA0E30010A0E332EDFFEB24019FE583
:10186000241094E5022BA0E3EDBCFFFA000050E346
:101870000500000A0C009DE50005A0E12008A0E19C
:10188000ADC6FFEBC5C6FFEBB8FFFFEA3F00A0E324
:101890000500D0E13100001A0040A0E3E8A09FE578
:1018A0003F7047E204019AE7000057E12700001A61
:1018B000060054E304F18F30200000EA1D0000EA26
:1018C000190000EA150000EA110000EA080000EA29
:1018D000FFFFFFEA0000DBE5010080E30000CBE54D
:1018E000A8009FE5001090E5A4009FE5001080E5AA
:1018F000120000EA0000DBE5020080E30000CBE517
:1019000088009FE5001090E584009FE5001080E5C9
:101910000A0000EA0300A0E3670700EB070000EA03
:101920000200A0E3640700EB040000EA0100A0E36A
:10193000610700EB010000EA0000A0E35E0700EB96
:1019400050009FE5046180E70700A0E35A0700EB21
:10195000014084E2060054E3D1FFFF3A00808DE5A8
:10196000015085E218009DE5000355E18AFFFF3A2A
:101970000C009FE50280C0E50100A0E37FFFFFEAC5
:101980005EFA0200B4F80200885B0400F8EE020080
:10199000D8FC020068FA0200709F040010402DE994
:1019A0007A0300EBE8409FE53C2094E5401094E585
:1019B0000000A0E3010052E10C00002A401094E571
:1019C000000051E30900000A401094E53C2094E532
:1019D000021041E0FA0F51E30300009AB011D4E184
:1019E000B211C4E13C0084E5400084E51080BDE80C
:1019F0003C1094E5402094E5020051E10400003AD7
:101A0000401094E5FA0F51E30100009A3C0084E590
:101A1000400084E5B001D4E1B211D4E1010050E10D
:101A20001900000A0120A0E30820C4E5022BA0E36E
:101A300074DBFFEB0020A0E10030A0E3381094E558
:101A4000090000EAB2C1D4E1300094E50C00D0E70F
:101A50000300C1E7B201D4E1010080E27E0BC0E3E4
:101A6000B201C4E1010083E20138C0E3020053E1A6
:101A7000F3FFFF3A400094E5020080E0400084E577
:101A800010009FE50800D0E5E56800EB1040BDE8D8
:101A9000400300EA60F70200002D040008009FE503
:101AA000201190E504008FE2456200EA002000B8B2
:101AB000495352206E6F7420666F756E6421204901
:101AC000534E523D25640A00F8432DE90000A0E37F
:101AD00000008DE54C029FE50000D0E5030050E3D7
:101AE0008F00001A0140A0E33C829FE53C529FE535
:101AF0003C629FE53C929FE5040285E0080090E58A
:101B0000080050E300F18F30620000EA610000EA53
:101B1000050000EA110000EA320000EA3D0000EA98
:101B2000470000EA460000EA500000EA0300D8E55A
:101B3000F00050E35700002A041295E72002A0E1CC
:101B4000051481E2FA1881E2A115A0E1001381E0F9
:101B5000040196E70120A0E3FFFEFFEB4D0000EA41
:101B60000370D8E5F00057E34A00002AC8019FE55A
:101B70006410A0E3000090E540C2FFEBBC119FE5BC
:101B8000BC219FE5B010D1E1920101E0810180E02C
:101B9000B0119FE5001091E5000041E000008DE5E7
:101BA000040196E70F1007E2810680E0040080E25E
:101BB0000420A0E30D10A0E160BCFFEB040295E758
:101BC0000310D8E5050480E2FA0880E2A005A0E150
:101BD0002112A0E1011380E0040196E70120A0E3B7
:101BE000DDFEFFEB2B0000EA040295E70120A0E3F5
:101BF000050480E2FA0880E2A015A0E1040196E75E
:101C0000D5FEFFEB040196E73C119FE50120A0E320
:101C1000D1FEFFEB1F0000EA040295E7841084E088
:101C2000050480E2011199E7FA0880E2A005A0E12D
:101C3000011380E0040196E70120A0E3C6FEFFEB5C
:101C4000140000EA040295E7841084E0050480E2B1
:101C5000011199E7FA0880E2A005A0E1011380E0F4
:101C6000040196E70120A0E3BBFEFFEB090000EAB8
:101C7000040295E7841084E0050480E2011199E7ED
:101C8000FA0880E2A005A0E1011380E0040196E7D4
:101C90000120A0E3B0FEFFEB010084E2FF4000E280
:101CA000100054E393FFFF3AA0009FE50810A0E363
:101CB000000090E56813C0E58C13C0E590009FE537
:101CC0000000D0E5400010E30300000A9900A0E303
:101CD0000400C8E50500C8E5040000EA74009FE5BB
:101CE0000010D0E50410C8E50100D0E50500C8E506
:101CF0004C3500EB160700EB7B6F00EBD90B00EBCC
:101D000058409FE550109FE5000094E50120A0E3B6
:101D100091FEFFEB48109FE5000094E50120A0E351
:101D20008DFEFFEBF883BDE88CF80200382C030031
:101D30000003030000050300986B0400A8F70200ED
:101D40003CF9020085EB5100A4F7020080EB010092
:101D5000DCF80200CCF80200CCF70200C0EB010076
:101D6000E8F70200407F010008209FE5000082E5BF
:101D7000041082E51EFF2FE148F7020070402DE9B4
:101D80000040A0E10150A0E10260A0E10030A0E32A
:101D90000320A0E10910A0E30300A0E1B15B00EB88
:101DA0000010A0E30620A0E30100A0E1ED5C00EB41
:101DB0000030A0E30320A0E10310A0E10300A0E1B4
:101DC000A85B00EB0000A0E3785B00EB000050E3B1
:101DD000FBFFFF1A0030A0E30320A0E10A10A0E3FC
:101DE0000300A0E19F5B00EB0030A0E30320A0E133
:101DF0000910A0E30300A0E19A5B00EB0010A0E350
:101E00000220A0E30100A0E1D65C00EB0030A0E3DB
:101E10000320A0E10310A0E10300A0E1915B00EB2F
:101E20000000A0E3615B00EB000050E3FBFFFF1A42
:101E30000404A0E1202CA0E10010A0E30100A0E137
:101E4000C85C00EB0030A0E30320A0E10310A0E198
:101E50000300A0E1835B00EB0000A0E3535B00EB19
:101E6000000050E3FBFFFF1A0408A0E1202CA0E1D2
:101E70000010A0E30100A0E1BA5C00EB0030A0E399
:101E80000320A0E10310A0E10300A0E1755B00EBDB
:101E90000000A0E3455B00EB000050E3FBFFFF1AEE
:101EA0000010A0E3FF2004E20100A0E1AD5C00EB24
:101EB0000030A0E30320A0E10310A0E10300A0E1B3
:101EC000685B00EB0000A0E3385B00EB000050E330
:101ED000FBFFFF1A0040A0E30D0000EA0010A0E3A2
:101EE0000420D5E70100A0E19E5C00EB0030A0E3F8
:101EF0000320A0E10310A0E10300A0E1595B00EB87
:101F00000000A0E3295B00EB000050E3FBFFFF1A99
:101F1000014084E2060054E1EFFFFF3A0030A0E305
:101F20000320A0E10A10A0E30300A0E14D5B00EB59
:101F30007040BDE84A0100EAF0412DE90060A0E1EF
:101F40000170A0E10250A0E1060AB0E11B00001AF6
:101F5000010A55E31900008A0600A0E1E50000EB44
:101F6000010C55E30100009A014CA0E3110000EAC6
:101F70000540A0E10F0000EA0420A0E10710A0E165
:101F80000600A0E17CFFFFEB040045E00058A0E163
:101F90002558A0E1000055E30100000A047087E025
:101FA000046086E0010C55E30100009A014CA0E3B7
:101FB000000000EA0540A0E1000054E3EDFFFF1A35
:101FC000F081BDE870402DE90050A0E10160A0E182
:101FD0000508B0E10E00001A020852E30C00001AD6
:101FE0000040A0E3012AA0E30610A0E10500A0E163
:101FF000D0FFFFEB1F0054E30100000A015A85E205
:10200000016A86E2010084E20148C0E3200054E353
:10201000F3FFFF3A7080BDE870402DE90040A0E179
:102020000150A0E10260A0E10030A0E30320A0E1A4
:102030000910A0E30300A0E10A5B00EB0010A0E39D
:102040000320A0E30100A0E1465C00EB0030A0E328
:102050000320A0E10310A0E10300A0E1015B00EB7D
:102060000000A0E3D15A00EB000050E3FBFFFF1A91
:102070000404A0E1202CA0E10010A0E30100A0E1F5
:10208000385C00EB0030A0E30320A0E10310A0E1E6
:102090000300A0E1F35A00EB0000A0E3C35A00EBF9
:1020A000000050E3FBFFFF1A0408A0E1202CA0E190
:1020B0000010A0E30100A0E12A5C00EB0030A0E3E7
:1020C0000320A0E10310A0E10300A0E1E55A00EB2A
:1020D0000000A0E3B55A00EB000050E3FBFFFF1A3D
:1020E0000010A0E3FF2004E20100A0E11D5C00EB72
:1020F0000030A0E30320A0E10310A0E10300A0E171
:10210000D85A00EB0000A0E3A85A00EB000050E30F
:10211000FBFFFF1A0040A0E3110000EA0020A0E34B
:102120000210A0E10200A0E10E5C00EB0030A0E391
:102130000320A0E10310A0E10300A0E1C95A00EBD5
:102140000000A0E3995A00EB000050E3FBFFFF1AE8
:102150000010A0E30100A0E1EA5B00EB0400C5E78A
:10216000014084E2060054E1EBFFFF3A7040BDE815
:10217000BB0000EAF0412DE90060A0E10170A0E1A0
:102180000250A0E1060AB0E11900001A010A55E365
:102190001700008A010C55E30100009A014CA0E3EE
:1021A000110000EA0540A0E10F0000EA0420A0E1D0
:1021B0000710A0E10600A0E196FFFFEB040045E058
:1021C0000058A0E12558A0E1000055E30100000AF5
:1021D000046086E0047087E0010C55E30100009A7A
:1021E000014CA0E3000000EA0540A0E1000054E338
:1021F000EDFFFF1AF081BDE870402DE90050A0E12D
:102200000160A0E10508B0E10E00001A020852E3E7
:102210000C00001A0040A0E3012AA0E30610A0E190
:102220000500A0E1D2FFFFEB1F0054E30100000A0C
:10223000015A85E2016A86E2010084E20148C0E3B6
:10224000200054E3F3FFFF3A7080BDE810402DE911
:102250000030A0E30320A0E10910A0E30300A0E107
:10226000805A00EB0010A0E30520A0E30100A0E1EC
:10227000BC5B00EB0030A0E30320A0E10310A0E171
:102280000300A0E1775A00EB0000A0E3475A00EBFF
:10229000000050E3FBFFFF1A0020A0E30210A0E1C2
:1022A0000200A0E1AF5B00EB0030A0E30320A0E15F
:1022B0000310A0E10300A0E16A5A00EB0000A0E3D4
:1022C0003A5A00EB000050E3FBFFFF1A0010A0E3B6
:1022D0000100A0E18B5B00EBFF4000E20030A0E3D7
:1022E0000320A0E10A10A0E30300A0E15D5A00EB87
:1022F0000400A0E11080BDE810402DE90040A0E1FD
:102300000030A0E30320A0E10910A0E30300A0E156
:10231000545A00EB0010A0E30620A0E30100A0E166
:10232000905B00EB0030A0E30320A0E10310A0E1EC
:102330000300A0E14B5A00EB0000A0E31B5A00EBA6
:10234000000050E3FBFFFF1A0030A0E30320A0E1F0
:102350000A10A0E30300A0E1425A00EB0030A0E322
:102360000320A0E10910A0E30300A0E13D5A00EB27
:102370000010A0E32020A0E30100A0E1795B00EBC6
:102380000030A0E30320A0E10310A0E10300A0E1DE
:10239000345A00EB0000A0E3045A00EB000050E3C5
:1023A000FBFFFF1A0404A0E1202CA0E10010A0E331
:1023B0000100A0E16B5B00EB0030A0E30320A0E193
:1023C0000310A0E10300A0E1265A00EB0000A0E307
:1023D000F65900EB000050E3FBFFFF1A0408A0E1F0
:1023E000202CA0E10010A0E30100A0E15D5B00EB68
:1023F0000030A0E30320A0E10310A0E10300A0E16E
:10240000185A00EB0000A0E3E85900EB000050E38D
:10241000FBFFFF1A0010A0E3FF2004E20100A0E18F
:10242000505B00EB0030A0E30320A0E10310A0E12B
:102430000300A0E10B5A00EB0000A0E3DB5900EB26
:10244000000050E3FBFFFF1A0030A0E30320A0E1EF
:102450000A10A0E30300A0E1025A00EB1040BDE81F
:102460000000A0E110402DE977FFFFEB010000E242
:10247000000050E3FBFFFF1A1080BDE8FF20A0E33F
:102480000210A0E10000A0E388D0FFEAF0412DE9AE
:102490000040A0E370009FE5000090E50251C0E31A
:1024A00068709FE5FF20A0E30710A0E10500A0E110
:1024B00070BAFFEB0060A0E3A400A0E1321EA0E32D
:1024C000EEBFFFEB0100A0E12810A0E3EBBFFFEBA4
:1024D000000051E30000001AB46085E1191DA0E37B
:1024E0000400A0E1E5BFFFEB2810A0E3E3BFFFEB92
:1024F000000051E30000001AB46085E1024084E26C
:10250000070054E1EBFFFF3AF081BDE8C02C030067
:1025100000B80B00FF412DE90040A0E3C0008FE2AE
:102520000E0090E80C0090E50C008DE50E008DE8A3
:10253000BC009FE50080A0E30C8080E5B4609FE5CF
:10254000B4509FE50000D6E5010050E30400001AF6
:102550000080C6E5A4109FE52A20A0E30000A0E3C8
:10256000F2D3FFEB0400A0E16BE9FFEB0070A0E108
:102570000710A0E188008FE2915F00EB000057E3B5
:102580000300000A000095E5010080E2000085E5F7
:10259000020000EA001095E574008FE2885F00EB0E
:1025A000010084E20148C0E3020B54E3E4FFFF3A78
:1025B000001095E558008FE2815F00EB001095E573
:1025C000270051E30200009A54008FE27C5F00EB89
:1025D000FEFFFFEA10D08DE2F041BDE830008FE24F
:1025E000775F00EA42414420424C4F434B203D205C
:1025F000200000001459040082F802003CF8020098
:102600003055040054705F726573203D2025640AC4
:102610000D00000054705F626164203D2025780A3F
:102620000D0000006E616E64666C617368206572F7
:1026300072626C6F636B000010402DE918009FE51B
:102640000000D0E5030050E30200001A030B00EB8A
:102650001040BDE828D2FFEA1080BDE88CF80200E7
:1026600010402DE9AE5000EB2F6100EB174700EB57
:10267000762B00EB2C009FE50010D0E5010051E324
:102680000700001A0010A0E30010C0E51040BDE8EC
:102690000330A0E30120A0E30A10A0E33100A0E38F
:1026A0009B0E00EA1080BDE869F7020010402DE99A
:1026B000D9D3FFEB1040BDE88A4F00EA1EFF2FE19F
:1026C00070402DE994509FE5180095E52C3700EBFC
:1026D0008C409FE5FA0F50E30200003A000094E5B9
:1026E000180085E5B6EAFFEB140095E5243700EB0A
:1026F000000050E30200000A000094E5140085E5A4
:10270000D6FFFFEB080095E51D3700EB640050E3B2
:102710000200003A000094E5080085E5C5FFFFEBE4
:102720000C0095E5163700EB7D0F50E30200003AF0
:10273000000094E50C0085E5DBFFFFEB100095E55C
:102740000F3700EB320050E30300003A000094E53D
:10275000100085E57040BDE8D7FFFFEA7080BDE856
:1027600098F80200D8FC020010402DE918109FE5EF
:102770000000A0E3445E00EB1040BDE80120A0E3B0
:10278000FA1FA0E30000A0E34B5E00EA001BB700C5
:102790000100A0E3D75800EA10402DE920009FE592
:1027A0000400D0E5020050E30200001A0000A0E39C
:1027B000D05800EB010C00EB1040BDE80000A0E396
:1027C000CC5800EA80F8020010402DE944009FE553
:1027D0000120A0E34010A0E317F4FFEB1420A0E3D6
:1027E0001010A0E30200A0E34ED2FFEB0200A0E332
:1027F00015D2FFEB20209FE53110A0E30200A0E3FB
:10280000CC5D00EB7F00A0E3075E00EB1040BDE86D
:102810003100A0E3745B00EA180200B038730000D6
:102820000200A0E387D2FFEA0200A0E3A3D2FFEAFE
:1028300010402DE9B0009FE50020A0E3FF1CA0E3BD
:10284000FDF3FFEBA4009FE50020A0E3FF10A0E351
:10285000F9F3FFEB98009FE50020A0E3FF1AA0E347
:10286000F5F3FFEB0130A0E30320A0E10C10A0E39F
:10287000010CA0E3E3D8FFEB0130A0E30320A0E1CB
:10288000031CA0E3070DA0E3DED8FFEB0130A0E3BB
:102890000320A0E11810A0E3020CA0E3D9D8FFEBBD
:1028A0000410A0E3010CA0E338D8FFEB0810A0E36C
:1028B000010CA0E335D8FFEB011CA0E3070DA0E35A
:1028C00032D8FFEB021CA0E3070DA0E32FD8FFEBEB
:1028D0000810A0E3020CA0E32CD8FFEB1040BDE8E9
:1028E0001010A0E3020CA0E328D8FFEA900000B08B
:1028F000AC0000B0B00000B028009FE528209FE5A4
:10290000020180E30C0082E5021980E2101082E5EA
:102910000219A0E3001082E50030A0E3043082E554
:10292000080082E557B9FFEA808F0900B0FF020076
:10293000F0412DE90040A0E1A8019FE5281190E5B4
:102940008113B0E10100005A0150A0E3000000EA49
:102950000050A0E3280190E50004B0E10100005A16
:102960000160A0E3000000EA0060A0E378719FE549
:102970000C1097E5010054E10200003A101097E5B1
:10298000010054E10400003A0400B0E15400000AE0
:102990000400A0E1F041BDE879B6FFEA000055E38C
:1029A0000100000A1800A0E3F25A00EB000056E311
:1029B0000100000A1700A0E3EE5A00EB7F0014E3C9
:1029C0000E00000A101044E27F0011E30D00000A1F
:1029D0000410A0E1450F8FE2795E00EB000055E3A3
:1029E0000100000A1800A0E3FF5A00EB000056E3C4
:1029F0003B00000AF041BDE81700A0E3FA5A00EAE4
:102A0000801044E2EFFFFFEA000091E5000050E390
:102A10000E00000A080091E5F8209FE5020050E151
:102A20001600000AF0009FE5655E00EB000055E32C
:102A30000100000A1800A0E3EB5A00EB000056E387
:102A40002700000AF041BDE81700A0E3E65A00EABB
:102A50000410A0E1C4008FE2595E00EB000055E3D2
:102A60000100000A1800A0E3DF5A00EB000056E363
:102A70001B00000AF041BDE81700A0E3DA5A00EAA3
:102A8000042091E50000A0E30030A0E3020000EA8A
:102A9000003081E5801081E2010080E2020050E117
:102AA000FAFFFFBA000097E5820380E0000087E5A7
:102AB000041097E5000062E2800381E0040087E5EE
:102AC000000055E30100000A1800A0E3C65A00EB1D
:102AD000000056E30200000AF041BDE81700A0E341
:102AE000C15A00EAF081BDE8002000B8B0FF020042
:102AF0005553425F6672656520666174616C20653E
:102B000072726F72206F6E20616464726573733AC3
:102B100020257821210A00008857681954F5020001
:102B20005553425F6672656528292C207761726E65
:102B3000696E67202D2074727920746F206672652B
:102B4000652061206672656520626C6F636B3A2058
:102B500025780A00F34F2DE90CD04DE220B39FE514
:102B600008009BE508008DE50040E0E300A0A0E33D
:102B700010039FE5281190E58113B0E10100005A90
:102B80000180A0E3000000EA0080A0E3280190E5B6
:102B90000004B0E10100005A0190A0E3000000EA47
:102BA0000090A0E3000058E30100000A1800A0E331
:102BB000705A00EB000059E30100000A1700A0E37F
:102BC0006C5A00EB0C009DE500209BE5020050E1F3
:102BD0000D00003A0C109DE5AB0F8FE2F85D00EBA5
:102BE000000058E30100000A1800A0E37E5A00EB41
:102BF000000059E30100000A1700A0E37A5A00EB35
:102C00000000A0E314D08DE2F08FBDE808009BE542
:102C100010109BE5010050E10100003A0C009BE51B
:102C200008008BE508509BE5000095E5000050E3A7
:102C30002F00000A082095E56C129FE5010052E183
:102C40001100000A0C009BE510109BE5F000CDE19F
:102C50000C309DE554029FE508109BE500209BE5A4
:102C6000D75D00EB000058E30100000A1800A0E364
:102C70005D5A00EB000059E30100000A1700A0E3D1
:102C8000595A00EB0000A0E3DDFFFFEA030050E328
:102C90001300000A860F8FE2C95D00EB08009BE578
:102CA000800080E208008BE508009BE510109BE5A2
:102CB000010050E10100009A220E8FE2C05D00EB9E
:102CC00008009BE510109BE5010050E10200001A8E
:102CD00001A0A0E30C009BE508008BE50040E0E3C9
:102CE000550000EA040095E5800385E008008BE5C7
:102CF000ECFFFFEA010074E31200000A804084E266
:102D0000016086E20C009DE5000054E1410000BA3C
:102D1000046087E590019FE5080087E500109BE5CA
:102D2000000066E2800381E000008BE504009BE583
:102D3000860380E004008BE508708BE50000A0E3CB
:102D40000120A0E3180000EA0570A0E10160A0E303
:102D500010009DE5040050E3010000DA0040A0E30C
:102D6000000000EA7040A0E3E5FFFFDA10109BE5E9
:102D7000800085E2010050E10400002A10109DE56A
:102D8000800085E2BDBDFFEB000051E3DCFFFF0AE0
:102D90000040E0E3DAFFFFEA08109BE5002081E550
:102DA000801081E208108BE5010080E2060050E10E
:102DB000F8FFFFBA0300A0E3000087E510009DE5DF
:102DC000040050E3090000DA000058E30100000AA3
:102DD0001800A0E3045A00EB000059E30100000AC8
:102DE0001700A0E3005A00EB800087E284FFFFEAAF
:102DF000000058E30100000A1800A0E3FA5900EBB4
:102E0000000059E30100000A1700A0E3F65900EBA7
:102E1000100087E27AFFFFEA800085E208008BE578
:102E200010109BE5010050E10300003A01A0A0E36F
:102E30000C009BE508008BE50040E0E300005AE34E
:102E400077FFFF0A08109BE508009DE5000051E1AF
:102E500073FFFF3AA4008FE2595D00EB000058E3D6
:102E60000100000A1800A0E3DF5900EB000059E35D
:102E70000100000A1700A0E3DB5900EB0000A0E30B
:102E80005FFFFFEAB0FF0200002000B85553425F29
:102E90006D616C6C6F63202D2077616E743D2564CD
:102EA0002C20667265653D25640A00008857681904
:102EB00098F502005553425F6D616C6C6F6320772B
:102EC00061726E696E67202D206E6F742074686564
:102ED00020666972737420626C6F636B210A000054
:102EE0005553425F6D616C6C6F63202D2062656885
:102EF000696E64206C696D697421210A000000000C
:102F00005553425F6D616C6C6F63202D204E6F20B6
:102F100066726565206D656D6F7279210A0000002B
:102F2000F0472DE90050A0E10040A0E368819FE553
:102F300068919FE568619FE5A175A0E1000054E3F9
:102F40000300001A050196E70120A0E30710A0E1A5
:102F50006CE2FFEB010054E30300001A050196E761
:102F60000120A0E30910A0E166E2FFEB0010A0E35E
:102F70000030A0E3050196E70320D0E7021081E0CE
:102F8000FF1001E2012083E20138C2E3FA0F53E3AC
:102F9000F8FFFF3AE823D0E5010052E13000000AD3
:102FA0000020A0E30010A0E3013080E0E933D3E586
:102FB000032082E0FF2002E2011081E20118C1E358
:102FC000FA0F51E3F7FFFF3AD117D0E5020051E1C4
:102FD0001E00000A0020A0E30010A0E3013080E002
:102FE000D237D3E5032082E0FF2002E2011081E224
:102FF0000118C1E3FA0F51E3F7FFFF3ABA1BD0E51E
:10300000020051E10B00000A000054E30200000A34
:10301000010054E30200000A110000EA0140A0E3AD
:10302000C5FFFFEA0240A0E30120A0E30710A0E1F2
:1030300034E2FFEB0A0000EA051196E70820A0E160
:10304000071C81E2D21081E23CB7FFEB040000EAEA
:10305000051196E7FA2FE0E3021041E00820A0E115
:1030600036B7FFEB000054E30300001A050196E7B2
:103070000120A0E30910A0E1B7F9FFEB010054E340
:103080000400001A050196E70710A0E1F047BDE82B
:103090000120A0E3B0F9FFEAF087BDE8E9030000F2
:1030A00080EB01000005030038109FE538009FE524
:1030B0000020D1E5000090E50020C0E50120D1E529
:1030C0000120C0E50220D1E50220C0E50320D1E5C2
:1030D0000320C0E50420D1E50420C0E50510D1E5BA
:1030E0000510C0E51EFF2FE1D2F70200DCF8020058
:1030F000F74F2DE9D0D04DE20040A0E10150A0E112
:1031000048039FE548639FE5000090E5010050E318
:103110000400000A000096E5020980E3000086E54D
:10312000DCD08DE2F08FBDE80E0054E3FBFFFF8A98
:10313000040044E2060050E3F8FFFF3A030054E3C2
:103140000200008A580A00EB000050E30200000A67
:10315000000054E30400000A040000EA000096E5C1
:10316000010880E3000086E5ECFFFFEA72C8FFEB90
:103170000A0054E30000001A6FC8FFEB030054E399
:103180000400008AB32F8FE2B61F8FE210008DE299
:1031900057B5FFFA030000EAB32F8FE2B11F8FE2A9
:1031A00010008DE252B5FFFAC0829FE50000A0E357
:1031B000000088E5040088E5080088E5B0A29FE5E6
:1031C000B0929FE5B0729FE50E0054E34200000A02
:1031D000030054E31800008A010054E30600000ACB
:1031E000020054E30800000A030054E30A00000A46
:1031F000000054E30C00000A680000EA0110A0E39C
:103200000000A0E36FC7FFEB640000EA0210A0E338
:103210000000A0E36BC7FFEB600000EA0310A0E32F
:103220000000A0E367C7FFEB5C0000EA0010A0E32A
:103230000100A0E163C7FFEB580000EA0B0054E374
:103240000600000A0C0054E30900000A0D0054E3D4
:103250000C00000A0A0054E30F00000A120000EA02
:103260000120A0E3851F8FE27F0F8FE261C8FFEB93
:103270000D0000EA0220A0E3021C8FE27A0F8FE229
:103280005CC8FFEB080000EA0320A0E37B1F8FE28D
:10329000750F8FE257C8FFEB030000EA0020A0E3A0
:1032A000761F8FE2070D8FE252C8FFEB0000DAE5D0
:1032B000000050E33900000A140099E5C8119FE5A9
:1032C000060880E20120A0E323F9FFEB80E1FFEB99
:1032D0004F00A0E3B4C7FFEB300000EA0040A0E3DA
:1032E0002B0000EAB030D5E110208DE2671F8FE29D
:1032F00090008DE2FEB4FFFAB030D5E15F2F8FE28F
:10330000621F8FE250008DE2F9B4FFFAB000D5E100
:10331000FF0C50E31C00003A90008DE2EFC6FFEB7B
:10332000000050E33B00000AB000D5E108208DE228
:103330000010A0E328F1FFEB010070E33900000A60
:103340000200A0E30000C7E550108DE290008DE27E
:10335000E30E00EB00B0A0E10000DAE5000050E36E
:103360000700000A140099E51C119FE5060880E299
:103370000120A0E3F8F8FFEB55E1FFEB4F00A0E3DD
:1033800089C7FFEB00005BE3040000CA025085E23E
:10339000014084E2D8009DE5000054E1D0FFFFBA6F
:1033A0000040A0E3180099E5840180E0040090E566
:1033B000000050E30100000A0201C0E3F2B3FFFA8B
:1033C000014084E2010854E3F5FFFF3A180099E553
:1033D0000217A0E3ABB6FFEB200099E50217A0E3CC
:1033E000A8B6FFEBB600D7E1000050E31000000ADA
:1033F0006E1FA0E30A00A0E35AFAFFEB0E0098E864
:1034000094008FE2604300EB000098E5000050E379
:103410002D00000A2F0000EA000096E5010880E375
:10342000000086E5DDFFFFEA0100A0E30000C7E53C
:10343000C4FFFFEA6E1FA0E30A00A0E349FAFFEB16
:103440000E0098E850008FE2504300EBEDFFFFEADA
:1034500050FF0200CCF80200333A2F42454C4D4F4A
:103460004E545F424D50000025730000333A000077
:103470000859040063F70200C02C0300B4F80200EE
:10348000313A2F555345525F424D5000007F0100A5
:1034900025732F253034782E626D7000636F70793C
:1034A00020626D702066696C6520656E642C746F97
:1034B00074616C20256420737563636573732025C4
:1034C00064206661696C656420256400000096E5EF
:1034D000010880E3000086E50000E0E3B600C7E1F4
:1034E000040098E5000050E30200001A000096E591
:1034F000010880E3000086E5000096E53E0610E343
:103500000100000A0108C0E3000086E5000096E51E
:1035100024109FE5010010E100FFFF1A1C00A0E34A
:1035200004008DE5513100EB0030A0E304208DE272
:103530000110A0E3400A00EBF8FEFFEA0000E103FF
:1035400030402DE924D04DE20050A0E12410A0E34A
:103550000D00A0E15BB6FFEB40019FE538419FE520
:10356000141090E5090055E305F18F30210000EAC1
:10357000450000EA3F0000EA390000EA330000EAB3
:103580002A0000EA240000EA1E0000EA1B0000EA0C
:10359000FFFFFFEA08019FE52420A0E30D10A0E152
:1035A0009CFAFFEB000094E50920A0E30D10A0E1D8
:1035B0001B0080E2E1B5FFEB000094E50920A0E3E9
:1035C0000D50A0E109108DE2240080E2DBB5FFEB95
:1035D000000094E50920A0E3121085E26C0080E26F
:1035E000D6B5FFEB000094E50920A0E31B1085E2AF
:1035F000750080E2D1B5FFEB24D08DE23080BDE8CC
:1036000011CBFFEBFBFFFFEA98109FE5552FA0E3DE
:10361000FF08A0E3D6FAFFEBF6FFFFEA88209FE55C
:10362000001094E5FD08A0E3D1FAFFEBF1FFFFEAFB
:103630007C109FE574009FE50010D1E574209FE5A4
:10364000011190E7FB08A0E3C9FAFFEBE9FFFFEAED
:10365000061881E20228A0E3F908A0E3E5FAFFEBEF
:10366000E4FFFFEA011781E20228A0E3F708A0E3E4
:10367000E0FAFFEBDFFFFFEA021881E20228A0E395
:10368000F508A0E3DBFAFFEBDAFFFFEA0228A0E38C
:10369000F308A0E3D7FAFFEBD6FFFFEADCF802005D
:1036A000C02C030000F0FF0014590400C405000002
:1036B000000503005BFA0200E903000030402DE939
:1036C00024D04DE20050A0E12410A0E30D00A0E1C1
:1036D000FCB5FFEB3C019FE53C119FE5004090E508
:1036E000141091E5090055E305F18F30200000EA40
:1036F000440000EA3E0000EA380000EA320000EA36
:10370000290000EA230000EA1D0000EA1A0000EA8E
:10371000FFFFFFEA0920A0E31B1084E20D00A0E1F7
:1037200086B5FFEB0920A0E3241084E20D50A0E150
:1037300009008DE281B5FFEB0920A0E36C1084E263
:10374000120085E27DB5FFEB0920A0E3751084E24D
:103750001B0085E279B5FFEBC0409FE50400A0E1C6
:10376000E4FAFFEB2420A0E30D10A0E10400A0E1A7
:1037700081F9FFEB24D08DE23080BDE8B8CAFFEBC1
:10378000FBFFFFEA98109FE5552FA0E3FF08A0E399
:10379000E8F9FFEBF6FFFFEA88209FE50410A0E1BF
:1037A000FD08A0E3E3F9FFEBF1FFFFEA7C109FE5E2
:1037B00074009FE50010D1E574209FE5011190E7AA
:1037C000FB08A0E3DBF9FFEBE9FFFFEA061881E263
:1037D0000228A0E3F908A0E3F9F9FFEBE4FFFFEA10
:1037E000011781E20228A0E3F708A0E3F4F9FFEB58
:1037F000DFFFFFEA021881E20228A0E3F508A0E358
:10380000EFF9FFEBDAFFFFEA0228A0E3F308A0E3F9
:10381000EBF9FFEBD6FFFFEADCF80200C02C030057
:1038200000F0FF0014590400C40500000005030067
:103830005BFA0200E903000070402DE9F348A0E3C1
:10384000CF5A84E20400A0E1AAFAFFEB014A84E225
:10385000050054E1FAFFFF9A8CCAFFEB7040BDE807
:103860007FCAFFEA10402DE9A4409FE50020A0E3B5
:10387000FF14A0E30400A0E1EFEFFFEB0120A0E3C1
:10388000BB14A0E30400A0E1EBEFFFEB244D84E1C7
:1038900080109FE50020A0E30400A0E1E6EFFFEB2D
:1038A00074109FE50120A0E30400A0E1E2EFFFEB2C
:1038B0000000A0E3CE5400EB0000A0E3CB5500EBEA
:1038C0000030A0E354209FE50210A0E30300A0E134
:1038D000E45400EB0030A0E30820A0E30710A0E3CD
:1038E0000300A0E1DF5400EB0030A0E30320A0E1DF
:1038F0000810A0E30300A0E1DA5400EB0030A0E3DD
:103900001040BDE80320A0E10A10A0E30300A0E1FD
:10391000D45400EA780000B0FF0F0000BB0B000099
:1039200080841E00000052E3011880E10100000ABB
:103930000200A0E3000000EA0000A0E3010080E133
:10394000010080E304109FE5000081E51EFF2FE1E8
:10395000041900B8F0412DE90040A0E38C609FE518
:103960008C709FE5030014E20600000A010050E39A
:103970000700000A020050E30900000A030050E3B8
:103980000E00001A0A0000EA2401A0E1005296E7A6
:103990000A0000EA2401A0E1000286E0045090E55C
:1039A000060000EA2401A0E1000286E0085090E54C
:1039B000020000EA2401A0E1000286E00C5090E53C
:1039C000001097E5200084E2800180E0010080E0A3
:1039D0000520A0E11C108FE245B3FFFA010084E24C
:1039E0000148C0E3400054E3DDFFFF3AF081BDE849
:1039F00000030300DCF80200253038580000000006
:103A00000030A0E10000A0E30020A0E3030000EAF2
:103A100002C0D3E70C0020E0012082E2FF2002E296
:103A2000010052E1F9FFFF3A1EFF2FE18110A0E1F2
:103A3000810590E10400A013A12AB0E114209FE5C4
:103A400001008013A10A52E102008003010050E34B
:103A50000500A0031EFF2FE1FF0700000F402DE926
:103A600010009FE500008DE504108DE50F009DE836
:103A700010D08DE204F09DE4B80F0A0030380A2817
:103A800001D201207047002070470000FEFFFFEACE
:103A90001EFF2FE1F0412DE90050A0E1D0109FE57D
:103AA000850085E0850180E0004181E0C4609FE5FC
:103AB000050196E7400080E218B2FFFA100084E5A5
:103AC000000050E31E00000A2C7086E2050197E713
:103AD000400080E211B2FFFA140084E5000050E3D8
:103AE0001900000A050197E74010A0E3000181E0FA
:103AF0000AB2FFFA200084E5000050E31600000A35
:103B0000051196E7100094E5DEB4FFEB051197E789
:103B1000140094E5DBB4FFEB050197E70011A0E189
:103B2000200094E5E7B4FFEB0000A0E3040084E587
:103B3000000084E50C0084E5080084E50100A0E3B2
:103B4000F081BDE80000A0E3F081BDE8100094E53D
:103B50000DB2FFFA0000A0E3F081BDE8100094E58B
:103B600009B2FFFA140094E507B2FFFA0000A0E3DF
:103B7000F081BDE80C0109008CFE020008D04DE286
:103B80000024A0E17C309FE5801080E0801181E07E
:103B9000011183E02E2382E2142092E504208DE5BA
:103BA00064209FE51630D2E5000053E30B00000AC5
:103BB00004309DE5100013E31000001A0030A0E36C
:103BC0001630C2E5002091E5041091E5010052E1B4
:103BD0000A00000A0210A0E308D08DE2C50000EA46
:103BE00004109DE5100011E30400001A0110A0E389
:103BF0001610C2E50210A0E308D08DE2B20000EA80
:103C000008D08DE21EFF2FE10C01090074FE0200B6
:103C1000F0412DE90070A0E10140A0E10250A0E1D7
:103C20000360A0E10510A0E10700A0E1C60200EBDF
:103C3000040050E10100001A0000A0E3F081BDE89B
:103C4000050054E10100001A0100A0E3F081BDE885
:103C5000040055E10900009A3C009FE5041045E08E
:103C6000070190E7010040E0060050E10100008AF2
:103C70000000A0E3F081BDE80100A0E3F081BDE811
:103C8000050044E0060050E10100008A0000A0E3C6
:103C9000F081BDE80100A0E3F081BDE88CFE0200E8
:103CA00070402DE90040A0E10800D4E50024A0E127
:103CB0000A0050E30100009A0400E0E37080BDE8D0
:103CC0000B10D4E5000051E30900000A180051E38D
:103CD0000700000A080051E30500000A480051E30C
:103CE0000300000A580051E30100000A0000E0E36D
:103CF0007080BDE80910D4E5000051E30700000A18
:103D0000010051E30500000A020051E30300000A2C
:103D1000030051E30100000A0100E0E37080BDE808
:103D20000A10D4E5000051E30300000A040051E347
:103D30000100000A0200E0E37080BDE8010050E3EA
:103D40001400000A020050E31200000A040050E3CD
:103D50001000000A060050E30E00000A080050E3BD
:103D60000C00000A0A0050E30A00000A0C10D4E517
:103D7000000051E31800000A100051E31600000A89
:103D8000200051E31400000A400051E31200000A31
:103D90000300E0E37080BDE80C10D4E5000051E3BF
:103DA0000D00000A100051E30B00000A200051E34F
:103DB0000900000A300051E30700000A400051E307
:103DC0000500000A500051E30300000A600051E3BF
:103DD0000100000A0300E0E37080BDE80B12A0E3DD
:103DE000183291E5100080E20160A0E3160083E143
:103DF000180281E52E5382E2080095E5060080E373
:103E0000080085E50800D4E50410A0E10D0200EBF0
:103E1000000050E3010000AA0C00E0E37080BDE860
:103E20000B00D4E50910D4E5010080E10A10D4E5C7
:103E3000010080E10C0085E5A000A0E3200085E5FD
:103E40000C00D4E5080085E50800D4E574509FE532
:103E5000801080E0801181E0011185E01E10D1E525
:103E6000000051E31000001A09FFFFEB000050E3CF
:103E70000900000A0800D4E5800000EB0800D4E542
:103E8000801080E0801181E0011185E01D10D1E5F6
:103E9000010051E30200000A030000EA0500E0E32C
:103EA0007080BDE80110A0E3120000EB0800D4E52B
:103EB000801080E0800181E0000185E01E60C0E5A7
:103EC0000000A0E37080BDE80C0109000004A0E13F
:103ED000000051E32E0380E20300000A042090E575
:103EE0000110C2E1041080E51EFF2FE10010A0E3E5
:103EF000041080E51EFF2FE10004A0E12E0380E204
:103F0000042090E5021081E1041080E51EFF2FE1FE
:103F100070402DE90140A0E10054A0E17010A0E341
:103F20000400A0E1E7B3FFEBEE03E0E3000045E0AF
:103F3000000084E52E0385E2041090E5041084E57A
:103F400004119FE5051081E0081084E5081090E554
:103F50000C1084E5F4109FE5051081E0101084E555
:103F60000C1090E5141084E5E4109FE5051081E045
:103F7000181084E5101090E51C1084E5D4109FE51E
:103F8000051081E0201084E5141090E5241084E5EC
:103F9000C4109FE5051081E0281084E5181090E515
:103FA0002C1084E5B4109FE5051081E0301084E505
:103FB0001C1090E5341084E5A4109FE5051081E005
:103FC000381084E5201090E53C1084E594109FE5BE
:103FD000051081E0401084E5241090E5441084E54C
:103FE00084109FE5051081E0481084E5281090E5D5
:103FF0004C1084E574109FE5051081E0501084E5B5
:104000002C1090E5541084E564109FE5051081E0C4
:10401000581084E5301090E55C1084E554109FE55D
:10402000051081E0601084E5341090E5641084E5AB
:1040300044109FE5051081E0681084E5381090E594
:104040000E00A0E36C1084E57080BDE8080000B8A5
:104050000C0000B8100000B8140000B8180000B838
:104060001C0000B8200000B8240000B8280000B8E8
:104070002C0000B8300000B8340000B8380000B898
:1040800070402DE9A8219FE5801080E0801181E03B
:10409000014182E0000050E31E00000A010050E3ED
:1040A0002300000A020050E32800000A030050E346
:1040B0002D00000A040050E33200000A050050E31E
:1040C0003700000A060050E33C00000A070050E3F6
:1040D0004100000A080050E34600000A090050E3CE
:1040E0004B00000A0A0050E35000001A2A50A0E3D7
:1040F00040219FE50510A0E14300A0E38D5700EBB0
:10410000180084E57F00A0E3C75700EB0500A0E19D
:104110007040BDE8345500EA2450A0E318219FE523
:104120000510A0E14300A0E3825700EB180084E5EE
:10413000F3FFFFEA2550A0E300219FE50510A0E171
:104140004300A0E37B5700EB180084E5ECFFFFEA97
:104150002650A0E3E8209FE50510A0E14300A0E37E
:10416000745700EB180084E5E5FFFFEA2B50A0E34D
:10417000D0209FE50510A0E14300A0E36D5700EBC0
:10418000180084E5DEFFFFEA2750A0E3B8209FE592
:104190000510A0E14300A0E3665700EB180084E59A
:1041A000D7FFFFEA2C50A0E3A0209FE50510A0E177
:1041B0004300A0E35F5700EB180084E5D0FFFFEA5F
:1041C0002850A0E388209FE50510A0E14300A0E36C
:1041D000585700EB180084E5C9FFFFEA2D50A0E313
:1041E00070209FE50510A0E14300A0E3515700EBCC
:1041F000180084E5C2FFFFEA2950A0E358209FE59C
:104200000510A0E14300A0E34A5700EB180084E545
:10421000BBFFFFEA2E50A0E340209FE50510A0E180
:104220004300A0E3435700EB180084E5B4FFFFEA26
:104230007080BDE80C0109001CAC0200ACAB0200B0
:104240001CAD020000AE0200D0B00200B4B102000A
:10425000B4B20200B4B30200B4B40200B4B50200B8
:10426000B4B602000004A0E1000051E30030A0E376
:104270002E0380E21600000A010051E30100000A4B
:104280000900E0E31EFF2FE1241090E50118A0E1F2
:104290002118A0E1021081E22112A0E1021041E206
:1042A000241080E5000052E30210A0E30300000A9E
:1042B000010052E30300000A0900E0E31EFF2FE1C2
:1042C000281080E5000000EA283080E5301080E505
:1042D000020000EA4010A0E3281080E5303080E5BD
:1042E0000000A0E31EFF2FE1F0412DE90080A0E1D6
:1042F0000150A0E10270A0E10804A0E1B4209FE514
:10430000881088E0881181E0014182E01D10D4E529
:10431000010051E30200000A0010A0E32E3380E206
:10432000200000EA080094E50C1094E5010050E13B
:104330000100001A0000A0E3F081BDE80760A0E1E1
:10434000000056E30E00000A140094E5081094E5FE
:104350000100D0E70100C5E4081094E50800A0E1E1
:10436000AE0000EB080084E5080094E50C1094E52D
:10437000010050E10200000A016046E2000056E33D
:10438000F0FFFF1A060047E0017080E2070000EA34
:1043900018C093E501091CE3FCFFFF0A0000D3E508
:1043A0000100C5E4011081E2070051E1F7FFFF3A87
:1043B0000700A0E1F081BDE80C010900F0472DE9FC
:1043C00020D04DE200A0A0E10090A0E304908DE594
:1043D0000A04A0E100008DE5016CA0E330129FE526
:1043E0008A008AE08A0180E0004181E000009DE5CA
:1043F0002E5380E2300095E514008DE50180A0E3A6
:1044000000009DE52E1380E2180091E51C008DE56B
:10441000380091E50C008DE51C0091E508008DE564
:104420000070D1E51C009DE5080010E31100000AB2
:1044300014009DE5030050E30E00001A2C0095E5E2
:1044400018008DE5080095E510008DE518009DE544
:10445000010C10E30700000A18009DE5200C57E14D
:104460001000001A10009DE5010CC0E310008DE55E
:1044700010009DE5080085E50C1094E50A00A0E118
:10448000660000EB04008DE5080094E504109DE54E
:10449000010050E10C00001A78019FE51700D0E5FB
:1044A00020D08DE2F087BDE810009DE5010C80E38F
:1044B00010008DE510009DE5020080E310008DE501
:1044C00010009DE5080085E5F4FFFFEA140094E57F
:1044D0000C1094E50170C0E7200094E50C1094E501
:1044E000019180E71C009DE5400010E30400000AF4
:1044F000201094E50C2094E54000A0E3020181E740
:104500001D0000EA1C009DE5200010E30400000AE5
:10451000201094E50C2094E52000A0E3020181E73F
:10452000150000EA1C009DE5100010E30400000ADD
:10453000201094E50C2094E51000A0E3020181E72F
:104540000D0000EA1C009DE5010010E30300000AD5
:10455000200094E50C1094E5018180E7060000EA54
:104560001C009DE5080010E30300000A201094E5FC
:104570000C2094E50800A0E3020181E714009DE50A
:10458000010050E30B00001A08009DE5800010E3D5
:104590000800000A0C009DE5241094E50C2094E529
:1045A000020181E78010A0E32E03A0E31C1080E548
:1045B00064109FE5381080E50C1094E50A00A0E136
:1045C000160000EB0C0084E51C009DE5010010E3E3
:1045D0000600000A200094E50C1094E5018180E7B4
:1045E0000C1094E50A00A0E10C0000EB0C0084E53F
:1045F000180095E51C008DE51C009DE5010910E300
:10460000A6FFFF1A000056E2016046E27BFFFFCAE8
:10461000A2FFFFEA0C01090074FE02000F03000074
:104620001C209FE5000192E7012081E2020050E199
:104630000100001A0000A0E31EFF2FE1010081E24B
:104640001EFF2FE1B8FE020070402DE90064A0E1DA
:10465000005091E5044091E5A40085E00410A0E13C
:1046600086B7FFEB020040E2010850E30500003A84
:10467000840185E00410A0E180B7FFEB0110E0E3C6
:10468000200281E0000000EA030280E32E1386E2AC
:10469000240081E50000A0E37080BDE8F8402DE92A
:1046A0000070A0E198109FE5870087E0870180E017
:1046B000004181E0000094E5041094E5010050E120
:1046C0001700000A0000A0E300008DE50704A0E148
:1046D00070509FE52E6380E2150000EA100094E51B
:1046E000001094E50100D0E7000086E5001094E595
:1046F0000700A0E1140000EB000084E5000095E550
:10470000010080E2000085E5000094E5041094E5D6
:10471000010050E10300001A0210A0E30700A0E12D
:10472000E9FDFFEBF880BDE800009DE5010080E2B7
:1047300000008DE500009DE5080050E3E6FFFF3A2C
:10474000F880BDE80C0109009CF702001C209FE5E1
:10475000000192E7012081E2020050E10100001A0D
:104760000000A0E31EFF2FE1010081E21EFF2FE108
:104770008CFE0200F0412DE90080A0E10140A0E1A3
:104780000260A0E10874A0E19C109FE5880088E029
:10479000880180E0005181E01C00D5E5010050E374
:1047A0000B00000A0000A0E380309FE52E1387E293
:1047B0001A0000EA0100D4E4101095E5042095E504
:1047C0000200C1E7041095E50800A0E1DEFFFFEB61
:1047D000040085E5016056E2F5FFFF2A2E0387E21B
:1047E000040090E5020010E30E00001A0800A0E1AA
:1047F000F041BDE80210A0E3BEFDFFEA182091E5FC
:10480000010212E3FCFFFF0A0120D4E4002081E54D
:10481000002093E5012082E2002083E5010080E290
:10482000060050E1F4FFFF3AF081BDE80C010900F9
:104830009CF70200FA0FA0E30000A0E110402DE970
:104840000124A0E30B12A0E3682081E50020A0E38F
:10485000682081E544109FE5010050E10000009AC6
:104860000100A0E138409FE50020A0E30010E0E354
:104870000400A0E1F0EBFFEB28109FE50120A0E38E
:104880000400A0E1ECEBFFEB0114A0E30120A0E3A6
:10489000C109C4E1E8EBFFEB0000A0E31080BDE834
:1048A000B80B00003C0200B000001A6310402DE974
:1048B0000040A0E11800A0E32E5300EB6C209FE520
:1048C000041092E50100A0E1050000EA040051E1B6
:1048D0000200001A1040BDE81800A0E3425300EAAD
:1048E000141091E5000051E3F7FFFF1A001094E562
:1048F000011981E3001084E5140084E5044082E599
:104900001800A0E3385300EB24009FE50410A0E357
:10491000000090E50C1080E5101090E5041081E394
:10492000101080E51040BDE87D0EA0E3FC1C00EAFD
:104930007CFF0200C4FF020010402DE90040A0E10E
:104940000000A0E350309FE5002283E0B0C0D2E138
:1049500000005CE30B00001A08C092E502005CE373
:10496000080000BA01C0A0E3003283E0B0C0C3E198
:10497000B240C2E1B410C2E10010A0E3081082E529
:104980000C10C2E51080BDE8010080E20A0050E38F
:10499000ECFFFFBA0F00A0E31080BDE884550400CF
:1049A00064009FE5141090E5011081E2141080E589
:1049B000142090E50110A0E3800052E3000000BA4B
:1049C000141080E544209FE50A0000EA143090E5C9
:1049D0000310C2E7140090E51EFF2FE1143090E5AC
:1049E000013083E2143080E5143090E5800053E319
:1049F000000000BA141080E5143090E50330D2E7CF
:104A0000000053E3F4FFFF1AEFFFFFEA64FF020028
:104A1000008D090010402DE91010A0E33800A0E33C
:104A20004BF8FFEB0040A0E1000054E30C00000A4B
:104A30003810A0E30400A0E122B1FFEB3800A0E3AE
:104A4000413F00EBFF00A0E31A00C4E520009FE512
:104A5000101090E5341084E5104080E50400A0E1DA
:104A60001080BDE80C008FE2555600EB0000A0E37B
:104A70001080BDE864FF0200616C6C6F635F646569
:104A800076696365206661696C6564210A000000CF
:104A900010402DE90000A0E33C109FE5802291E743
:104AA000000052E30400000A010080E2080050E325
:104AB000F9FFFFBA0000A0E31080BDE8804281E06A
:104AC0002010A0E30400A0E1FEB0FFEB0C009FE586
:104AD000180084E50400A0E11080BDE8240309006B
:104AE00060CD010010402DE90000A0E358109FE5C3
:104AF0000020D1E7000052E30600000A010080E236
:104B0000010C50E3F9FFFFBA40008FE22C5600EB96
:104B10000000A0E31080BDE80120A0E30020C1E771
:104B200040109FE50C2091E5012082E20C2081E5F8
:104B300034109FE5004191E71810A0E30400A0E1C4
:104B4000E0B0FFEB0400A0E11080BDE8008C09009C
:104B5000616C6C6F635F6F6863695F454420666179
:104B6000696C6564210A000064FF02000088090086
:104B700070402DE90040A0E10010A0E35C209FE51B
:104B80000130D2E7000053E30600000A011081E281
:104B9000010C51E3F9FFFFBA44008FE2085600EB25
:104BA0000000A0E37080BDE80100A0E30100C2E7BF
:104BB00044009FE50C2090E5012082E20C2080E576
:104BC00038009FE5015190E73010A0E30500A0E117
:104BD000BCB0FFEB284085E50500A0E17080BDE892
:104BE000008C0900616C6C6F635F6F6863695F5470
:104BF00044206661696C6564210A000064FF02005C
:104C00000088090070402DE90050A0E11010A0E3D9
:104C10008C00A0E3CEF7FFEB0040A0E1000054E3DE
:104C20000700000A8C00A0E3C73E00EB8C10A0E355
:104C30000400A0E1A3B0FFEB005084E50400A0E174
:104C40007080BDE808008FE2DD5500EB0000A0E3B6
:104C50007080BDE8616C6C6F635F75747220666113
:104C6000696C6564210A000070402DE994409FE55D
:104C7000000094E500C0A0E10020A0E30010A0E344
:104C800084309FE50050D0E5052082E0010080E2FD
:104C9000011081E20118C1E3030051E1F8FFFF3A7E
:104CA000050C8CE264108FE2BB0080E290AEFFFA4C
:104CB00060609FE560509FE5001094E5000095E579
:104CC0000620A0E11DB0FFEB000095E5001094E583
:104CD0000620A0E1050A80E218B0FFEB000095E590
:104CE000001094E50620A0E1010880E213B0FFEB7C
:104CF000000095E5001094E50620A0E17040BDE8B5
:104D0000150A80E20DB0FFEADCF80200BB050000E6
:104D10002530385800000000C4050000E8F7020004
:104D200010402DE90B02A0E3101290E5031681E379
:104D3000101280E578109FE5801080E574109FE5E3
:104D4000841080E50030A0E30320A0E1021AA0E374
:104D50008000A0E3ABCFFFEB5C009FE50120A0E368
:104D60000810A0E3B4EAFFEB50009FE550109FE568
:104D7000000081E50000C1E1001090E50614C1E3E8
:104D8000011381E3001080E50110A0E3202080E200
:104D9000001082E5001090E5011081E3001080E52D
:104DA000001090E5010011E3FCFFFF1A0000A0E3F2
:104DB0001080BDE8555555555555050500D800B02E
:104DC00005030200A4D800B01EFF2FE10030A0E1CF
:104DD0000000A0E30120A0E3040000EA02C0D3E742
:104DE0000C0040E0FF0000E2012082E20128C2E363
:104DF000010052E1F8FFFF3A1EFF2FE170402DE95C
:104E00000040A0E37D5E80E20D0051E301F18F30B0
:104E10001E0000EA1D0000EA0A0000EA0D0000EA98
:104E2000080000EA090000EA060000EA070000EABC
:104E3000040000EA030000EA040000EA010000EABE
:104E4000020000EAFFFFFFEA1F40A0E30F0000EAB4
:104E50001E40A0E30D0000EA1C40A0E3030015E3A0
:104E60000400001A6410A0E30500A0E183B5FFEB85
:104E7000000051E30400001A191EA0E30500A0E1A0
:104E80007EB5FFEB000051E30000001A1D40A0E3D7
:104E90000400A0E17080BDE8F0472DE90070A0E1BA
:104EA0000260A0E10390A0E1020041E2341097E526
:104EB000208681E0001AA0E1A15BA0E1070000E2EA
:104EC00001A0A0E31A00A0E1FF4000E20810A0E169
:104ED000018088E20700A0E1B23F00EB000050E350
:104EE0000100000A0100A0E3F087BDE8051087E09B
:104EF0003CC0D1E504001CE00000000A0100A0E372
:104F0000090050E10100001A0200A0E3F087BDE8AB
:104F100004002CE03C00C1E503A0C7E5016056E2B7
:104F20000800000A8400A0E1FF4010E2EFFFFF1A32
:104F30000140A0E3015085E2020C55E3EAFFFF3A8D
:104F40000050A0E3E0FFFFEA0000A0E3F087BDE827
:104F500070402DE90040A0E10000A0E30300C4E59B
:104F60000000E0E3380084E50400A0E18D3F00EBA1
:104F7000000050E30100000A0400A0E37080BDE8D7
:104F8000020C84E23A0080E2BF3C00EB0050A0E15A
:104F900024619FE5060055E10500001A0B20A0E3FF
:104FA000461F8FE23C0084E21DAFFFFA000050E391
:104FB0000700000A3C00D4E5EB0050E30600000ABD
:104FC000E90050E30400000AE80050E30200000A90
:104FD000330000EA0100A0E37080BDE8060055E15F
:104FE0000500001A0820A0E3DC108FE28E0084E2A6
:104FF0000BAFFFFA000050E30800000A470084E20C
:10500000A13C00EB4910D4E5012040E2020010E190
:105010002300001A020C50E30200000A200000EAFC
:105020000000A0E37080BDE8000051E31C00000A0E
:10503000010041E2000011E11900001A4A0084E277
:10504000913C00EB000050E31500000A4C00D4E551
:10505000010040E2010050E31100008A4D0084E2AB
:10506000893C00EB000050E30D00000A4F0084E291
:10507000853C00EB800050E30300002A5C0084E2E2
:105080005B3C00EB010850E30500003A520084E26B
:105090007D3C00EB000050E30100000A0000A0E3AB
:1050A0007080BDE8060055E10100001A0200A0E38F
:1050B0007080BDE80300A0E37080BDE855AA000041
:1050C000EB76904558464154202020004641543309
:1050D000322020200000000070402DE90060A0E197
:1050E0000040A0E30050A0E3000056E30200000AE5
:1050F000010056E30B00001A050000EA8010A0E34F
:10510000C000A0E3DFCEFFEB040080E0FF4000E240
:10511000040000EA011AA0E34000A0E3D9CEFFEBAF
:10512000040080E0FF4000E2010085E2FF5000E261
:10513000320055E3EBFFFF3A000054E30300000A9E
:10514000320054E30300000A0200A0E37080BDE8CF
:105150000000A0E37080BDE80100A0E37080BDE81E
:1051600032C082E20C0050E10A0000CA322042E262
:10517000020050E1070000BA320083E2000051E172
:10518000040000CA320043E2000051E1010000BA0D
:105190000100A0E31EFF2FE10000A0E31EFF2FE1AE
:1051A000FE432DE90080A0E10040A0E38100A0E1E2
:1051B000900206E09C709FE5230000EA0000A0E357
:1051C00000008DE504008DE5040088E0A005A0E165
:1051D00008008DE5020B84E2000056E10100009A10
:1051E000025BA0E3080000EA040046E00058A0E1EA
:1051F0002558A0E10010A0E35C009FE5011081E2CA
:105200000118C1E3000051E1FBFFFF3A08009DE5F2
:10521000102097E5023BA0E30010A0E3C1DEFFEB06
:10522000054084E00010A0E3100097E5040000EAC8
:105230000120D0E7203097E5032082E0202087E599
:10524000011081E2050051E1F8FFFF3A040056E148
:10525000D9FFFF8AFE83BDE8B4F8020018040000FD
:10526000F05F2DE9011AA0E3010CA0E385CEFFEB6E
:10527000000050E30400001A0810A0E3070DA0E3AB
:1052800080CEFFEB000050E31600000A021BA0E3F3
:10529000010CA0E37BCEFFEB4C839FE54C439FE5E5
:1052A000000050E31500000A011AA0E3010CA0E37E
:1052B00074CEFFEB000050E31000000A021AA0E3D6
:1052C000010CA0E36FCEFFEB000050E30B00000ADF
:1052D0000810A0E3070DA0E36ACEFFEB000050E347
:1052E0000600000A160000EA731FA0E30A00A0E30C
:1052F0009CF2FFEBF05FBDE8BD0F8FE2A33B00EA3D
:10530000985B00EB000098E5010050E30400001AF0
:10531000191EA0E30A00A0E392F2FFEBBD0F8FE29B
:105320009A3B00EB0000D4E5030050E30400001AB0
:105330005F1FA0E30A00A0E38AF2FFEBBA0F8FE23F
:10534000923B00EB000098E5010050E32D00001AAD
:10535000021AA0E3010CA0E34ACEFFEBE0529FE566
:10536000000050E30570A0E32700000A0300D4E525
:10537000000050E30100000A010040E20300C4E520
:10538000011AA0E3010CA0E33ECEFFEBB4929FE52F
:10539000B4A29FE5B4B29FE5000050E30060A0E333
:1053A0003800000A0400D4E5000050E30100000AC0
:1053B000010040E20400C4E50810A0E3070DA0E3EB
:1053C00030CEFFEB000050E35300000A0600D4E5A6
:1053D000000050E30100000A010040E20600C4E5BD
:1053E000021BA0E3010CA0E326CEFFEB000050E37C
:1053F000BB00000A0500D4E5000050E30100000AEC
:10540000010040E20500C4E5F09FBDE80300D4E5DB
:10541000010080E2FF0000E20300C4E5050050E364
:10542000D6FFFF9A0370C4E50000D5E5040010E341
:10543000D2FFFF1A040080E30000C5E5731FA0E35C
:105440000A00A0E347F2FFEB810F8FE24F3B00EB36
:1054500010629FE50000D6E5000050E30100001A4D
:105460004FBAFFEB3AB9FFEB0000D6E5010050E37D
:105470000000001A36B9FFEB0100D4E5080080E314
:105480000100C4E5BDFFFFEA0400D4E5010080E2AD
:10549000FF0000E20400C4E5050050E3C5FFFF9AE9
:1054A0000470C4E50000D5E5080010E3C1FFFF1A51
:1054B000080080E30000C5E56E1FA0E30A00A0E33A
:1054C00028F2FFEB1A0E8FE2303B00EBB060C9E12F
:1054D00000608AE500608BE5B0119FE53000A0E335
:1054E0000000C1E5A8119FE50208A0E3000081E5E6
:1054F0000020A0E30210A0E10200A0E1FBF6FFEB18
:105500006E1FA0E30A00A0E316F2FFEB0100D4E552
:10551000040080E30100C4E5A6FFFFEA0600D4E52D
:10552000010080E2FF0000E20600C4E5050050E350
:10553000AAFFFF9A0670C4E50000D5E5400010E31D
:10554000A6FFFF1A400080E30000C5E56E1FA0E340
:105550000A00A0E303F2FFEB4E0F8FE20B3B00EBE0
:10556000000098E558819FE5010050E30600000A1D
:10557000006088E5046088E5086088E50100D4E5FE
:10558000040080E30100C4E5F09FBDE8460100EBA4
:10559000000050E34B00000AB060C9E1EC109FE549
:1055A0003000A0E30000C1E500608AE500608BE503
:1055B000DC109FE50208A0E3000081E54E3F00EB10
:1055C0000020A0E30210A0E10200A0E1C7F6FFEB7B
:1055D0006E1FA0E30A00A0E3E2F1FFEB0100D4E5B7
:1055E000040080E30100C4E57CFFFFEA50FF0200F5
:1055F0008CF802004552524F523A20496E636F7246
:1056000072656374204449502D5357207365747438
:10561000696E67730000000055534220464F554E97
:105620004420202020202020200000004C4F474F05
:1056300020494E49542046494E49534820202020B5
:105640002000000094F80200BAF80200D0F802002E
:10565000D4F80200446F776E6C6F6164204261631E
:105660006B757044617461005CF70200526577727B
:1056700069746520416C6C20496D6167652020204C
:10568000202020202020202020202020202020003A
:1056900061F702001459040052657772697465203D
:1056A000416C6C20496D61676520202020202020FE
:1056B00020202020202020202020202020202020EA
:1056C0002000000008590400006088E5046088E5B7
:1056D000086088E50100D4E5040080E30100C4E52A
:1056E000F09FBDE80500D4E5010080E2FF0000E284
:1056F0000500C4E5050050E342FFFF9A0570C4E5CC
:105700000000D5E5100010E33EFFFF1A100080E313
:105710000000C5E5691FA0E30A00A0E391F1FFEBDB
:1057200018009FE5993A00EB0100A0E3B44C00EBB0
:105730000C109FE50100A0E30000C1E5F09FBDE86B
:10574000C4F4020021FA020070402DE968409FE590
:105750000200D4E5000050E30D00001A0150A0E360
:105760000250C4E50410A0E3070DA0E345CDFFEB14
:10577000010050E30700000A0110A0E34000A0E38D
:105780004ACDFFEB0210A0E34000A0E37FCCFFEB8B
:105790000950C4E57080BDE80110A0E34000A0E31B
:1057A0007ACCFFEB0210A0E34000A0E33FCDFFEB7B
:1057B0000000A0E30900C4E57080BDE88CF8020099
:1057C000F0472DE9D0429FE50400D4E5010050E305
:1057D0001800000AC4029FE50110D4E50020D0E5BE
:1057E000000051E30700000A0000D4E5010080E258
:1057F000FF0000E20000C4E5000052E10100008A61
:10580000010082E20000C4E50060A0E30560C4E599
:105810000660C4E50760C4E584829FE5795F48E2DD
:105820000730D4E5030285E0B010D0E1000051E379
:105830000300000A170000EAF047BDE80200A0E3F9
:10584000AC4C00EA081090E5020051E3110000AAF8
:105850000CC0D0E501005CE30E00001A01C081E23B
:1058600008C080E50570D4E55290A0E3871188E078
:10587000049081E5B290D0E1B090C1E1B490D0E164
:10588000B290C1E1011087E20510C4E502005CE3BB
:105890000000001A0C60C0E5010083E2FF0000E296
:1058A0000700C4E50A0050E3DCFFFF3A0500D4E539
:1058B000030050E30800000A0760C4E50730D4E5A0
:1058C000030285E0F010D0E1010051E30500000A79
:1058D000020051E30300000A140000EAFF00A0E305
:1058E0000700C4E5160000EA086080E505C0D4E5BD
:1058F0005470A0E38C1188E0047081E5B270D0E1AF
:10590000B070C1E1B470D0E1B270C1E101108CE2BD
:10591000FF1001E20510C4E502C0A0E3B0C0C0E181
:1059200001C0A0E30CC0C0E5030051E30400002A5D
:10593000010083E2FF0000E20700C4E50A0050E333
:10594000DDFFFF3A0700D4E5010080E20700C4E56F
:1059500003C0A0E30A0000EA010285E0F030D0E1D4
:10596000010053E30100000A020053E30200001AA1
:10597000086080E5B0C0C0E10C60C0E5010081E2D4
:105980000700C4E50710D4E50A0051E3F1FFFF3A30
:105990000510D4E5000051E33A00000A0000D4E508
:1059A000000052E10100008AF4009FE54F4B00EB3C
:1059B0000760C4E5EC709FE507C0D4E50C0285E004
:1059C0000C20D0E5010052E30C00001A0630D4E5AB
:1059D000088090E5031287E0088081E5B080D0E17F
:1059E000B080C1E10C20C1E5B220D0E1B220C1E11C
:1059F000B400D0E1B400C1E1010083E20600C4E5D7
:105A000001008CE2FF0000E20700C4E50A0050E359
:105A1000E8FFFF3A0760C4E507C0D4E50C0285E063
:105A20000C20D0E5000052E30C00001A0630D4E54B
:105A3000086090E5031287E0086081E5B060D0E17E
:105A4000B060C1E10C20C1E5B220D0E1B220C1E1DB
:105A5000B400D0E1B400C1E1010083E20600C4E576
:105A600001008CE2FF0000E20700C4E50A0050E3F9
:105A7000E8FFFF3AF047BDE828109FE5A020A0E32B
:105A8000990F41E2E2ACFFEA66F3FFEB0060C4E588
:105A90000160C4E50360C4E5F087BDE880F802005A
:105AA000382C030068570400E857040030402DE903
:105AB0006DDF4DE24010A0E3170E8DE201ADFFEB6C
:105AC000121EA0E350008DE2FEACFFEB5010A0E3ED
:105AD0000D00A0E1FBACFFEB0050A0E30010A0E341
:105AE0000D00A0E1A72300EBB8108FE20D00A0E1AC
:105AF000B72200EB3C20A0E30010A0E354108DE59A
:105B000050208DE5000050E31200001A50408DE255
:105B10001E0000EA6A00DDE5000050E30B00000A09
:105B20002E0050E31900000A5C00DDE5100010E3D0
:105B30001600000A0B20A0E36C108FE21A0084E22A
:105B400037ACFFFA000050E31000001A040000EA2E
:105B50000D00A0E1B81F00EB0500A0E16DDF8DE2B4
:105B60003080BDE81A2084E248108FE2170E8DE2E3
:105B7000DFAAFFFA170E8DE259ACFFFA170050E3C7
:105B80000200001A170E8DE20C0000EB0050A0E19D
:105B900050108DE20D00A0E17A2300EB000050E3ED
:105BA000EAFFFF1ADAFFFFEA333A000042454C4DA4
:105BB0004F4E545F424D5000333A2F257300000082
:105BC00030402DE95DDF4DE20050A0E30010A0E180
:105BD0000D00A0E17E2200EB000050E31E00001A41
:105BE00050408DE2150000EA6A00DDE5000050E358
:105BF0001700000A2E0050E31000000A5C00DDE5EB
:105C0000100010E30D00001A58108FE21A0084E211
:105C1000F9ABFFFA000050E30500000A1A0084E225
:105C20002FACFFFA080050E30400001A0150A0E373
:105C3000070000EA34108FE21A0084E2EEABFFFAAC
:105C400050108DE20D00A0E14E2300EB000050E368
:105C5000E4FFFF0A0D00A0E1771F00EB0500A0E1C3
:105C60005DDF8DE23080BDE82E626D7000000000C7
:105C70002E64620048109FE50300D1E5000050E368
:105C80000E00000A0500D1E5010080E2FF0000E2FD
:105C90000500C1E50F0050E30800009A0000A0E3F2
:105CA0000300C1E50400D1E5020050E30300002A2F
:105CB00010009FE5001090E5021C81E3001080E5D4
:105CC0001EFF2FE102F90200CCF8020010402DE97E
:105CD00018D04DE2000090E5000090E50030A0E310
:105CE000C8C0A0E314408DE208E08DE204308DE5E9
:105CF00018108EE80228A0E12228A0E10138A0E1D6
:105D000000208DE52338A0E10120A0E32310A0E3CB
:105D1000C45900EB18D08DE21080BDE8021041E2BA
:105D20001C2090E5022042E2010052E10100008ABD
:105D30000000A0E31EFF2FE1302090E5BA00D0E183
:105D4000912020E01EFF2FE1F0472DE90090A0E117
:105D50000180A0E11A0088E24B3900EB000050E31B
:105D60000100000A0000A0E3F087BDE80000D8E5CC
:105D70003F0000E2010040E2001180E0804181E04C
:105D80000160A0E30050A0E3A8A09FE50500DAE7CA
:105D9000080080E03C3900EB0070A0E1000056E311
:105DA0000F00000A010C54E30900002A0700A0E1DB
:105DB000AB2400EB0060A0E10400A0E1800089E0DA
:105DC000B000D0E1014084E2A52400EB000056E1E0
:105DD0000100000A0000A0E3F087BDE80760A0E131
:105DE000040000EAFF0C47E2FF0050E20100000A55
:105DF0000000A0E3F087BDE8015085E20D0055E307
:105E0000E1FFFF3A0000D8E5400010E30700000A78
:105E1000000056E30500000A840089E0B000D0E1EC
:105E2000000050E30100000A0000A0E3F087BDE895
:105E30000100A0E3F087BDE888EF0200F0472DE9FC
:105E40000090A0E10150A0E10270A0E103A0A0E158
:105E50000040A0E368619FE5540096E5000050E330
:105E60000700001A070DA0E32CA9FFFA580086E5E9
:105E70002010A0E32A4B00EB200080E2020180E327
:105E8000540086E5580096E5000050E34B00000AF8
:105E9000540096E54010A0E30010C0E500005AE36E
:105EA0002A80A0E31700000A031085E2FF2001E228
:105EB000011080E20200A0E1500300EB540096E5DF
:105EC0000520A0E10710A0E1030080E29BABFFEBFF
:105ED000540096E5050080E0031080E20900A0E18F
:105EE000460300EB540096E5050080E00580C0E520
:105EF000064085E225F2FFEB0000A0E3542096E582
:105F0000303096E5280000EA0310A0E3851081E018
:105F1000FF2001E2011080E20200A0E1370300EB64
:105F2000060000EA540096E5840080E0031080E259
:105F30000400D7E7310300EB010084E20148C0E32D
:105F4000050054E1F6FFFF3A540096E5850080E035
:105F5000031080E20900A0E1280300EB540096E55D
:105F6000850080E00580C0E50600A0E3854080E074
:105F7000DFFFFFEAB011D6E1B251D6E101C081E204
:105F80007ECBCCE305005CE10500000A00C0D2E74F
:105F900001C0C3E7B011D6E1011081E27E1BC1E36D
:105FA000B011C6E1010080E2FF0000E2040050E110
:105FB000EFFFFF3AF7F1FFEBF047BDE876EEFFEABF
:105FC000F087BDE860F70200F0472DE906DD4DE2FD
:105FD0000090A0E10150A0E10270A0E103A0A0E1C7
:105FE0000040A0E3061DA0E30D00A0E1B5ABFFEB70
:105FF0004000A0E30000CDE500005AE32A80A0E3C2
:106000000D60A0E11600000A030085E2FF0000E237
:10601000011086E2F90200EB0520A0E10710A0E1E3
:10602000030086E245ABFFEB054086E0031084E207
:106030000900A0E1F10200EB0580C4E5062085E23D
:10604000C4109FE50100A0E30100C1E500C0A0E38A
:10605000B2C0C1E1B4C0C1E10000A0E3AC309FE533
:10606000240000EA0300A0E3850080E0FF0000E2D6
:10607000011086E2E10200EB050000EA840086E000
:10608000031080E20400D7E7DC0200EB010084E2A9
:106090000148C0E3050054E1F7FFFF3A854086E080
:1060A000031084E20900A0E1D40200EB0580C4E5FE
:1060B0000600A0E3852080E0E0FFFFEAB240D1E1E6
:1060C000B450D1E1014084E27E4BC4E3050054E1C9
:1060D0000600000A0040D6E7B250D1E10540C3E710
:1060E000B240D1E1014084E27E4BC4E3B240C1E161
:1060F000010080E2FF0000E2020050E1EEFFFF3A03
:1061000001C0C1E506DD8DE2F087BDE818F90200A7
:1061100098630400F0412DE906DD4DE20060A0E146
:106120000180A0E10240A0E10370A0E1061DA0E310
:106130000D00A0E163ABFFEB4000A0E30000CDE564
:106140000600A0E30D50A0E101108DE2AB0200EBD0
:106150005500A0E30300CDE50460CDE5080CA0E107
:10616000400CA0E1330200EB0500CDE50408A0E1FE
:10617000400CA0E12F0200EB0600CDE5040CA0E1ED
:10618000400CA0E12B0200EB0700CDE52A00A0E3C4
:106190000800CDE50000A0E3016047E2060000EA48
:1061A000014080E2840184E0050080E00920A0E352
:1061B0000D10A0E1E1AAFFEBFF0004E2060050E1B0
:1061C000F6FFFFBA874187E070F1FFEB0000A0E324
:1061D00050209FE5303092E50D0000EAB011D2E189
:1061E000B261D2E101C081E27ECBCCE306005CE18A
:1061F0000500000A00C0D5E701C0C3E7B011D2E135
:10620000011081E27E1BC1E3B011C2E1010080E216
:10621000FF0000E2040050E1EFFFFF3A5DF1FFEB09
:1062200006DD8DE2F081BDE860F70200F0412DE966
:106230000060A0E10170A0E10250A0E16C409FE588
:106240004000A0E30000C4E50600A0E3011084E2E2
:106250006A0200EB5500A0E30300C4E50460C4E556
:10626000070CA0E1400CA0E1F20100EB0500C4E541
:106270000508A0E1400CA0E1EE0100EB0600C4E53A
:10628000050CA0E1400CA0E1EA0100EB0700C4E529
:106290002A00A0E30800C4E514009FE50310A0E372
:1062A0000110C0E50010A0E30210C0E5F081BDE8D8
:1062B000F858040098F8020070402DE90C419FE561
:1062C000021BA0E3340094E5EEAAFFEB00019FE57A
:1062D000341094E50800D0E5022BA0E3BA5600EB99
:1062E0000038A0E12338A0E1BA32C4E10050A0E3B5
:1062F000BC52C4E1150000EAD8009FE50C00D0E5CF
:10630000000050E30F00001ABC00D4E1BE20D4E12D
:10631000010080E21E0AC0E3020050E10900000A09
:10632000340094E501C0D0E7BC00D4E1012080E254
:10633000BC20C4E1602094E500C0C2E7BC00D4E109
:106340000E0AC0E3BC00C4E1010081E2BC02C4E16A
:10635000BC12D4E1030051E1E6FFFF3A021BA0E3C7
:10636000010CA0E347CAFFEB000050E31600000A4F
:10637000011AA0E3010CA0E342CAFFEB000050E3C6
:106380001100000A021AA0E3010CA0E33DCAFFEBD2
:10639000000050E30C00000A0810A0E3070DA0E382
:1063A00038CAFFEB000050E30700000A28009FE511
:1063B0000010D0E5000051E30000000A0050C0E5E5
:1063C00028B9FFEB7040BDE873EDFFEA7080BDE8CF
:1063D00060F70200002D0400E858040023FA0200D0
:1063E00070402DE918D04DE20040A0E1430F8FE24C
:1063F000F34F00EB18619FE50600A0E1481600EBA3
:10640000110E8FE2EE4F00EB0410A0E10400A0E1BA
:10641000AC5800EB0050A0E1000055E3040000AAD6
:10642000110E8FE2E64F00EB0500A0E118D08DE2DF
:106430007080BDE8120E8FE2E14F00EB0600A0E194
:10644000371600EB0400A0E14B4800EB0050A0E140
:10645000000055E3030000AA110E8FE2D84F00EBB5
:106460000500A0E1F0FFFFEA0600A0E12C1600EB1A
:10647000430F8FE2D24F00EB0400A0E1925A00EBF1
:106480000050A0E1000055E3030000AA420F8FE294
:10649000CB4F00EB0500A0E1E3FFFFEA0600A0E11F
:1064A0001F1600EB1B00D4E51920D4E5020050E3D1
:1064B0000E00000A010050E30E00000AF8108FE2FF
:1064C000010C8FE2BE4F00EB0410A0E10400A0E13C
:1064D0007C5800EB0050A0E1000055E3480000AA02
:1064E0001900D4E56E2400EB0500A0E1CEFFFFEA21
:1064F000F4108FE2F1FFFFEAF8108FE2EFFFFFEAFE
:10650000436F6E6E65637420646576696365203DD4
:106510003E0A000010270000757362685F676574AB
:106520005F6465766963655F6465736372697074DF
:106530006F72203D3E0A0000757362685F67657484
:106540005F6465766963655F6465736372697074BF
:106550006F72204E4721210A0000000072657365AA
:10656000745F646576696365203D3E0A0000000043
:1065700072657365745F646576696365204E472153
:10658000210A0000757362685F7365745F616464FB
:1065900072657373203D3E0A00000000536574204D
:1065A0006164647265737320636F6D6D616E6420E6
:1065B0006661696C656421210A0000006C6F772DAB
:1065C00073706565640000004E6577202573206454
:1065D0006576696365206164647265737320256400
:1065E0002061737369676E65642E0A006869676865
:1065F0002D7370656564000066756C6C2D73706535
:10660000656400001110D4E5010051E30100000AA7
:10661000070D8FE26A4F00EB010AA0E30A5700EB77
:106620000050A0E10500B0E10B00000A1C5084E519
:10663000012AA0E30510A0E10400A0E1E95700EB66
:106640000060A0E1000056E3070000AA1900D4E5AD
:10665000132400EB0600A0E173FFFFEA1900D4E564
:106660000F2400EB0900E0E36FFFFFEA010AA0E35B
:10667000F55600EB0060A0E10E10D4E5000051E3F8
:106680000600000A013AA0E30620A0E10400A0E110
:10669000375800EB0610A0E15D0F8FE2014100EBDF
:1066A0000F10D4E5000051E30600000A013AA0E310
:1066B0000620A0E10400A0E12D5800EB0610A0E1A7
:1066C000570F8FE2F74000EB1010D4E5000051E3C4
:1066D0000600000A013AA0E30620A0E10400A0E1C0
:1066E000235800EB0610A0E1050D8FE2ED4000EB12
:1066F000011AA0E30600A0E1B45700EB0510D5E5B0
:106700000400A0E11A5A00EB0060A0E1000056E38B
:10671000060000AA0510D5E5120E8FE2284F00EB07
:106720001900D4E5DE2300EB0600A0E13EFFFFEAFE
:106730000510A0E10400A0E1665800EB0060A0E1B4
:10674000000056E3060000AA0510D5E5430F8FE2CE
:106750001B4F00EB1900D4E5D12300EB0600A0E1AC
:1067600031FFFFEA0700D5E5200010E31000000A22
:106770000000A0E34B1FA0E314208DE210108DE574
:106780000010A0E104008DE508008DE50C208DE5EA
:1067900000008DE50130A0E30320A0E30400A0E1A8
:1067A000205700EB000050E3010000AACC008FE26C
:1067B000034F00EBFC009FE5082090E5000052E34A
:1067C0000200000A0010A0E30400A0E132FF2FE164
:1067D0000600A0E114FFFFEA5761726E696E67213F
:1067E0002054686973206465766963652068617305
:1067F000206D756C7469706C6520636F6E66696777
:1068000075726174696F6E73205B25645D2E200A5A
:10681000000000004D616E7566616374757265728B
:106820003A20000050726F647563743A20000000D3
:1068300053657269616C204E756D6265723A200015
:1068400053657420636F6E66696775726174696FF2
:106850006E202564206661696C6564210A00000071
:10686000506172736520636F6E66696775726174DB
:10687000696F6E202564206661696C6564210A0079
:1068800044657669636520646F6573206E6F74205C
:106890006163636570742072656D6F7465207761E4
:1068A0006B65757020656E61626C6520636F6D6DE0
:1068B000616E642E0A000000C4FF0200F0402DE962
:1068C000D8C09FE50310D0E5302041E2090052E333
:1068D0000200009A412041E2050052E32D00008AA7
:1068E0000220D0E5304042E2090054E30200009A61
:1068F000413042E2050053E32600008A0030D0E533
:10690000305043E2090055E30200009A416043E23F
:10691000050056E31F00008A0100D0E5306040E228
:10692000090056E30200009A417040E2050057E377
:106930001800008A410053E30200003A373043E276
:106940000336A0E1000000EA0536A0E1410050E373
:106950000200003A370040E2000483E0000000EA51
:10696000060483E0410052E30200003A372042E28D
:10697000020280E0000000EA040280E0410051E3EE
:106980000200003A010080E037C040E2010000EA66
:10699000010080E030C040E20C00A0E1F080BDE8E2
:1069A000FFFF0F0030402DE90040A0E10020A0E3F0
:1069B0000000A0E30F0000EA0032A0E10200D4E7EB
:1069C00030C040E209005CE30200009A415040E21E
:1069D000050055E30A00008A410050E30200003A36
:1069E000370040E2030080E1000000EA03008CE190
:1069F000012082E2FF2002E2010052E1EDFFFF3AB6
:106A00003080BDE80000E0E33080BDE820109FE565
:106A10000020E0E3BE21C1E10000D0E5300040E20B
:106A2000090050E30000008ABE01C1E1BE01D1E1CE
:106A30001EFF2FE160F702000A0050E3030000BAD6
:106A4000370080E2000CA0E1400CA0E11EFF2FE126
:106A50000300002A300080E2000CA0E1400CA0E11D
:106A60001EFF2FE10000E0E31EFF2FE140209FE525
:106A70000010E0E3B212C2E10010D0E5301041E2B4
:106A8000090051E30800008A0100D0E5300050E31E
:106A90000500003A390050E30300008A011181E04B
:106AA000810080E0300040E2B202C2E1B202D2E1F5
:106AB0001EFF2FE160F702000010A0E13C009FE5FF
:106AC0000010D1E5302041E2090052E30200009AB3
:106AD000413041E2050053E30400008A410051E3E4
:106AE0000300003A370041E20008A0E12008A0E1DD
:106AF0001EFF2FE10208A0E12008A0E11EFF2FE108
:106B0000FFFF00000010A0E17C009FE50020D1E520
:106B1000303042E2090053E30200009A41C042E2F1
:106B200005005CE31200008A0110D1E530C041E2AB
:106B300009005CE30200009A41C041E205005CE309
:106B40000B00008A410052E30200003A372042E283
:106B5000020200E0000000EA030200E0410051E30D
:106B60000400003A010080E0370040E20008A0E1A4
:106B70002008A0E11EFF2FE1010080E0300040E28C
:106B80000008A0E12008A0E11EFF2FE1FFFF0000A8
:106B900064309FE50010E0E3B012C3E10010D0E5DF
:106BA000302041E2090052E31100008A0110D0E5D3
:106BB000300051E30E00003A390051E30C00008A26
:106BC0000200D0E5300050E30900003A390050E3FC
:106BD0000700008A64C0A0E39C0202E0301041E29A
:106BE000011181E0811082E0010080E0300040E28C
:106BF000B002C3E1B002D3E11EFF2FE160F7020053
:106C00009F0050E30300009A3720A0E3202282E097
:106C10000020C1E5020000EA3020A0E3202282E04B
:106C20000020C1E50F0000E2090050E30200009AD5
:106C3000370080E20100C1E51EFF2FE1300080E255
:106C40000100C1E51EFF2FE1F0432DE901DB4DE21C
:106C500091DF4DE25010A0E35F8E8DE20800A0E1CD
:106C600098A8FFEB3C20A0E32C129FE5D97F8DE292
:106C70000700A0E166A8FFEB121EA0E3094D8DE21C
:106C80000400A0E18FA8FFEB10029FE510529FE5E2
:106C9000000090E5010050E30600000A000095E5C1
:106CA000020980E3000085E50000E0E301DB8DE2FE
:106CB00091DF8DE2F083BDE80120A0E3791F8FE230
:106CC0000000A0E3101D00EBDC019FE50120A0E324
:106CD0001D1E8FE20C1D00EB0010A0E30800A0E1D8
:106CE000281F00EB711F8FE20800A0E1381E00EBA7
:106CF000000050E30400000A000095E5020880E36C
:106D0000000085E50000E0E3E7FFFFEA0800A0E1FE
:106D1000491B00EB651F8FE20800A0E12C1E00EB71
:106D20003C00A0E30010A0E340028DE544128DE595
:106D300088619FE50410A0E10800A0E1111F00EBAD
:106D4000000050E30E00001A5A02DDE5000050E397
:106D50000B00000A2E0050E3F5FFFF0A1A9084E2B0
:106D60004C02DDE5100010E3F1FFFF1A151E8FE263
:106D70000900A0E1A0A7FFFA000050E30D00001AEF
:106D8000070000EA0C00D6E5000050E30200001AFC
:106D9000000095E5020880E3000085E50000E0E3DF
:106DA000C1FFFFEA121E8FE20900A0E192A7FFFADD
:106DB000000050E3DEFFFF0A14119FE53C20A0E332
:106DC0000700A0E112A8FFEB0C20A0E31A1084E258
:106DD0000F0087E2D9A7FFEB1A0084E2C0A7FFFAF1
:106DE0000C0050E30100000A0000E0E3AEFFFFEA00
:106DF000E0009FE50820A0E31A1084E2CFA7FFEB94
:106E00003A5E8DE20540A0E10120A0E30710A0E179
:106E10000400A0E1DD1C00EBBC109FE51C4081E5F7
:106E2000B8409FE5000050E30B00001A0170A0E39A
:106E30000070C4E5092DA0E3101085E20D00A0E16B
:106E4000F3A7FFEB3A3E8DE20F0093E8601A00EBE8
:106E5000010050E30000001A0C70C6E50000D4E504
:106E6000010050E30300001A0500A0E1E41A00EB62
:106E70000000A0E30000C4E50800A0E1EE1A00EB6A
:106E80000C00D6E5000050E30100000A0000A0E37A
:106E900085FFFFEA0000E0E383FFFFEA4CEF02001A
:106EA00050FF0200CCF80200333A0000E82E040044
:106EB000333A2F42454C4D4F4E545F4845580000E1
:106EC000E85804002E686578000000002E484558F8
:106ED0000000000010EF020040FA020020FA020059
:106EE00062F80200F04F2DE99DDF4DE20040A0E185
:106EF0000000A0E314008DE50070A0E30090A0E383
:106F00000800A0E3E44900EBD8B89FE510009BE53A
:106F1000000050E30800001A9A0EA0E3FFA4FFFA55
:106F200010008BE514008BE52010A0E3FC4600EB7D
:106F3000200080E2020180E310008BE514009BE555
:106F4000000050E30300000A48009BE5000050E306
:106F50000300000A0B0000EA0100A0E39DDF8DE2C0
:106F6000F08FBDE8190DA0E3ECA4FFFA400080E229
:106F700048008BE52010A0E3E94600EB200080E20A
:106F8000020180E344008BE548009BE5000050E3EC
:106F90000E00000A50089FE5001090E5011081E204
:106FA000001080E544A89FE50000DAE5300050E3DA
:106FB0000800000A310050E30600000A320050E3E6
:106FC0000400000A330050E30200000A050000EA52
:106FD0000100A0E3E0FFFFEA180084E2DA3100EBF1
:106FE0000068A0E12668A0E10000DAE5410050E376
:106FF0000700000A420050E30500000A430050E386
:107000000300000A440050E30100000A450050E379
:107010000300001A030084E2CB3100EB0068A0E11A
:107020002668A0E10120A0E30410A0E118008DE291
:10703000561C00EBB8879FE5000050E30400000AEF
:10704000000098E5020480E3000088E50100A0E369
:10705000C1FFFFEA18008DE23C008BE510109BE5B4
:1070600014308DE23620A0E318008DE2A51D00EB60
:10707000B411DDE1000051E30100000A000050E31B
:107080000400000A000098E5020480E3000088E59F
:107090000100A0E3B0FFFFEA10009BE50010D0E57F
:1070A000420051E30200001A0110D0E54D0051E307
:1070B0000400000A000098E5020480E3000088E56F
:1070C0000100A0E3A4FFFFEA0A10D0E50B20D0E501
:1070D000021481E10C20D0E5021881E10D20D0E5F9
:1070E000021C81E110108DE51210D0E51320D0E5CF
:1070F000021481E11420D0E5021881E11520D0E5C9
:10710000024C81E1000054E30100000A320E54E316
:107110000400009A000098E5010580E3000088E57E
:107120000100A0E38CFFFFEA1610D0E51720D0E5A0
:10713000021481E11820D0E51900D0E5021881E1A0
:10714000005C81E1000055E30100000A1E0E55E3DA
:107150000400009A000098E5010580E3000088E53E
:107160000100A0E37CFFFFEA0000DBE5020050E342
:107170000E00001A08208DE20010A0E30600A0E136
:1071800095E1FFEB08009DE5040050E10200001AC4
:107190000C009DE5050050E10400000A000098E5A0
:1071A000010480E3000088E50100A0E36AFFFFEA34
:1071B00010009BE51F20A0E31C00D0E5180050E361
:1071C0000600001A0170A0E3841084E02C108BE507
:1071D000811182E0A112A0E10111A0E130108BE544
:1071E000100050E30600001A0270A0E38400A0E142
:1071F0002C008BE5040282E0A002A0E10001A0E1E6
:1072000030008BE5000057E30400000AE4159FE519
:107210000000D1E5000050E30500000A0A0000EA82
:10722000000098E5020480E3000088E50100A0E387
:1072300049FFFFEA0020DAE5300052E30200001ABD
:10724000B4259FE50238A0E3003082E5000050E35A
:107250000500001A0000DAE5410050E30200001AC0
:1072600098159FE590059FE5041080E510209DE5A9
:107270000030A0E318008DE2F91900EBFF0C56E393
:107280000500003A0000DBE5010050E30200001AAF
:1072900064059FE5040090E5A095A0E160059FE5E9
:1072A000FF0C56E30500003A0010DBE5020051E355
:1072B0000200001A141090E5861181E0049091E517
:1072C000FF0C56E30500002A0010DBE5010051E346
:1072D0000200001A20159FE5001091E5A195A0E19C
:1072E000FF0C56E30500002A0010DBE5020051E325
:1072F0000200001A141090E5861181E0049091E5D7
:10730000FC049FE5100090E534008BE5D4A49FE5D4
:10731000961EA0E310009AE5DAA6FFEB10109AE59E
:1073200030209AE514308DE218008DE2F51C00EB58
:10733000000050E30400000A000098E5020480E326
:10734000000088E50100A0E303FFFFEAB401DDE1EE
:10735000000050E31100000A88149FE5301091E509
:10736000010050E13400000A94049FE5101090E5FC
:1073700070049FE5340090E5010040E08410A0E136
:10738000950101E0010050E11D00000A000098E5B0
:10739000020480E3000088E50100A0E3EEFEFFEABE
:1073A0005C049FE5101090E538049FE5340090E5FB
:1073B000010040E08410A0E1950101E0010050E1EE
:1073C0000400000A000098E5020480E3000088E55C
:1073D0000100A0E3E0FEFFEA28149FE50100A0E31E
:1073E0000000C1E50538A0E10428A0E12338A0E1B0
:1073F0002228A0E10910A0E10600A0E1DCE7FFEBF4
:10740000090000EAFC139FE50100A0E30000C1E5CC
:107410000538A0E10428A0E12338A0E12228A0E15A
:107420000910A0E10600A0E1D1E7FFEBB4A39FE5BE
:107430000000A0E30500CAE59D0000EA010057E353
:107440002F00001A00A0A0E398039FE5440090E5F8
:107450006C028DE58C039FE52C0090E568028DE5BC
:107460001E0000EA100092E50A1080E00230D1E52B
:107470000110D1E50A00D0E7A331A0E18335A0E1F6
:107480002111A0E1811283E1A00181E1BA00C2E1F2
:107490002024A0E104208DE500008DE568029DE533
:1074A0000310A0E3F5ABFFEB80B0A0E10310A0E375
:1074B0000A00A0E1F1ABFFEB000060E280108BE07E
:1074C0006C029DE5001081E000009DE5020041E5B1
:1074D00004209DE5012041E503008AE201A8C0E304
:1074E00068029DE5FC229FE500005AE1DCFFFF3ABF
:1074F000F0029FE56C129DE5100090E58420A0E16C
:107500000EA6FFEB020057E31D00001A0000A0E3E7
:10751000D0329FE52C2093E544C093E5130000EAA8
:10752000101093E500A0D1E7001081E00110D1E533
:1075300001148AE1BC10C3E11FAB01E23EBE01E2CF
:107540008AA0A0E18BA08AE11F1001E20A1081E16C
:10755000BA10C3E121B4A0E100A042E00CA08AE08F
:1075600002104AE501B04AE5020080E20108C0E3EA
:10757000020050E1E9FFFF3A100093E50C10A0E192
:10758000EEA5FFEB0000A0E358A29FE58430A0E148
:10759000120000EA841060E0011041E20128A0E13D
:1075A0002228A0E110109AE500C081E001B0DCE5DE
:1075B00002E0D1E701E0CCE502B0C1E7012042E200
:1075C0000228A0E12228A0E100C0D1E702B0D1E763
:1075D00000B0C1E702C0C1E7020080E20108C0E3D9
:1075E000A30050E1EAFFFF3A14129FE534009AE548
:1075F000101091E5842080E0021781E2EE1B81E209
:10760000010052E10400009A000098E5010580E3C2
:10761000000088E50100A0E34FFEFFEA10109AE5A4
:107620000320A0E1C5A5FFEB34009AE5840080E0CB
:1076300034008AE534FFFFEAC4B19FE58000A0E191
:1076400010109BE58470A0E1901421E010009AE5F1
:107650000720A0E1B9A5FFEB0500DAE510109BE5D6
:10766000002045E0012042E28220A0E1921423E0C4
:107670008000A0E1941020E00720A0E10310A0E129
:10768000AEA5FFEB0510DAE510009BE50720A0E1B1
:10769000011045E0011041E28110A0E1910420E0D9
:1076A00010109AE5A5A5FFEB0500DAE5010080E2E0
:1076B0000500CAE50500DAE5A50050E1DDFFFF3A67
:1076C0000100DAE5010050E30C00001A0000A0E31D
:1076D0002C119FE5102091E58410A0E1950101E0B7
:1076E000040000EA0030D2E71CC09AE50C3083E0C9
:1076F0001C308AE5010080E2000051E1F8FFFF8ABA
:107700008905A0E10030DAE534109AE50070A0E1C7
:107710000620A0E15BE6FFEB38008AE5001098E563
:10772000020611E30100000A0100A0E30AFEFFEADD
:10773000FF0C56E30400003A0010DAE5010051E3C3
:107740000100001AB0109FE5040081E5FF0C56E32C
:107750000400002A0010DAE5010051E30100001ADC
:1077600094109FE5000081E588109FE50100A0E3EB
:107770000000C1E570009FE5041090E5011081E272
:10778000041080E50100DAE5010050E30500001A6D
:107790000528A0E10418A0E12228A0E12118A0E119
:1077A0000700A0E17DF6FFEB14009AE5000050E32E
:1077B0000300000AF4A2FFFA0000A0E310008AE52B
:1077C00014008AE548009AE5000050E30300000A2F
:1077D000EDA2FFFA0000A0E348008AE544008AE534
:1077E0000000A0E3DCFDFFEAB4F802000859040041
:1077F00061F70200CCF8020063F70200145904009C
:107800000000220BC02C030062F70200F0412DE9BA
:107810000070A0E10180A0E1005097E5000058E36E
:107820000600000A0810A0E10700A0E1932000EB89
:10783000020050E30900002A0100A0E3F081BDE846
:10784000146095E5000056E30200000A1C0095E56F
:10785000060050E10700008A0160A0E3050000EA8D
:10786000010070E3F4FFFF0A1C1095E5000051E1F0
:10787000F1FFFF8A0860A0E1180095E5000050E3E1
:107880001E00000A0000D5E5040050E31D00000AB8
:107890000040A0E3080056E11500001A014086E20E
:1078A0001C0095E5040050E10000008A0240A0E3BE
:1078B0000410A0E10700A0E1702000EB010050E3FC
:1078C000DDFFFF0A010070E3DBFFFF0A000050E369
:1078D0000700000A140095E5020050E30300003A97
:1078E0001C1095E5000051E10000009A0060A0E145
:1078F0000040A0E3000054E34600000A5C0000EAF8
:107900000000A0E3F081BDE80120A0E30610A0E1A3
:107910000500A0E1991E00EB0040A0E10400B0E1E9
:107920001000000A010074E30E00000A0130A0E319
:107930000320A0E10410A0E10500A0E155F5FFEB54
:10794000020050E30900000A010050E30900000AA8
:10795000000058E30900000A0710D7E5020051E3D0
:107960000900000A100000EA0400A0E1F081BDE86F
:107970000100A0E3F081BDE80000E0E3F081BDE894
:107980000210A0E30710C7E5070000EA011086E235
:10799000010054E10400000A081097E5011046E0D8
:1079A000181087E50310A0E30710C7E50710D7E517
:1079B000020051E33A00000A011088E2010054E19C
:1079C0000700001A1C1097E5000051E30100000AAF
:1079D000011081E2000000EA0210A0E31C1087E51C
:1079E0002F0000EA1C0097E50160A0E3000050E3CF
:1079F0000000001A1C6087E50420A0E10810A0E147
:107A00000700A0E1441E00EB000050E32400001A30
:107A10001C6087E5220000EA0640A0E1014084E204
:107A20001C0095E5040050E10400008A0240A0E338
:107A3000020056E30100002A0000A0E3F081BDE847
:107A40000410A0E10700A0E10C2000EB000050E3CF
:107A50000700000A010050E377FFFF0A010070E30E
:107A600075FFFF0A060054E1EBFFFF1A0000A0E3D8
:107A7000F081BDE80020E0E30410A0E10500A0E1F2
:107A8000A03C00EB000050E30500001A000058E3A2
:107A90000300000A0420A0E10810A0E10500A0E115
:107AA000983C00EB000050E30400000A010050E3A2
:107AB0000E00000A0140A0E30400A0E1F081BDE84F
:107AC000144085E51C1095E5180095E5021041E28B
:107AD000010050E10100008A010040E2180085E544
:107AE0000400D5E5010080E30400C5E5F1FFFFEAED
:107AF0000040E0E3EFFFFFEAF34F2DE904D04DE251
:107B00000170A0E1000097E500008DE504009DE50F
:107B1000000090E50CA090E50040A0E30D00A0E17E
:107B2000284A00EB010070E31700000A010850E347
:107B30000400003A0410A0E12028A0E181108AE0AE
:107B4000014084E2B020C1E10058A0E12558A0E145
:107B5000200055E30E00003A2F0055E30C00000A08
:107B60005C0055E30A00000A800055E30C00002A7F
:107B70000510A0E1C70F8FE219A4FFFB000050E33E
:107B80000700000A0600A0E3FE8FBDE80600A0E3A0
:107B9000FE8FBDE8200055E30C00002A0460A0E33E
:107BA000160000EAFF0054E30100003A0600A0E3DB
:107BB000FE8FBDE80400A0E180008AE0014084E27D
:107BC000B050C0E1D4FFFFEA010080E200008DE583
:107BD00000009DE50010D0E52F0051E3F9FFFF0AFA
:107BE0005C0051E3F7FFFF0A0060A0E300009DE5A1
:107BF0000000D0E5200050E30000002A0460A0E36C
:107C000000009DE5000087E5070000EA010044E26E
:107C100080008AE0B000D0E1200050E30100000ABB
:107C20002E0050E30200001A014044E2000054E339
:107C3000F5FFFF1A0000A0E384108AE0B000C1E164
:107C4000000054E30100000A0070A0E3020000EA13
:107C50000600A0E3FE8FBDE8017087E287008AE09E
:107C6000B000D0E1200050E3FAFFFF0A000057E324
:107C70000200001AB000DAE12E0050E30200001A00
:107C8000036086E3000000EA014044E2000054E3A0
:107C90000400000A010044E280008AE0B000D0E164
:107CA0002E0050E3F7FFFF1A04009DE52020A0E31B
:107CB0000B10A0E3400080E26EA4FFEB0080A0E385
:107CC0000890A0E108B0A0E30700A0E180008AE0EE
:107CD000B050D0E1017087E2000055E31800000ABF
:107CE000200055E30300000A2E0055E30300001AAC
:107CF000040057E10100000A036086E3F1FFFFEA98
:107D00000B0058E10100002A040057E11100001A9D
:107D10000B005BE30900000A040057E10000000AC1
:107D2000036086E30600008A0470A0E10880A0E3F7
:107D30000BB0A0E3090DA0E1209CA0E1E1FFFFEA68
:107D4000036086E304009DE54000D0E5E50050E3D4
:107D50003600000A380000EA800055E30900003AC6
:107D6000026086E338119FE50500A0E1A21C00EB4C
:107D70000050A0E1800015E30200000A24119FE5F5
:107D80007F0005E20050D1E7010C55E30C00003AFA
:107D900001004BE2000058E10200003A036086E374
:107DA0000B80A0E1C7FFFFEA04109DE50800A0E1F9
:107DB0002524A0E1010080E0018088E24020C0E5A8
:107DC000140000EA000055E30400000A0510A0E1D9
:107DD000D4008FE282A3FFFB000050E30200000A00
:107DE0005F50A0E3036086E30A0000EA410045E239
:107DF000190050E30000008A029089E3610045E227
:107E0000190050E30300008A019089E3200045E255
:107E10000058A0E12558A0E104109DE50800A0E16C
:107E2000010080E0018088E24050C0E5A5FFFFEA44
:107E300004009DE50510A0E34010C0E508005BE3E9
:107E40000100001A090DA0E1209CA0E10C00A0E3B4
:107E50000900D0E10200000A0300A0E30900D0E11C
:107E60000000001A026086E3020016E30500001A13
:107E7000010019E30000000A106086E3040019E322
:107E80000000000A086086E304009DE54B60C0E541
:107E90000000A0E3FE8FBDE82A3A3C3E7C223F7FF3
:107EA00000000000B501000095EF02002B2C3B3DC7
:107EB0005B5D0000F05F2DE90060A0E10190A0E1B2
:107EC0004010A0E30600A0E1EEA3FFEB8500A0E3D5
:107ED0000000C6E5C000A0E32000C6E54040A0E3E6
:107EE0000050A0E30580A0E10170A0E300A0A0E3A2
:107EF000C1B0A0E3010084E204B0C6E7014080E223
:107F000000A0C6E7000057E30500000A850089E0ED
:107F1000B070D0E1000057E30100000A010085E2E3
:107F2000FF5000E2040086E00710A0E1CB4400EB24
:107F3000024084E21F0014E3F1FFFF1A010088E20F
:107F4000FF8000E2850089E0B000D0E1000050E34E
:107F5000E7FFFF1A2350C6E5010088E20100C6E5ED
:107F60000900A0E1485700EB0010A0E1240086E2E0
:107F7000F05FBDE8B94400EA000050E30100000AE8
:107F80000000A0E31EFF2FE10000A0E31EFF2FE191
:107F9000000050E30100000A0000A0E31EFF2FE1F3
:107FA0000000A0E31EFF2FE10200D0E5060050E331
:107FB0000500000A18009FE50010D0E5021081E3DB
:107FC0000010C0E50000A0E31EFF2FE10100A0E3C8
:107FD0001EFF2FE120FA0200F04F2DE95CD04DE2A8
:107FE0000040A0E10260A0E10090A0E30050A0E307
:107FF000FF1001E20400A0E1405700EB00A0A0E167
:10800000010084E2BEFAFFEBFF0000E23C008DE5D8
:10801000F47E9FE5B601D7E100B0A0E3000050E395
:108020000B00000A0300D4E5440050E30800000AF6
:108030000330A0E30220A0E30A10A0E33100A0E394
:1080400033F8FFEBB6B1C7E10100A0E35CD08DE2ED
:10805000F08FBDE80300D4E5590050E30200001A98
:108060000410D4E5360051E30100001A590050E332
:108070000600000A0A00D7E5590050E30300001A81
:10808000880E9FE501B0C0E504B080E500B0C0E512
:108090000300D4E50A00C7E5B011D7E1BE12C7E17D
:1080A000410040E2190050E31680A0E300F18F3058
:1080B000FF0E00EA3C0500EAB90400EA260300EAE4
:1080C000140000EA840C00EA9F0D00EA5E0100EA59
:1080D000F80C00EA400500EAF50E00EAF40E00EAAA
:1080E000F30E00EACD0300EAD80E00EAF00E00EA33
:1080F000220200EAB30200EAED0E00EAEC0E00EA0A
:10810000EB0E00EAEA0E00EAE90E00EADA0800EAFD
:10811000070D00EA550B00EA1000D4E52C0050E3EF
:108120000300000A2A0050E30100000A0000A0E357
:10813000C5FFFFEA0400D4E5300050E30100000A67
:10814000310050E30000001AB6B1C7E1300050E33F
:108150000500000A310050E30300000A380050E334
:108160000100000A390050E32A01001AA00D9FE522
:1081700058008DE5B000D0E1BC01CDE1940D9FE544
:1081800054008DE5B200D0E1BE01CDE1880D9FE540
:1081900050008DE5B400D0E1B002CDE17C2D9FE52B
:1081A0007C1D9FE57C0D9FE5E4A2FFEB850085E04B
:1081B000009184E00B00D9E5310040E2030050E378
:1081C0000100003A0000A0E39FFFFFEA0B0089E2F4
:1081D0000DFAFFEBFF0000E2FF0050E31900000A78
:1081E000010040E2FF8000E20410D7E50100A0E3B7
:1081F0001008A0E1010010E10A00000A1C208DE235
:10820000882082E0B0B0C2E1082488E0883482E0AF
:10821000102D9FE5832082E0062C82E2B0B0C2E1FF
:108220000000C1E10400C7E51C008DE2880080E089
:108230004C008DE5B000D0E1800050E30300003A2F
:108240000000A0E380FFFFEA0000A0E37EFFFFEA5A
:10825000D41C9FE5010088E20400C1E5050089E225
:108260004AFAFFEBC01C9FE5B000C1E1080089E2BB
:1082700046FAFFEBB01C9FE5B200C1E1B020D1E1AE
:10828000A81C9FE5010052E10100001A0000A0E3D4
:108290006DFFFFEA010050E10100001A0000A0E3B9
:1082A00069FFFFEA0C0089E283F9FFEB801C9FE580
:1082B000010050E10100001A0000A0E362FFFFEAA4
:1082C0000C0089E27CF9FFEB5C9C9FE50008A0E1D3
:1082D0002008A0E1B600C9E10410D9E5011041E28F
:1082E000030051E30100003A0000A0E356FFFFEA5B
:1082F000B010D9E1320E51E30200008AB210D9E188
:108300001E0E51E30300009A281C9FE5002091E512
:10831000012682E3002081E50A2089E2081089E233
:1083200075C2FFEB000050E30300001A040C9FE548
:10833000001090E5021781E3001080E5B000D9E15C
:10834000B820D9E1021080E0320E51E30400008A27
:10835000B210D9E1BA30D9E1031081E01E0E51E329
:108360000300009ACC1B9FE5003091E5013683E3C2
:10837000003081E5BC1B9FE5001091E5010611E38B
:108380000A00000AAC0B9FE5001090E50116C1E35E
:10839000001080E50330A0E30220A0E30810A0E372
:1083A0003100A0E35AF7FFEB0100A0E326FFFFEA4C
:1083B000020711E30A00000A780B9FE5001090E520
:1083C0000217C1E3001080E50330A0E30120A0E321
:1083D0000810A0E33100A0E34DF7FFEB0100A0E39C
:1083E00019FFFFEA00808DE5BA30D9E1B210D9E17A
:1083F000F0B0FFEB5C0087E5010070E31200000ABB
:10840000082488E0883482E0182B9FE5B010D9E179
:10841000832082E0800080E0000182E0B010C0E1B3
:10842000B210D9E1B210C0E1B610D9E1B610C0E186
:108430000410D9E50410C0E5BA10D9E1BA10C0E1C2
:10844000B810D9E1B810C0E1180000EA4C009DE571
:10845000B010D0E1080488E0882480E0C40A9FE5D9
:10846000820080E0062CA0E3B01082E1B020D9E1C8
:10847000813081E0030180E0B020C0E1B220D9E189
:10848000B220C0E1B620D9E1B620C0E10420D9E590
:108490000420C0E5BA20D9E1BA20C0E1B820D9E172
:1084A000B820C0E1010081E24C109DE5B000C1E1BF
:1084B0004C009DE5B000D0E1800050E30100003A9F
:1084C0000000A0E3E0FEFFEA081488E0882481E0D1
:1084D000501A9FE5821081E0061C81E2B000C1E1E4
:1084E000010085E20158C0E3010045E2800080E020
:1084F000000184E01000D0E52C0050E30100001AD8
:10850000010C55E328FFFF3A102A9FE5141A9FE556
:108510000C0A9FE509A2FFEB0400D4E5300050E30C
:108520000800000A310050E30600000A04B0C7E565
:108530000400D4E5300050E33100000A380050E375
:108540002F00000A330000EA58109DE5B0C0D1E1C9
:1085500000005CE30200000A0410D7E5011081E38B
:108560000410C7E554109DE5B210D1E1000051E3BD
:108570000200000A0420D7E5022082E30420C7E5B8
:1085800050209DE5B420D2E1000052E30200000A31
:108590000430D7E5043083E30430C7E506B0C7E50F
:1085A00094399FE50A008DE8300040E208208DE50F
:1085B00088399FE568199FE5FF0000E20C20A0E1E3
:1085C000C1B7FFEB58009DE5B0B0C0E154009DE598
:1085D000B2B0C0E150009DE5B4B0C0E10600D7E5FF
:1085E000010050E30400000A48099FE5001090E5EF
:1085F0000213C1E3001080E5CCFFFFEA0000A0E316
:1086000091FEFFEA0030A0E30320A0E10310A0E107
:108610000A00A0E108F6FFEB0400D4E5380050E3BF
:108620000100000A390050E30100001A6410A0E3C1
:10863000B611C7E1310050E30100000A390050E3F0
:108640009B0D001A0100A0E37FFEFFEA0400D4E5C1
:10865000300040E2080050E300F18F30940D00EA52
:10866000060000EA1F0000EA380000EA4D0000EAB8
:10867000620000EA7B0000EA900000EAA90000EA3C
:108680000510D4E5310041E2030050E30100003A57
:108690000000A0E36CFEFFEA0600D4E5312040E2D2
:1086A000030052E30300003A460050E30100000AD1
:1086B0000000A0E364FEFFEA302040E2301041E217
:1086C0000B00A0E1F9B7FFEB000056E3780D001AAC
:1086D0000030A0E30320A0E10310A0E10A00A0E124
:1086E000D5F5FFEB720D00EA0510D4E5310041E24B
:1086F000030050E30100003A0000A0E352FEFFEA4D
:108700000600D4E5312040E2030052E30300003AC2
:10871000460050E30100000A0000A0E34AFEFFEA21
:10872000302040E2301041E20100A0E3DFB7FFEB70
:10873000000056E35E0D001A0030A0E30320A0E124
:108740000310A0E10A00A0E1BBF5FFEB580D00EA21
:108750000500D4E5460050E30100000A0000A0E354
:1087600039FEFFEA0600D4E5460050E30100000AA6
:108770000000A0E334FEFFEA1620A0E30210A0E10F
:108780000200A0E3C9B7FFEB000056E3480D001A52
:108790000030A0E30320A0E10310A0E10A00A0E163
:1087A000A5F5FFEB420D00EA0500D4E5460050E3D5
:1087B0000100000A0000A0E323FEFFEA0600D4E562
:1087C000460050E30100000A0000A0E31EFEFFEA9D
:1087D0001620A0E30210A0E10300A0E3B3B7FFEB73
:1087E000000056E3320D001A0030A0E30320A0E1A0
:1087F0000310A0E10A00A0E18FF5FFEB2C0D00EAC9
:108800000510D4E5310041E2030050E30100003AD5
:108810000000A0E30CFEFFEA0600D4E5312040E2B0
:10882000030052E30300003A460050E30100000A4F
:108830000000A0E304FEFFEA302040E2301041E2F5
:108840000400A0E399B7FFEB000056E3180D001AEF
:108850000030A0E30320A0E10310A0E10A00A0E1A2
:1088600075F5FFEB120D00EA0500D4E5460050E374
:108870000100000A0000A0E3F3FDFFEA0600D4E5D2
:10888000460050E30100000A0000A0E3EEFDFFEA0D
:108890001620A0E30210A0E10500A0E383B7FFEBE0
:1088A000000056E3020D001A0030A0E30320A0E10F
:1088B0000310A0E10A00A0E15FF5FFEBFC0C00EA69
:1088C0000510D4E5310041E2030050E30100003A15
:1088D0000000A0E3DCFDFFEA0600D4E5312040E221
:1088E000030052E30300003A460050E30100000A8F
:1088F0000000A0E3D4FDFFEA302040E2301041E266
:108900000600A0E369B7FFEB000056E3E80C001A8D
:108910000030A0E30320A0E10310A0E10A00A0E1E1
:1089200045F5FFEBE20C00EA0500D4E5460050E314
:108930000100000A0000A0E3C3FDFFEA0600D4E541
:10894000460050E30100000A0000A0E3BEFDFFEA7C
:108950001620A0E30210A0E10700A0E353B7FFEB4D
:10896000000056E3D20C001A0030A0E30320A0E17F
:108970000310A0E10A00A0E12FF5FFEBCC0C00EA08
:1089800000A0C7E50400D4E50100C7E502B0C7E5D3
:1089900003B0C7E5450050E30400000A0900D4E530
:1089A0002A0050E33200000A0000A0E3A6FDFFEA1F
:1089B0008CB59FE5780059E30000003A7790A0E37A
:1089C000050185E0040080E0050080E2BAF7FFEBD6
:1089D0000008A0E12008A0E189108BE0B000C1E10F
:1089E000FF1C40E2FF1051E20300000AFF0C50E3BD
:1089F0000300002A0000A0E393FDFFEA0000A0E3CB
:108A000091FDFFEA010085E20158C0E3010089E21F
:108A1000FF9000E2010045E2000180E0040080E0F8
:108A20000900D0E52C0050E30100001A010C55E3C9
:108A3000DFFFFF3A0C059FE50080C0E5000056E32C
:108A40000500001A015300EB002080E20030A0E393
:108A50000110A0E30A00A0E1F7F4FFEBC14D00EB29
:108A6000DC149FE50920A0E10E00A0E39FE9FFEBE5
:108A70008F0C00EA050084E28FF7FFEBFF1C40E259
:108A8000FF1051E20100000A0000A0E36EFDFFEAC2
:108A90000400D4E5300050E30F00000A310050E339
:108AA0000D00000A320050E30B00000A330050E3CF
:108AB0000900000A410050E30700000A420050E3A9
:108AC0000500000A430050E30300000A440050E39D
:108AD0000100000A0000A0E35BFDFFEA64049FE5DB
:108AE0000080C0E50400D4E5300050E30400000A33
:108AF000410050E30200000A000056E31800000A9B
:108B00001D0000EA000056E30500001ACF5200EBFA
:108B100030249FE50030A0E30110A0E30A00A0E1AB
:108B2000C5F4FFEB8F4D00EB0400D4E5300050E3BB
:108B30000300001A08149FE50B00A0E10020A0E349
:108B40006AE9FFEB0400D4E5410050E3580C001A39
:108B5000EC139FE50A00A0E30020A0E363E9FFEB2C
:108B6000530C00EAB95200EBD8239FE50030A0E394
:108B70000110A0E30A00A0E1AFF4FFEB794D00EB98
:108B80000400D4E5300040E2090050E30300008A0D
:108B9000AC139FE5FF0000E20020A0E353E9FFEBE8
:108BA0000400D4E5411040E2050051E3400C008A86
:108BB000370040E288139FE5FF0000E20020A0E3B9
:108BC0004AE9FFEB3A0C00EA0900D4E52C0050E337
:108BD0000300000A2A0050E30100000A0000A0E39D
:108BE00019FDFFEA0400D4E5300050E30200000A5A
:108BF000310050E32E0C001A2D0000EA0000A0E323
:108C00000020A0E10010A0E1E8B2FFEB20939FE577
:108C10002C839FE5050185E0040080E0050080E2EB
:108C200025F7FFEB090050E10F00000AB000C8E192
:108C30000120A0E308139FE50200A0E1DBB2FFEBF7
:108C4000000050E30C00000A010085E20158C0E377
:108C5000010045E2000180E0040080E00900D0E569
:108C60002C0050E30200000A030000EA0000A0E329
:108C7000F5FCFFEA010C55E3E5FFFF3AB4029FE57E
:108C8000000090E5030310E30100000A0100A0E3E7
:108C9000EDFCFFEA000056E3050C001A0030A0E3EB
:108CA0000320A0E10310A0E10A00A0E162F4FFEBC1
:108CB000FF0B00EA78829FE5050185E0040080E073
:108CC000050080E2FCF6FFEB080050E11000000A0E
:108CD0006C129FE5B000C1E10400D4E50120A0E3DF
:108CE0000F0000E2B1B2FFEB000050E30C00000AFD
:108CF000010085E20158C0E3010045E2000180E087
:108D0000040080E00900D0E52C0050E30200000AD6
:108D1000030000EA0000A0E3CBFCFFEA010C55E3EE
:108D2000E4FFFF3A0C029FE5000090E5030310E327
:108D30000100000A0100A0E3C3FCFFEA000056E3C3
:108D4000DB0B001A0030A0E30320A0E10310A0E138
:108D50000A00A0E138F4FFEBD50B00EA0400D4E5EB
:108D6000E4519FE5300050E30200000A310050E377
:108D7000CF0B001A750000EA1100D4E52A0050E379
:108D80000100000A0000A0E3AFFCFFEA871D00EB32
:108D9000A0819FE50000D8E5400010E30100000A33
:108DA0000000A0E3A8FCFFEA0100A0E30000C5E585
:108DB000050084E22CF7FFEB1C0085E5070084E248
:108DC00029F7FFEB180085E5090084E226F7FFEBA1
:108DD000140085E50B0084E223F7FFEB0C0085E52A
:108DE0000D0084E220F7FFEB080085E50F0084E228
:108DF0001DF7FFEB040085E51C0095E5FF0050E33F
:108E00000300000A630050E30100008A0F0050E3F2
:108E10000100002A0000A0E38BFCFFEA7D2E80E227
:108E20001C2085E5180095E5FF0050E30300000ACB
:108E3000000050E30100000A0C0050E30100009A1A
:108E40000000A0E380FCFFEA141095E5FF0051E369
:108E50000800000A000051E30600000AFF1000E2CB
:108E60007D0E42E2FF0000E2E3EFFFEB141095E518
:108E7000010050E10100002A0000A0E372FCFFEABB
:108E80000C0095E5FF0050E30100000A170050E3D5
:108E90000100009A0000A0E36BFCFFEA080095E5E2
:108EA000FF0050E30100000A3B0050E30100009A7C
:108EB0000000A0E364FCFFEA040095E5FF0050E336
:108EC0000100000A3B0050E30100009A0000A0E30B
:108ED0005DFCFFEA70109FE50000A0E334DDFFEBCE
:108EE000000098E50202C0E3000088E5000056E3B8
:108EF0006F0B001A0030A0E30320A0E10310A0E1F3
:108F00000A00A0E1CCF3FFEB690B00EA60F7020076
:108F1000442C0300800B0300801103008017030022
:108F20000612000080050300861703002C2C0300A6
:108F3000FFFF0000FFFF0F00CCF8020084110300C8
:108F4000820B0300BC2A0300AC2B03008C2A030015
:108F50000500D4E52A0050E30100000A0000A0E368
:108F600039FCFFEA111D00EB38001FE518149FE5DE
:108F7000000090E5010010E10800000A3C001FE538
:108F800000B0C0E501B0C0E502B0C0E59910A0E3B3
:108F90000310C0E50410C0E50510C0E5170000EAA5
:108FA0005C101FE50000A0E366DCFFEB1C00D5E5CC
:108FB0007D0E40E2FF0000E2F9B4FFEB7C401FE5CC
:108FC0000000C4E51800D5E5F5B4FFEB0100C4E5E9
:108FD0001400D5E5F2B4FFEB0200C4E50C00D5E5C2
:108FE000EFB4FFEB0300C4E50800D5E5ECB4FFEBFC
:108FF0000400C4E50400D5E5E9B4FFEB0500C4E5D1
:10900000000056E32A0B001AC8201FE50030A0E339
:109010000610A0E30A00A0E187F3FFEB240B00EAAF
:109020000800D4E52A0050E30100000A0000A0E394
:1090300005FCFFEA0400D4E5300040E2070050E3FD
:1090400000F18F301A0B00EA4A0000EA2B0000EA18
:10905000030000EA160B00EA640000EA8A0000EA56
:10906000B50000EA050084E2C8F6FFEBFF1C40E211
:10907000FF1051E20500000A050084E2C3F6FFEB91
:10908000FF0050E30300009A0000A0E3EEFBFFEABC
:109090000000A0E3ECFBFFEA050084E2BBF6FFEB77
:1090A000E8529FE5B800C5E10020A0E1E8029FE595
:1090B000B71F8FE2000090E5030C80E2720080E2AF
:1090C0008B9DFFFA0600D5E5010010E30300001AAE
:1090D000050084E2ADF6FFEBFF0000E2C1A9FFEB63
:1090E000000056E3F20A001A0030A0E30320A0E1DA
:1090F0000310A0E10A00A0E14FF3FFEBEC0A00EA45
:109100000500D4E5460050E30500001A0600D4E54A
:10911000460050E30200001A0700D4E5460050E381
:109120000100000A0000A0E3C7FBFFEA5C429FE5E4
:109130000B20A0E106B0C4E55C029FE5251E8FE28E
:10914000000090E5030C80E29F0080E2689DFFFA3A
:109150000800D4E5A3A9FFEB000056E3D40A001AE7
:109160000030A0E30320A0E10310A0E10A00A0E189
:1091700031F3FFEBCE0A00EA0500D4E5460050E3E8
:109180000500001A0600D4E5460050E30200001A6C
:109190000700D4E5460050E30100000A0000A0E308
:1091A000A9FBFFEAE4019FE50120A0E30620C0E55A
:1091B000E4019FE5761F8FE2000090E5030C80E25A
:1091C0009F0080E24A9DFFFAFF00A0E385A9FFEB24
:1091D000000056E3B60A001A0030A0E30320A0E125
:1091E0000310A0E10A00A0E113F3FFEBB00A00EACC
:1091F000050084E265F6FFEBFF0C40E2FF0050E261
:109200000500000A050084E260F6FFEB030050E36E
:109210000300009A0000A0E38BFBFFEA0000A0E33C
:1092200089FBFFEA050084E258F6FFEB000050E3FB
:109230000D00000A050084E254F6FFEBFF2000E277
:1092400048019FE50020C0E54C019FE5051D8FE228
:10925000000090E5030C80E27B0080E2249DFFFA91
:10926000000056E30200000A910A00EA0000A0E3B1
:1092700075FBFFEA0030A0E30320A0E10310A0E1AA
:109280000A00A0E1ECF2FFEB890A00EA050084E2A3
:109290003EF6FFEBFF1C40E2FF1051E20500000A22
:1092A000050084E239F6FFEBFF0050E30300009A6B
:1092B0000000A0E364FBFFEA0000A0E362FBFFEA1A
:1092C000050084E231F6FFEB000050E30E00000AD7
:1092D000050084E22DF6FFEBC0109FE5B000C1E170
:1092E000000050E30A00000A0100A0E3653500EB2E
:1092F000E73F00EBC4031FE5000090E5010310E326
:109300000500000A0100A0E34FFBFFEA0000A0E314
:109310004DFBFFEA0000A0E34BFBFFEA000056E331
:10932000630A001A0030A0E30320A0E10310A0E1CB
:109330000A00A0E1C0F2FFEB5D0A00EA0500D4E5F7
:10934000460050E30500001A0600D4E5460050E34D
:109350000200001A0700D4E5460050E30100000AAD
:109360000000A0E338FBFFEA331000EB000056E3F7
:109370004F0A001A0030A0E30320A0E10310A0E18F
:109380000A00A0E1ACF2FFEB490A00EA400000202D
:10939000382C03002530385800000000DCF80200AB
:1093A00064F802000900D4E52A0050E30100000A35
:1093B0000000A0E324FBFFEA040084E2BDF5FFEB1C
:1093C00098541FE5050050E10100001A0000A0E3D9
:1093D0001DFBFFEA050084E2B6F5FFEB050050E156
:1093E0000100001A0000A0E317FBFFEA060084E278
:1093F000B0F5FFEB050050E10100001A0000A0E30A
:1094000011FBFFEA070084E2BDF5FFEB050050E128
:109410000100001A0000A0E30BFBFFEA040084E255
:10942000A4F5FFEB0A0050E30500009A040084E273
:10943000A0F5FFEB0F0050E30100000A0000A0E3DD
:1094400001FBFFEA040084E29AF5FFEB000050E321
:109450000D00000A040084E296F5FFEB0A0050E3D9
:109460000900008A050084E292F5FFEB020050E358
:109470000300003A050084E28EF5FFEB0F0050E395
:109480000100009A0000A0E3EFFAFFEA060084E280
:1094900088F5FFEB090050E31200008A060084E221
:1094A00084F5FFEB000050E30E00000A0400D4E551
:1094B00024549FE5460050E31300003A00B0C5E590
:1094C0007D3F00EB14049FE50010D0E5000051E360
:1094D000FCFFFF1A08049FE500B0C0E5000056E35A
:1094E0000200000A060000EA0000A0E3D6FAFFEA44
:1094F0000030A0E30320A0E10310A0E10A00A0E1F6
:109500004DF2FFEB0100A0E3CFFAFFEA070084E28F
:109510007BF5FFEBB200C5E1050084E265F5FFEBEA
:109520000000C5E50600D4E50F0000E20C00C5E52B
:109530000400D4E5311040E2080051E30300008A42
:109540000F0000E26410A0E3800160E1B400C5E117
:109550000400D4E5410050E30100003AFA0FA0E313
:10956000B400C5E10400D4E5300050E30100001A66
:109570000100A0E30000C5E5B6B0C5E1000056E378
:10958000CB09001A0100A0E30D00C5E50EA0C5E55A
:109590000030A0E30A00A0E10320A0E10310A0E155
:1095A00025F2FFEB0100A0E3A7FAFFEA0400D4E5EF
:1095B0002A0050E30100000A0000A0E3A2FAFFEA3B
:1095C0004D2F00EB0030A0E388261FE50310A0E13B
:1095D0000A00A0E118F2FFEBB50900EAC10F8FE223
:1095E000774300EB10039FE50000D0E5030050E354
:1095F0000100000A0000A0E393FAFFEA1700D4E597
:109600002C0050E30300000A2A0050E30100000A86
:109610000000A0E38CFAFFEAE0029FE50000D0E53D
:10962000010050E30200001A0400D4E5320050E3C8
:109630000800000A0400D4E5300050E30700000AE7
:10964000310050E30500000A320050E30300000A35
:109650000000A0E37CFAFFEA0000A0E37AFAFFEA48
:10966000300050E32800000A94129FE5012CA0E38B
:10967000010C81E2E69DFFEB0000A0E318008DE500
:10968000850085E0050280E0049080E0050089E225
:1096900008F5FFEB0080A0E1FF1C48E2FF1051E25B
:1096A0001700000A000058E32C00000A060089E2B7
:1096B0000710A0E3BAF4FFEB28008DE528009DE534
:1096C000010070E32700000A0D0089E20710A0E303
:1096D000B3F4FFEB2C008DE52C009DE5010070E359
:1096E0002200000A1C029FE5080280E048008DE588
:1096F000080090E5FF0050E31E00000A0000A0E310
:1097000051FAFFEA0000A0E34FFAFFEAF4019FE5F7
:10971000011CA0E3EB9DFFEB0000A0E3E4219FE52B
:10972000FF30A0E3001282E0083081E500B282E75A
:1097300004B081E50CB081E5010080E20108C0E3DE
:10974000100050E3F6FFFF3A08B082E50208A0E3FC
:10975000040082E50604A0E3000082E5C5FFFFEAFD
:109760000000A0E338FAFFEA0000A0E336FAFFEABF
:109770000000A0E334FAFFEA0000A0E3080050E193
:109780001600000A7C219FE5001292E7002282E089
:10979000042092E5012092E01000000A28309DE5A7
:1097A000010053E10400003A28309DE5030052E136
:1097B0000100009A0000A0E323FAFFEA28309DE5AB
:1097C0002CC09DE50C3083E0010053E10300009ABA
:1097D000020053E10100002A0000A0E31AFAFFEAA8
:1097E000010080E20108C0E3100050E3E2FFFF3A0D
:1097F000D802CDE1010080E00C119FE5010050E1AD
:109800000100009A0000A0E30FFAFFEA28009DE59E
:10981000060450E30100002A0000A0E30AFAFFEA70
:1098200028009DE58007B0E10100000A0000A0E3E8
:1098300005FAFFEA2C009DE58007B0E10100000A6F
:109840000000A0E300FAFFEA140089E299F4FFEBBC
:1098500030008DE530109DE5FF0C41E2FF0050E245
:109860000700000A30009DE5000050E30200000AF6
:1098700030009DE5070050E3030000DA0000A0E39C
:10988000F1F9FFEA0000A0E3EFF9FFEA30009DE5FF
:10989000010050E30500000A30009DE5020050E39E
:1098A0000200000A30009DE5030050E31B00001A8F
:1098B0000000A0E34C109FE5080050E11300000AEF
:1098C000002281E0082092E530309DE5030052E15E
:1098D0000E00001A0000A0E3DBF9FFEA8863040031
:1098E00002F9020003F9020049636F6D6D616E6455
:1098F0002073746172740D0A000000008CF802007D
:109900005CF702000003030000040300000062098A
:10991000010080E20108C0E3100050E3E5FFFF3AD8
:10992000150089E250F4FFEB34008DE534109DE51D
:10993000FF0C41E2FF0050E20600000A34009DE502
:10994000000050E30500000A30009DE5010050E3EF
:109950000400000A080000EA0000A0E3BAF9FFEAE8
:109960000000A0E3B8F9FFEA34009DE5030050E3EE
:109970000100000A0000A0E3B3F9FFEA30009DE512
:10998000020050E30400001A34009DE50B0050E390
:109990000100000A0000A0E3ABF9FFEA30009DE5FA
:1099A000010050E30400001A2C009DE5020650E37C
:1099B0000100000A0000A0E3A3F9FFEA30009DE5E2
:1099C000020050E30400001A2C009DE5020650E35B
:1099D0000100000A0000A0E39BF9FFEA30009DE5CA
:1099E000030050E30400001A2C009DE5020850E338
:1099F0000100000A0000A0E393F9FFEA30009DE5B2
:109A0000030050E30400001A34009DE5050050E314
:109A10000100000A0000A0E38BF9FFEA30009DE599
:109A2000040050E30400001A34009DE5040050E3F4
:109A30000100000A0000A0E383F9FFEA3C011FE5F2
:109A400028109DE5081280E748009DE52C109DE553
:109A5000041080E548009DE534109DE50C1080E57C
:109A600048009DE530109DE5081080E5010085E285
:109A70000158C0E30100A0E31018A0E118009DE523
:109A8000010080E10008A0E12008A0E118008DE5B8
:109A9000010045E2801080E0000281E0040080E0E7
:109AA0001700D0E52C0050E30100001A010C55E32B
:109AB000F2FEFF3A4B0FA0E3F72900EB7C0B1FE50A
:109AC0001310A0E30010C0E5000056E30400001AE4
:109AD000002080E20030A0E30110A0E30A00A0E132
:109AE000D5F0FFEB010056E30400001AAC2B1FE594
:109AF0000030A0E30110A0E30A00A0E131F1FFEB88
:109B00000400D4E5300050E30D00001A0150A0E33A
:109B100078949FE5408049E2050198E7000050E312
:109B20000300000A050199E7179AFFFA05B188E7D3
:109B300005B189E7010085E2FF5000E2100055E31E
:109B4000F4FFFF3A0150A0E318009DE50190A0E367
:109B5000190510E11802000A34849FE5050198E711
:109B6000000050E31500000A640087E50218A0E336
:109B7000C49CFFEB100055E305F18F30590000EA5B
:109B8000580000EA1C0000EA1F0000EA220000EA78
:109B9000250000EA280000EA2B0000EA2E0000EA77
:109BA000310000EA340000EA370000EA3A0000EA37
:109BB0003D0000EA400000EA430000EA460000EAF7
:109BC000D0039FE5D599FFFA640087E5BC139FE5B4
:109BD000050181E72010A0E3D13B00EB200080E2EB
:109BE000020180E3640087E5000050E3E0FFFF0A24
:109BF0000218A0E3A39CFFEBDDFFFFEA98139FE5AB
:109C0000640097E5000081E5360000EA8C139FE5CB
:109C1000640097E5000081E5320000EA80139FE5CB
:109C2000640097E5000081E52E0000EA74139FE5CB
:109C3000640097E5000081E52A0000EA68139FE5CB
:109C4000640097E5000081E5260000EA5C139FE5CB
:109C5000640097E5000081E5220000EA50139FE5CB
:109C6000640097E5000081E51E0000EA44139FE5CB
:109C7000640097E5000081E51A0000EA38139FE5CB
:109C8000640097E5000081E5160000EA2C139FE5CB
:109C9000640097E5000081E5120000EA20139FE5CB
:109CA000640097E5000081E50E0000EA14139FE5CB
:109CB000640097E5000081E50A0000EA08139FE5CB
:109CC000640097E5000081E5060000EAFC129FE5CC
:109CD000640097E5000081E5020000EAF0129FE5CC
:109CE000640097E5000081E5A4029FE5642097E504
:109CF000052180E70510A0E1B60F8FE2B04100EB2F
:109D000000041FE5058280E0080098E5080050E3A4
:109D100000F18F30A80100EAA70100EA050000EA7F
:109D2000040000EA910000EAE10000EA2B0100EAE9
:109D30002A0100EA550100EAB0091FE503B0C0E5B9
:109D4000AC091FE5DA3FE0E3000090E5B4129FE5BF
:109D50000B20A0E1030040E0659AFFFAC8091FE567
:109D6000A0129FE5003090E5E30FE0E30020A0E3C0
:109D7000000043E05E9AFFFAF0091FE502B0C0E57B
:109D8000EC091FE57C129FE5000090E50B20A0E1A7
:109D9000050C80E2A90080E2559AFFFA6C0E1FE5DF
:109DA0000000D0E5400010E33300000A080085E21F
:109DB0001900A0E1FCACFFEBD4019FE5051190E791
:109DC0000090C1E5051190E701B0C1E5052190E7DC
:109DD000AA10A0E30210C2E5052190E70310C2E536
:109DE000581A1FE59920A0E30420C1E50520C1E52C
:109DF000082098E5010052E30200001A050190E7EF
:109E00000120E0E3042080E5800A1FE50290C0E520
:109E10007C9A1FE5E30FE0E3003099E5E4119FE54C
:109E20000120A0E3000043E0319AFFFAA40A1FE5F5
:109E3000D0119FE50220D0E5000099E5050C80E2F5
:109E4000A90080E22A9AFFFAC00A1FE5B4119FE533
:109E50000420D0E5000099E5360E80E2249AFFFA4E
:109E6000D80A1FE59C119FE50520D0E5000099E583
:109E7000E10F80E21E9AFFFA260000EA080085E260
:109E80001900A0E1C8ACFFEB7C119FE500019FE544
:109E90000120D1E5053190E70020C3E50010D1E5B0
:109EA000052190E70110C2E5051190E702B0C1E578
:109EB000050190E703B0C0E550019FE5349B1FE525
:109EC0000020D0E50420C9E50100D0E50500C9E582
:109ED0003C0B1FE52C119FE5000090E5360E80E25B
:109EE000039AFFFA500B1FE50520D9E5000090E525
:109EF00010119FE5E10F80E2FD99FFFA080098E557
:109F0000010050E30300001A84109FE50100E0E324
:109F1000051191E7040081E50090A0E3050000EA47
:109F2000050291E7050480E2FA0880E2A00889E0D2
:109F3000F9CAFFEB019089E2040098E53C161FE5A1
:109F4000C02FA0E1A20780E0C00859E1F3FFFF3A6B
:109F5000080098E5020050E31701001A0000E0E352
:109F6000440087E548B087E54CB087E5120100EA78
:109F70000400D4E5320050E32500000A080085E221
:109F80001900A0E188ACFFEB0090A0E32D0000EAEF
:109F9000400503000005030040000200FCF702003A
:109FA00000F8020004F8020008F802000CF80200B1
:109FB00010F8020014F8020018F802001CF8020061
:109FC00020F8020024F8020028F802002CF8020011
:109FD00030F8020034F8020049636F6D6D616E6401
:109FE0003A54705F6669656C643D25582C54656D04
:109FF000705F6C6F676F646174615F425546464580
:10A00000523D25580D0A000094930100CCF7020040
:10A01000D2F7020014071FE5050290E7051480E25D
:10A02000FA1881E20500A0E1BCE3FFEBE20000EAE0
:10A03000050291E7050480E2FA0880E2A00889E0C1
:10A04000B5CAFFEB019089E2040098E54C171FE5C3
:10A05000C02FA0E1A20780E0C00859E1F3FFFF3A5A
:10A06000018C81E2051198E71800A0E3E803C1E53F
:10A07000051198E7D107C1E5051198E7BA0BC1E5CD
:10A08000010C48E2050290E70120A0E3050480E20C
:10A09000FA0880E2A015A0E1050198E7AEDDFFEB2C
:10A0A000050198E7E01E9FE50120A0E3AADDFFEB94
:10A0B000C10000EA080085E21900A0E13AACFFEB1C
:10A0C000859085E0700089E2801180E0380D1FE501
:10A0D0000020A0E3000090E5010080E0DC101FE517
:10A0E0008399FFFA710089E2801180E0580D1FE525
:10A0F0000020A0E3000090E5010080E0FC101FE5D7
:10A100007B99FFFA720089E2801180E0780D1FE5EB
:10A110000020A0E3000090E5010080E01C111FE595
:10A120007399FFFA640E9FE59C111FE50020D0E5AE
:10A13000053191E70020C3E50120D0E5053191E725
:10A140000120C3E50220D0E5053191E70220C3E5F7
:10A150000320D0E5053191E70320C3E50420D0E5D5
:10A16000053191E70420C3E50520D0E5053191E7ED
:10A170000520C3E50600D0E5052191E70600C2E50C
:10A180000000A0E3052191E7002082E007B0C2E5CE
:10A19000010080E20108C0E3630050E3F8FFFF3AEA
:10A1A0000090A0E3050000EA050291E7050480E2C3
:10A1B000FA0880E2A00889E057CAFFEB019089E223
:10A1C000040098E5C4181FE5C02FA0E1A20780E0B5
:10A1D000C00859E1F3FFFF3AEE1300EB760000EA06
:10A1E000080085E21900A0E1EFABFFEB859085E068
:10A1F000700089E2801180E0640E1FE50020A0E37A
:10A20000000090E5010080E008121FE53899FFFA90
:10A21000710089E2801180E0840E1FE50020A0E338
:10A22000000090E5010080E028121FE53099FFFA58
:10A23000720089E2801180E0A40E1FE50020A0E3F7
:10A24000000090E5010080E048121FE52899FFFA20
:10A250000090A0E3050000EA050291E7050480E212
:10A26000FA0880E2A00889E02BCAFFEB019089E29E
:10A27000040098E574191FE5C02FA0E1A20780E053
:10A28000C00859E1F3FFFF3AC21300EB4A0000EAAD
:10A29000080085E21900A0E1C3ABFFEB10031FE546
:10A2A000E010A0E3052190E70010C2E5DC1C9FE56B
:10A2B000053190E70020D1E50120C3E50120D1E57B
:10A2C000053190E70220C3E50220D1E5053190E792
:10A2D0000320C3E50320D1E5053190E70420C3E561
:10A2E0000420D1E5053190E70520C3E50510D1E54F
:10A2F000050190E70610C0E5859085E0700089E2D1
:10A30000801180E0700F1FE50020A0E3000090E5C1
:10A31000010080E014131FE5F598FFFA710089E24F
:10A32000801180E0900F1FE50120A0E3000090E580
:10A33000010080E034131FE5ED98FFFA720089E216
:10A34000801180E0B00F1FE50020A0E3000090E541
:10A35000010080E054131FE5E598FFFA0090A0E3A8
:10A36000050000EA050291E7050480E2FA0880E2B0
:10A37000A00889E0E8C9FFEB019089E2040098E5B4
:10A38000801A1FE5C02FA0E1A20780E0C00859E1B4
:10A39000F3FFFF3A000081E2050290E70120A0E30D
:10A3A000050480E2FA0880E2A015A0E120041FE580
:10A3B000050190E7E8DCFFEB761300EB010085E296
:10A3C000FF5000E2100055E3DEFDFF3ACC1A1FE516
:10A3D000012CA0E3010C41E28D9AFFEB5CE5FFEB61
:10A3E00030E3FFEB6B1300EB1EEAFFEBA44B9FE5A2
:10A3F0009C1B9FE5000094E50120A0E3D6DCFFEB69
:10A40000941B9FE5000094E50120A0E3D2DCFFEB64
:10A41000880B9FE5000090E5020110E30500000AAB
:10A420007C1B9FE5EF00A0E30000C1E5000056E3C0
:10A430000400000A080000EA641B9FE51C00A0E37A
:10A440000000C1E5F8FFFFEA542B9FE50030A0E3D0
:10A450000110A0E30A00A0E177EEFFEB010056E354
:10A460001306001A382B9FE50030A0E30110A0E38B
:10A470000A00A0E1D3EEFFEB0D0600EA880B1FE512
:10A480000000D0E5030050E30100000A0000A0E353
:10A49000EDF6FFEA040084E286F1FFEB0080A0E124
:10A4A000FF1C48E2FF1051E20700000AFF0008E22B
:10A4B000E01600EB24008DE524009DE5080090E502
:10A4C000000050E30200000A050000EA0000A0E3DB
:10A4D000DDF6FFEA000058E30100000A0000A0E3F7
:10A4E000D9F6FFEA010084E285F1FFEBFF1C40E2B0
:10A4F000FF1051E20800000A030040E224109DE52D
:10A500000C1091E5000051E10500000A000058E33D
:10A510000300000A0000A0E3CBF6FFEA0000A0E37E
:10A52000C9F6FFEA0B0050E30100009A000058E36F
:10A530001100000AFF0008E2BE1600EB24008DE5C2
:10A540004B0FA0E3542700EB24009DE5080090E5A5
:10A55000080050E300F18F30350200EA080000EAFD
:10A56000320000EA550000EA800000EABF0000EA7D
:10A57000E40000EAE30000EAE20000EA0000A0E3F1
:10A58000B1F6FFEA050084E280F1FFEB0020A0E1D4
:10A590000200B0E10600000A020052E30400000AD3
:10A5A000040052E30200000A3C009DE5061040E270
:10A5B0000D0000EA0000A0E3A3F6FFEA090084E032
:10A5C0000800D0E5413040E21A0053E30400003AAD
:10A5D000300040E20A0050E30100003A0000A0E32E
:10A5E00099F6FFEA010089E2FF9000E2010059E1DB
:10A5F000F1FFFFBA00108DE5083084E20810A0E1F9
:10A600000000A0E3EFA2FFEB000050E30002001AFD
:10A6100088099FE5000090E5020110E30100000AAF
:10A620000100A0E388F6FFEA0000A0E386F6FFEA57
:10A63000050084E255F1FFEBFF1C40E2FF1051E200
:10A640000900000A000050E30900000A010050E37D
:10A650000700000A4C199FE50310D1E5F00051E313
:10A660000500003A0000A0E377F6FFEA0000A0E34F
:10A6700075F6FFEA0000A0E373F6FFEAF0261FE597
:10A680000F1001E2082192E7811682E0001181E0BB
:10A6900014108DE50420A0E310008DE2A799FFEBD4
:10A6A00010009DE5010040E210008DE514009DE5DD
:10A6B0000420A0E310108DE2A099FFEBD40100EA82
:10A6C000E0989FE50300D9E5F00050E30100003A6F
:10A6D0000000A0E35CF6FFEA050084E22BF1FFEB4B
:10A6E0000050A0E1FF0C45E2FF0050E21900000A13
:10A6F000000055E31900000A010055E31700000AA5
:10A700000810A0E3080084E2A5F0FFEB010070E36D
:10A710001400000A88271FE50330D9E5081192E7E5
:10A720000F3003E2831681E0051191E7000041E05C
:10A7300014008DE50310D9E5080192E70420A0E399
:10A740000F1001E2810680E0050180E014108DE227
:10A750007A99FFEBAE0100EA0000A0E33AF6FFEAC7
:10A760000000A0E338F6FFEA0000A0E336F6FFEAB7
:10A77000050084E205F1FFEB0050A0E128989FE579
:10A78000090055E10100001A0000A0E32EF6FFEADF
:10A79000FA0F55E30100003A0000A0E32AF6FFEAB1
:10A7A000080084E2D6F0FFEB090050E10100001A36
:10A7B0000000A0E324F6FFEAFF0050E30100009A46
:10A7C0000000A0E320F6FFEA3C481FE5081194E7EB
:10A7D000E823D1E50530D1E7032042E0002082E004
:10A7E000E823C1E5081194E70500C1E7081194E7E3
:10A7F000D127D1E5053081E0E933D3E5032042E0FC
:10A80000002082E0D127C1E5081194E7051081E01E
:10A81000E903C1E5081194E7BA2BD1E5053081E0E1
:10A82000D237D3E5032042E0002082E0BA2BC1E515
:10A83000081194E7051081E0D207C1E5020C44E25B
:10A84000080290E70120A0E3050480E2FA0880E214
:10A85000A015A0E1080194E7BFDBFFEB080194E736
:10A8600024179FE50120A0E3BBDBFFEB680100EAB2
:10A87000050084E27CF0FFEB0050A0E128979FE503
:10A88000090055E10100001A0000A0E3EEF5FFEA1F
:10A89000000055E30100000A630055E30100009A3F
:10A8A0000000A0E3E8F5FFEA070084E294F0FFEB84
:10A8B000090050E10100001A0000A0E3E2F5FFEA00
:10A8C000FF0050E30100009A0000A0E3DEF5FFEA7C
:10A8D00044191FE5883088E0082191E7CC169FE5F0
:10A8E000031181E0041091E53530A0E3930101E00C
:10A8F000BC369FE5811003E0021081E0051081E085
:10A900000600C1E5420100EAA8069FE5089280E042
:10A91000220000EA010010E31200000AC100A0E1D9
:10A92000050050E10F00001A850084E044008DE529
:10A93000050080E25FF0FFEBFF1C40E2FF1051E2F8
:10A940000600000A44009DE5050080E259F0FFEB97
:10A950004C169FE50002A0E10500C1E70D0000EAEA
:10A960000000A0E3B8F5FFEA850084E040008DE533
:10A97000050080E262F0FFEBFF1C40E2FF1051E2B5
:10A980006800000A40009DE5050080E25CF0FFEBF6
:10A990000C169FE50500C1E7010085E20158C0E300
:10A9A0000C0099E5A01F80E00130C1E3033040E0D6
:10A9B000C13083E0050053E1D5FFFFCADC359FE5D8
:10A9C0000030D3E5400013E35800000AA03F80E0C8
:10A9D0000110C1E3010040E0C30080E0061080E206
:10A9E000C8059FE5883088E0030180E0043090E5E9
:10A9F000930101E08137A0E16C1A1FE5A337A0E1C4
:10AA000008C191E703B0CCE70C3099E5A34F83E090
:10AA1000C4C0A0E10140C4E3043043E00C3083E053
:10AA200004C090E5063083E29C0303E008C191E78F
:10AA30008337A0E1A337A0E10C3083E001B0C3E588
:10AA40000C3099E5A3CF83E0CC40A0E101C0CCE37A
:10AA50000C3043E004C090E5043083E0063083E22C
:10AA60009C0303E008C191E78337A0E1A337A0E18D
:10AA70000C3083E002B0C3E50C3099E599C0A0E347
:10AA8000A35F83E0C540A0E10150C5E3053043E08A
:10AA9000043083E0044090E5063083E2940303E051
:10AAA000084191E78337A0E1A337A0E1043083E0B8
:10AAB00003C0C3E50C3099E5A35F83E0C540A0E186
:10AAC0000150C5E3053043E0043083E0044090E5E5
:10AAD000063083E2940303E0084191E78337A0E165
:10AAE000A337A0E1043083E004C0C3E50C3099E54E
:10AAF000040090E5A34F83E0C450A0E10140C4E30B
:10AB0000043043E0053083E0063083E2930000E048
:10AB1000081191E78007A0E1A007A0E1010080E013
:10AB200005C0C0E55D0000EA0000A0E346F5FFEACD
:10AB3000A04F80E00110C1E3010040E0C40080E0CC
:10AB4000061080E264049FE5884088E0040180E00C
:10AB5000044090E54C3B1FE5940101E000C0D3E5C3
:10AB60008147A0E1D81B1FE5A447A0E1085191E768
:10AB700004C0C5E70CC099E50140D3E5ACEF8CE01B
:10AB8000CE50A0E101E0CEE30EC04CE005C08CE069
:10AB9000045090E506C08CE2950C0CE0085191E75A
:10ABA0008CC7A0E1ACC7A0E105C08CE00140CCE5BA
:10ABB0000CC099E50240D3E5ACEF8CE0CE50A0E1AB
:10ABC00001E0CEE30EC04CE005C08CE0045090E5FF
:10ABD00006C08CE2950C0CE0085191E78CC7A0E10F
:10ABE000ACC7A0E105C08CE00240CCE50CC099E503
:10ABF0000340D3E5ACEF8CE0CE50A0E101E0CEE322
:10AC00000EC04CE005C08CE0045090E506C08CE21C
:10AC1000950C0CE0085191E78CC7A0E1ACC7A0E10E
:10AC200005C08CE00340CCE50CC099E50440D3E5B9
:10AC3000ACEF8CE0CE50A0E101E0CEE30EC04CE0E2
:10AC400005C08CE0045090E506C08CE2950C0CE049
:10AC5000085191E78CC7A0E1ACC7A0E105C08CE02A
:10AC60000440CCE50540D3E50C3099E5040090E5BF
:10AC7000A3CF83E0CC50A0E101C0CCE30C3043E093
:10AC8000053083E0063083E2930000E0081191E78D
:10AC90008007A0E1A007A0E1010080E00540C0E539
:10ACA0000000A0E304C39FE5885088E005418CE0E4
:10ACB0000E0000EAC22083E0043094E5062082E220
:10ACC000930202E0D8129FE58237A0E1402D1FE5F4
:10ACD0000010D1E7082192E7A337A0E1032082E02A
:10ACE000002082E00610C2E5010080E20108C0E316
:10ACF0000C1099E5A12F81E00130C2E3033041E05F
:10AD0000C2E083E000005EE1E9FFFFCA040094E5D1
:10AD1000010080E2040084E5A1EF81E00120C2E3AC
:10AD2000021041E0CE1081E0061081E2010080E2D5
:10AD3000910000E07C329FE5020850E32600009A73
:10AD4000000083E2080290E7050480E2FA0880E24E
:10AD5000A015A0E154029FE5050190E7001381E0F2
:10AD6000020C83E2080190E70120A0E37ADAFFEB0E
:10AD700004B084E534029FE530129FE5050190E7B9
:10AD8000010080E2050181E7041099E5800851E1A6
:10AD90000400008A14029FE505B180E7080094E5ED
:10ADA000010080E2080084E508029FE5080290E7C0
:10ADB000050480E2FA0880E2A015A0E1EC019FE51D
:10ADC000050190E7001381E03C0E1FE50120A0E3A0
:10ADD000080190E7CBC2FFEB0D0000EAD8019FE528
:10ADE0000000D0E5000050E30900001A080293E7D4
:10ADF00005119CE7050480E2FA0880E2A005A0E1C5
:10AE0000011380E0780E1FE50120A0E3080190E720
:10AE100051DAFFEBA3E0FFEBB411D7E10100A0E3AF
:10AE2000100881E1B401C7E1000056E30200000A06
:10AE3000060000EA0000A0E383F4FFEA0030A0E38C
:10AE40000320A0E10310A0E10A00A0E1FAEBFFEB70
:10AE5000010056E39603001A0030A0E30320A0E1AE
:10AE60000310A0E10A00A0E156ECFFEB900300EA1A
:10AE700048019FE50000D0E5030050E30100000A0F
:10AE80000000A0E370F4FFEA4B0FA0E3022500EB03
:10AE90000400D4E528519FE5300050E30700000A84
:10AEA000310050E35D00000A350050E39F00000AC6
:10AEB000360050E3C900000A0000A0E362F4FFEA94
:10AEC0000600D4E52A0050E30100000A0000A0E3D8
:10AED0005DF4FFEA050084E2F6EEFFEB0090A0E1EE
:10AEE000FF0C49E2FF0050E20300000A0400D4E531
:10AEF000300050E30200000A040000EA0000A0E372
:10AF000051F4FFEA0500D4E5460050E30100000AD1
:10AF10000000A0E34CF4FFEA84409FE50080C4E514
:10AF200000A0C7E5000056E30500001AC74900EB82
:10AF30000030A0E3002084E20110A0E30A00A0E1B9
:10AF4000BDEBFFEB010056E30400001A50209FE523
:10AF50000030A0E30110A0E30A00A0E119ECFFEB30
:10AF6000804400EB0910A0E10000A0E3C99FFFEBC3
:10AF7000FF0000E224109FE5001091E5050011E1BB
:10AF80001000000A0100A0E32FF4FFEA80EB0100AB
:10AF9000D8F70200C0EB0100E8F70200407F010093
:10AFA000CCF80200AC2B0300382C0300FFFF00009C
:10AFB000986B0400FFFF0100000303005CF7020030
:10AFC0008CF8020000800010000050E30400000A2A
:10AFD0001C00A0E30000C4E5000056E30200000AE4
:10AFE000060000EA0000A0E317F4FFEA9F1200EB5E
:10AFF00054201FE50030A0E30110A0E38EEBFFEB2F
:10B00000010056E32A03001A981200EB70201FE596
:10B010000030A0E30110A0E3EAEBFFEB240300EA19
:10B020000600D4E52A0050E30100000A0000A0E376
:10B0300005F4FFEA050084E29EEEFFEB0090A0E13C
:10B04000FF0C49E2FF0050E20300000A0400D4E5CF
:10B05000310050E30200000A150300EA0000A0E3FB
:10B06000F9F3FFEAC8401FE50080C4E500A0C7E58A
:10B07000000056E30500001A744900EB0030A0E31D
:10B08000002084E20110A0E30A00A0E16AEBFFEBDC
:10B09000010056E30400001AFC201FE50030A0E385
:10B0A0000110A0E30A00A0E1C6EBFFEB2D4400EB8A
:10B0B0000910A0E10100A0E3769FFFEBFF0000E292
:10B0C00028111FE5001091E5050011E10100000ABB
:10B0D0000100A0E3DCF3FFEA000050E30400000AF3
:10B0E0001C00A0E30000C4E5000056E30200000AD3
:10B0F000060000EA0000A0E3D3F3FFEA5B1200EBD6
:10B1000064211FE50030A0E30110A0E34AEBFFEB50
:10B11000010056E3E602001A541200EB80211FE5FD
:10B120000030A0E30110A0E3A6EBFFEBE00200EA91
:10B130000800D4E52A0050E30100000A0000A0E363
:10B14000C1F3FFEA050084E25AEEFFEB0020A0E124
:10B15000AC511FE5050052E10100001A0000A0E318
:10B16000B9F3FFEAFF0002E2B21300EB683B9FE590
:10B170000120C3E504B083E50810D0E50010C3E565
:10B18000080090E5040050E30500000A060084E290
:10B190005BEEFFEBFF0050E30800000A0000A0E3B5
:10B1A000A9F3FFEA060084E22FEEFFEB050050E171
:10B1B0000100001A0000A0E3A3F3FFEAB800C3E116
:10B1C00024021FE50620A0E10A10A0E1D8B1FFEBA0
:10B1D000000050E3B602001A0000A0E39AF3FFEA71
:10B1E0000800D4E52A0050E30100000A0000A0E3B3
:10B1F00095F3FFEA050084E22EEEFFEB0020A0E1CC
:10B200005C521FE5050052E10100001A0000A0E3B6
:10B210008DF3FFEAFF0002E2861300EBB83A9FE5E8
:10B220000110D3E5020051E10100000A0000A0E393
:10B2300085F3FFEA041093E5020071E30100008A40
:10B24000011081E2041083E50810D0E50010C3E589
:10B25000080090E5040050E30600000A050050E3F2
:10B260000F00000A060050E30D00000A070050E33B
:10B270000B00000A100000EA060084E2FAEDFFEB82
:10B28000050050E10100001A0000A0E36EF3FFEAA0
:10B29000B810D3E1000051E10700000A0000A0E36C
:10B2A00069F3FFEA060084E215EEFFEBFF0050E3CE
:10B2B0000100000A0000A0E363F3FFEA20031FE59A
:10B2C0000620A0E10A10A0E199B1FFEB000050E3D5
:10B2D0007702001A0000A0E35BF3FFEA24031FE5F6
:10B2E0000000D0E5030050E30100000A0000A0E3E5
:10B2F00055F3FFEA0400D4E5300050E30300000AF0
:10B30000310050E33000000A0000A0E34EF3FFEAF2
:10B310004B0FA0E3E02300EB0500D4E52A0050E347
:10B320000100000A0000A0E347F3FFEA90431FE595
:10B330000080C4E500A0C7E5000056E30500001A40
:10B34000C24800EB0030A0E3002084E20110A0E33B
:10B350000A00A0E1B8EAFFEB010056E30400001A7E
:10B36000C4231FE50030A0E30110A0E30A00A0E120
:10B3700014EBFFEB0100A0E3B801C7E1000860E0B7
:10B38000BA01C7E11C00A0E30000C4E500A0C7E5C6
:10B39000000056E30400001AFC231FE50030A0E380
:10B3A0000110A0E30A00A0E1A3EAFFEB010056E3CD
:10B3B0003F02001A18241FE50030A0E30110A0E3AB
:10B3C0000A00A0E1FFEAFFEB390200EA4B0FA0E31D
:10B3D000B12300EB0600D4E52A0050E30100000A87
:10B3E0000000A0E318F3FFEA050084E2B1EDFFEBF3
:10B3F0000040A0E1FF0C44E2FF0050E20500000A1B
:10B40000000054E30100000A0F0054E3030000DAD7
:10B410000000A0E30CF3FFEA0000A0E30AF3FFEA58
:10B4200084541FE50080C5E500A0C7E5000056E391
:10B430000500001A854800EB0030A0E3002085E2FB
:10B440000110A0E30A00A0E17BEAFFEB010056E354
:10B450000400001AB8241FE50030A0E30110A0E3A7
:10B460000A00A0E1D7EAFFEB0100A0E3B801C7E1C1
:10B47000BA41C7E11C00A0E30000C5E500A0C7E594
:10B48000000056E30500000AEC241FE50030A0E3AD
:10B490000110A0E30A00A0E1CAEAFFEB040200EAFF
:10B4A00004251FE50030A0E30110A0E30A00A0E19D
:10B4B00061EAFFEBFE0100EA0500D4E52A0050E353
:10B4C0000100000A0000A0E3DFF2FFEA0400D4E577
:10B4D000300050E3F601001A3C051FE50080C0E58E
:10B4E00000A0C7E5000056E30400001A002080E237
:10B4F0000030A0E30110A0E30A00A0E14EEAFFEB58
:10B50000184300EB7DB6FFEB000050E30200000A99
:10B510000100A0E33A3500EBE50100EA84051FE5F0
:10B52000001090E5021981E3001080E50100A0E31E
:10B53000C5F2FFEA7C051FE50000D0E5030050E3FB
:10B540000100000A0000A0E3BFF2FFEA0400D4E516
:10B55000300050E30300000A310050E34800000AC5
:10B560000000A0E3B8F2FFEA0500D4E52A0050E3AA
:10B570000100000A0000A0E3B3F2FFEAE0451FE586
:10B580000080C4E500A0C7E5000056E30500001AEE
:10B590002E4800EB0030A0E3002084E20110A0E37D
:10B5A0000A00A0E124EAFFEBEE4200EB53B6FFEB0A
:10B5B000000050E30400000A04561FE50000D5E532
:10B5C000000050E30600000A0F0000EA34061FE501
:10B5D000001090E5021981E3001080E50100A0E36E
:10B5E00099F2FFEAEEA1FFEBFF0000E254161FE51F
:10B5F000001091E5010211E30100000A0100A0E33F
:10B6000091F2FFEA000050E30300000A0000D5E5D4
:10B61000010050E30200000A0B0000EA0000A0E372
:10B6200089F2FFEACAA0FFEBFF0000E294161FE5D3
:10B63000001091E5010211E30100000A0100A0E3FE
:10B6400081F2FFEA000050E30500000A1C00A0E3BD
:10B650000000C4E500A0C7E5000056E30200000AB0
:10B66000930100EA0000A0E377F2FFEAD0261FE58D
:10B670000030A0E30110A0E30A00A0E1EEE9FFEB37
:10B680008B0100EA0500D4E52A0050E30100000A1E
:10B690000000A0E36CF2FFEAFC461FE50080C4E571
:10B6A00000A0C7E5000056E30500001AE74700EBDD
:10B6B0000030A0E3002084E20110A0E30A00A0E132
:10B6C000DDE9FFEBA74200EB0CB6FFEB000050E317
:10B6D0000700000A3FD5FFEBFF0000E244171FE51B
:10B6E000001091E5020811E30700000A0100A0E341
:10B6F00055F2FFEA5C071FE5001090E5021981E3AF
:10B70000001080E50100A0E34FF2FFEA000050E3E3
:10B710000500000A1C00A0E30000C4E500A0C7E586
:10B72000000056E30200000A610100EA0000A0E305
:10B7300045F2FFEA98271FE50030A0E30110A0E3DF
:10B740000A00A0E1BCE9FFEB590100EA94071FE5FC
:10B750000000D0E5030050E30100000A0000A0E370
:10B7600039F2FFEA0800D4E52A0050E30100000A9C
:10B770000000A0E334F2FFEA0400D4E538508DE283
:10B78000300040E2120050E300F18F30480100EA3F
:10B79000100000EA110000EA280000EA3D0000EA7B
:10B7A000650000EA6F0000EA7D0000EA7E0000EA22
:10B7B000A20000EACE0000EA3D0100EA3C0100EAF6
:10B7C0003B0100EA3A0100EA390100EA380100EAE7
:10B7D000370100EAF00000EA0000A0E31AF2FFEAF5
:10B7E0000500D4E5460050E30500001A0600D4E544
:10B7F000460050E30200001A0700D4E5460050E37B
:10B800000100000A0000A0E30FF2FFEA70481FE504
:10B810001C00A0E30000C4E5E41200EB0100C4E555
:10B82000000056E32201001A0030A0E3002084E269
:10B830000210A0E30A00A0E17FE9FFEB1C0100EA8F
:10B840000500D4E5460050E30500001A0600D4E5E3
:10B85000460050E30200001A0700D4E5460050E31A
:10B860000100000A0000A0E3F7F1FFEA7B1000EB03
:10B87000D4181FE50000C1E5000056E30C01001AD2
:10B88000002081E20030A0E30110A0E30A00A0E163
:10B8900069E9FFEB060100EA0500D4E5300050E35A
:10B8A0000300000A310050E31000000A0000A0E38A
:10B8B000E5F1FFEA0600D4E5460050E30200001A75
:10B8C0000700D4E5460050E30100000A0000A0E3B1
:10B8D000DDF1FFEA7BD8FFEB0030A0E340291FE554
:10B8E0000310A0E10A00A0E153E9FFEBF00000EA39
:10B8F0000600D4E5460050E30200001A0700D4E534
:10B90000460050E30100000A0000A0E3CEF1FFEA88
:10B9100074191FE51C00A0E30000C1E5000056E318
:10B92000E300001A002081E20030A0E30110A0E350
:10B930000A00A0E140E9FFEBDD0000EA0500D4E5E4
:10B94000300050E30300000A310050E30300000A16
:10B950000000A0E3BCF1FFEA0000A0E3BAF1FFEAB7
:10B960000000A0E3B8F1FFEA0500D4E5300050E3A1
:10B970000500000A310050E30500000A320050E3E0
:10B980000500000A0000A0E3AFF1FFEA0000A0E319
:10B99000ADF1FFEA0000A0E3ABF1FFEA0000A0E395
:10B9A000A9F1FFEA0000A0E3A7F1FFEA4B0FA0E333
:10B9B000392200EB050084E274ECFFEB0020A0E1EB
:10B9C000FF0C42E2FF0050E20900000A303A1FE596
:10B9D0000010A0E30700A0E300508DE5529DFFEBAF
:10B9E000000050E31300000A000056E30200000AC2
:10B9F000070000EA0000A0E393F1FFEA38009DE5AC
:10BA0000642A1FE5FF1000E20130A0E30A00A0E174
:10BA100009E9FFEB010056E3A500001A38009DE597
:10BA2000842A1FE5FF1000E20130A0E30A00A0E134
:10BA300064E9FFEB9E0000EA0000A0E382F1FFEA68
:10BA40004B0FA0E3142200EB050084E24FECFFEB68
:10BA50000020A0E1FF0C42E2FF0050E20B00000AD0
:10BA60000140A0E30400A0E1721100EB080090E5A2
:10BA7000030050E30700000A010084E2FF4000E2F7
:10BA8000100054E3F6FFFF3A0000A0E36EF1FFEA76
:10BA90000000A0E36CF1FFEAFC3A1FE50410A0E10E
:10BAA0000800A0E300508DE51F9DFFEB000056E36A
:10BAB0000700000A38009DE51C2B1FE5FF1000E27F
:10BAC0000030A0E30A00A0E13EE9FFEB0100A0E3A3
:10BAD0005DF1FFEA38009DE53C2B1FE5FF1000E219
:10BAE0000030A0E30A00A0E1D3E8FFEB0100A0E3EF
:10BAF00055F1FFEA0500D4E5460050E30500001AC1
:10BB00000600D4E5460050E30200001A0700D4E521
:10BB1000460050E30100000A0000A0E34AF1FFEAFA
:10BB2000B8019FE50000D0E5010050E30900000ADC
:10BB3000AC019FE50000D0E5010050E30500000ADC
:10BB4000A41B1FE51C00A0E30000C1E5000056E3B4
:10BB50000B00000A560000EABC1B1FE5EF00A0E343
:10BB60000000C1E5000056E35100001A002081E208
:10BB70000030A0E30110A0E30A00A0E1AEE8FFEB73
:10BB80004B0000EAE82B1FE50030A0E30110A0E322
:10BB90000A00A0E1A8E8FFEB450000EA0600D4E5B2
:10BBA000460050E30200001A0700D4E5460050E3C7
:10BBB0000100000A0000A0E323F1FFEA0500D4E53C
:10BBC000300050E30300000A310050E30A00000A8D
:10BBD0000000A0E31CF1FFEA000056E30400001A95
:10BBE0000030A0E30320A0E10310A0E10A00A0E1DF
:10BBF00091E8FFEB8CC3FFEB2D0000EA000056E359
:10BC00000400001A0030A0E30320A0E10310A0E12B
:10BC10000A00A0E188E8FFEBC8009FE500B0C0E59E
:10BC2000C4009FE5000090E5000050E30400000A16
:10BC3000FF20A0E30210A0E10200A0E19BAAFFEB1D
:10BC40001B0000EA4000A0E357A5FFEB180000EA44
:10BC50000400D4E594109FE5300050E30200000A90
:10BC6000310050E30A00000A110000EA0100A0E3DD
:10BC70000000C1E5000056E30D00001A0030A0E30B
:10BC80000320A0E10310A0E10A00A0E16AE8FFEBB5
:10BC9000070000EA00B0C1E5000056E30400001A06
:10BCA0000030A0E30320A0E10310A0E10A00A0E11E
:10BCB00061E8FFEB000056E30500001ABE02D7E181
:10BCC000B011D7E1010050E10100001A0000A0E32B
:10BCD000DDF0FFEA0100A0E3DBF0FFEA442C030003
:10BCE0005CFA02005DFA02004CFA020038F8020029
:10BCF000A4FA0200000050E30700000A1C209FE5A0
:10BD00000210A0E1011041E2000051E3FCFFFF1A24
:10BD1000010040E2000050E3F8FFFF1A1EFF2FE190
:10BD200050C3000008402DE94B1FA0E3910000E044
:10BD300000008DE5020000EA00009DE5010040E200
:10BD400000008DE500009DE5000050E3F9FFFFCA0B
:10BD50000880BDE808402DE9000260E08000A0E115
:10BD600000008DE5020000EA00009DE5010040E2D0
:10BD700000008DE500009DE5000050E3F9FFFFCADB
:10BD80000880BDE808402DE96410A0E3910000E0C0
:10BD900000008DE5020000EA00009DE5010040E2A0
:10BDA00000008DE500009DE5000050E3F9FFFFCAAB
:10BDB0000880BDE8F0412DE90040A0E10170A0E15C
:10BDC000006094E50010A0E30400A0E1690200EB2C
:10BDD000000050E31E00001A0050A0E3381094E564
:10BDE0000600A0E1EF2300EB000050E31800001A6A
:10BDF0000010D6E5040051E30600000A3C1094E56B
:10BE00000020D1E5E50052E30700000A000052E3FC
:10BE10000500000A080000EA3C1094E50010D1E596
:10BE20000120A0E3A113D2E10300000A015085E242
:10BE3000070055E10600000A000000EA0050A0E3F8
:10BE40000110A0E30400A0E1C80000EB000050E3F3
:10BE5000E1FFFF0A040050E30000001A0700A0E31E
:10BE6000F081BDE8F0412DE90050A0E10140A0E1E2
:10BE70000500A0E18E3500EB000050E30100000A50
:10BE80000100A0E3F081BDE888008FE24C3900EBAF
:10BE90000410A0E10500A0E19FE7FFEB0060A0E136
:10BEA000386085E5021CA0E33C0085E20594FFEBC9
:10BEB0003C8085E20170A0E30040A0E3000000EABE
:10BEC000074084E0BA00D5E1040050E10600009A82
:10BED0000100D5E5042086E00730A0E10810A0E1CC
:10BEE000ED0200EB000050E3F4FFFF0ABA20D5E1B9
:10BEF0000410A0E12C008FE2313900EBBA00D5E14B
:10BF0000040050E10100000A0100A0E3F081BDE857
:10BF10000000A0E3F081BDE873796E635F77696E1E
:10BF2000646F770D0A0000006E3D25782C66732D36
:10BF30003E6373697A653D25780D0A00F05F2DE94F
:10BF40000040A0E1006094E50010A0E30400A0E13F
:10BF5000080200EB000050E33C00001A0000D6E5A8
:10BF6000040050E30A00000AFF70A0E30790A0E17C
:10BF700000A0E0E34CA084E5381094E50600A0E1C1
:10BF8000882300EB0080A0E10800B0E17500001AF2
:10BF90002F0000EA0C0096E53B4700EB00A0A0E173
:10BFA000240000EA100096E5240080E2B62000EBB1
:10BFB0000A0050E11F00001A100096E52370D0E53A
:10BFC0004050A0E30080A0E3110000EA1F0015E349
:10BFD0000000001A025085E2100096E5050080E09E
:10BFE000A92000EB1E0C00EB0090A0E10C0096E5F0
:10BFF000880080E0B000D0E1190C00EB000059E1AE
:10C000000500001A010047E2FF7000E2025085E2DD
:10C01000018088E2000057E3EBFFFF1A000057E3BE
:10C020000400001A0C0096E5880080E0B000D0E122
:10C03000000050E30400000A0010A0E30400A0E1A7
:10C04000AC0000EB00B050E2D5FFFF0A0B00A0E10E
:10C05000F09FBDE83C0094E50050D0E5000055E3BA
:10C060000B00000A0B10D0E53F1001E20610C4E5FA
:10C07000E50055E30300000A080011E30600000A8A
:10C080000F0051E30400000AFF70A0E34CA084E518
:10C090002E0000EA0480A0E3320000EA0F0051E322
:10C0A0000200000A000057E31A00000A1C0000EA20
:10C0B0004B10D4E5400011E32400001A400015E3C2
:10C0C0000400000A0D90D0E5BF5005E20570A0E124
:10C0D000301094E54C1084E5070055E10A00001A81
:10C0E0000D10D0E5090051E10700001A0C2096E57B
:10C0F0000010A0E10200A0E112E7FFEB000050E316
:10C100000100000A010047E2000000EAFF00A0E38E
:10C11000FF7000E20D0000EAA53400EB090050E1D9
:10C120001000000A4B00D4E5010010E30500001ADE
:10C130003C0094E50B20A0E3401084E2B892FFFAA3
:10C14000000050E30700000AFF70A0E34CA084E564
:10C150000010A0E30400A0E1040000EB0080A0E1D7
:10C160000800B0E183FFFF0A0800A0E1F09FBDE8EE
:10C17000F0472DE90040A0E10190A0E1007094E5B6
:10C18000300094E5206080E20000D7E5040050E331
:10C190000A00000A0206A0E3060050E10080A0E3C6
:10C1A0000000008A388084E5380094E5000050E300
:10C1B0000400000A861BB0E10400000A450000EA02
:10C1C0000102A0E3F3FFFFEA0400A0E3F087BDE86B
:10C1D000010080E2380084E5341094E5000051E36A
:10C1E0000400000ABA00D7E1010040E2A60410E111
:10C1F0000600000A370000EAB800D7E1A60250E1C5
:10C200003400008A388084E50400A0E3F087BDE8AC
:10C210000400A0E1190E00EB0050A0E1010055E37D
:10C220000100008A0200A0E3F087BDE8010075E389
:10C230001500000A1C0097E5050050E12000008A67
:10C24000000059E31200000A341094E50400A0E154
:10C250006DEDFFEB0050A0E1000055E30F00000A78
:10C26000010055E30F00000A010075E30F00000A0A
:10C270000510A0E10700A0E1F9FEFFEB000050E38C
:10C280000C00000A0100A0E3F087BDE80100A0E374
:10C29000F087BDE8388084E50400A0E3F087BDE8BE
:10C2A0000700A0E3F087BDE80200A0E3F087BDE847
:10C2B0000100A0E3F087BDE80700D4E5040080E3B7
:10C2C0000700C4E5345084E50510A0E10700A0E1B3
:10C2D00091E6FFEB380084E5306084E5860BA0E151
:10C2E000A00BA0E1070080E03C0080E23C0084E578
:10C2F0000000A0E3F087BDE8F0472DE90050A0E181
:10C3000001A0A0E10470A0E3008095E5FF60A0E338
:10C31000FF90A0E3540000EA0800A0E1A12200EB96
:10C320000070A0E10700B0E15200001A3C0095E562
:10C330000040D0E5000054E31100000A0010D8E5E9
:10C34000040051E31000000A0B10D0E53F1001E299
:10C350000610C5E5E50054E30700000A2E0054E38B
:10C360000500000A2020C1E3080052E31400000A7F
:10C370000020A0E30A0052E11300000AFF60A0E3DE
:10C380002C0000EA0470A0E33A0000EA850054E3C0
:10C390002800001A300095E54C0085E50500A0E175
:10C3A000F41F00EB0070A0E10700B0E13100001ABB
:10C3B000100098E50400D0E53F0000E20600C5E566
:10C3C0002C0000EA0120A0E3E9FFFFEA0F0051E39F
:10C3D0000200000A000056E32000001A1C0000EAD8
:10C3E000400014E30400000A0D90D0E5BF4004E2D1
:10C3F0000460A0E1301095E54C1085E5060054E19D
:10C400000A00001A0D10D0E5090051E10700001ADA
:10C410000C2098E50010A0E10200A0E1BF2700EB8E
:10C42000000050E30100000A010046E2000000EABB
:10C43000FF00A0E3FF6000E20010A0E30500A0E120
:10C440004AFFFFEB0070A0E10700B0E10600000A20
:10C45000080000EAD63300EB090050E10500000AAD
:10C460000000E0E34C0085E5020000EA381095E5A5
:10C47000000051E3A7FFFF1A000057E30100000A84
:10C480000000A0E3380085E50700A0E1F087BDE8E3
:10C49000F0432DE95CD04DE20040A0E1005094E56E
:10C4A0004B00D4E5A00010E30200000A0600A0E360
:10C4B0005CD08DE2F083BDE80060A0E30C0095E560
:10C4C000000000EA016086E2861080E0B010D1E151
:10C4D000000051E3FAFFFF1A0000D5E5040050E325
:10C4E0001300000A402084E2070092E850308DE2F9
:10C4F000070083E85B00DDE5010010E35400000A5B
:10C500004000A0E34B00C4E50170A0E30C2095E5DA
:10C510000730A0E150108DE2400084E2080D00EBEE
:10C520000400A0E184FEFFEB000050E34200001A8B
:10C530003E0000EA0F10A0E30E0086E2CF97FFEB6B
:10C54000026080E20610A0E10400A0E118FEFFEB0B
:10C55000000050E3D5FFFF1A300094E5011046E2D9
:10C56000001061E2810280E04C0084E50700D4E520
:10C57000040010E32800000A0400C0E30700C4E53B
:10C580000400A0E14E0B00EB000050E3C7FFFF1AD0
:10C59000341094E50020E0E30400A0E15E0B00EB22
:10C5A000000050E3C1FFFF1A080094E5000050E3CB
:10C5B0001900000A0410A0E10D00A0E1551F00EBD6
:10C5C000000050E3B9FFFF1AD021C4E1BA00D5E161
:10C5D0008004A0E1002092E00030A3E2F021C4E159
:10C5E000100095E5380080E2FF3200EBD021C4E175
:10C5F000100095E5280080E2FB3200EB0700D4E54F
:10C60000101095E5010080E32100C1E50D00A0E1D7
:10C61000393300EB000050E3A4FFFF1A100095E54A
:10C620000C1095E522EEFFEB0000A0E39FFFFFEA70
:10C63000017087E2640057E3B3FFFF3A640057E3F9
:10C640000B00000A040050E398FFFF1A5B00DDE5D1
:10C650004B00C4E55B00DDE5020010E30600000AC4
:10C660000D10A0E30C0086E28497FFEB017080E2DE
:10C67000020000EA0700A0E38CFFFFEA0170A0E3DC
:10C680000710A0E10400A0E1C9FDFFEB0060A0E1FC
:10C69000000056E30180A0E32000001A017057E279
:10C6A0001E00000A300094E5001067E2811280E06D
:10C6B0000400A0E12F0000EB0060A0E10600B0E163
:10C6C0001600001A400084E2393300EB0090A0E12C
:10C6D000381094E50500A0E1B22100EB0060A0E174
:10C6E000000056E30D00001A3C1094E50C0095E59F
:10C6F000FF2007E20930A0E1EB2900EB0380C5E54C
:10C700000010A0E30400A0E198FEFFEB0060A0E1B0
:10C71000000056E30100001A017057E2EBFFFF1A18
:10C72000000056E31100001A381094E50500A0E15E
:10C730009C2100EB0060A0E10600B0E10B00001AB4
:10C740003C0094E52010A0E3CE91FFEB3C0094E583
:10C750000B20A0E3401084E27891FFEB4B00D4E57E
:10C760003C1094E5180000E20C00C1E50380C5E52B
:10C770000600A0E14DFFFFEAF0412DE90060A0E1D5
:10C780000150A0E1007096E50000D7E5040050E3F9
:10C790000600000A0206A0E3050050E10100009A2D
:10C7A0001F0015E30300000A0200A0E3F081BDE8CA
:10C7B0000102A0E3F7FFFFEA305086E5084096E566
:10C7C000000054E30500001A0000D7E5030050E321
:10C7D0000200003A2C4097E50000A0E30700C6E500
:10C7E000000054E30200000ABA00D7E18084A0E10F
:10C7F000170000EAB800D7E1A50250E10100008A65
:10C800000200A0E3F081BDE82C0097E5380086E542
:10C81000150000EA0410A0E10600A0E1970C00EB6F
:10C820000040A0E1010074E30600000A020054E3A6
:10C830000200003A1C0097E5040050E10300008A62
:10C840000200A0E3F081BDE80100A0E3F081BDE8B3
:10C85000085045E0080055E1EDFFFF2A0410A0E173
:10C860000700A0E12CE5FFEB380086E5344086E5C3
:10C87000380096E5000050E30800000AA50480E0B7
:10C88000380086E5850BA0E1A00BA0E1070080E061
:10C890003C0080E23C0086E50000A0E3F081BDE8BA
:10C8A0000200A0E3F081BDE870402DE90050A0E156
:10C8B0007C008FE2C23600EB8C009FE50C2090E5F7
:10C8C000000052E30200000A0010A0E30500A0E10E
:10C8D00032FF2FE1201085E20500A0E1644100EB6A
:10C8E000304095E564609FE5090000EAC40494E5E2
:10C8F000300085E5BC0494E5042090E50400A0E147
:10C9000032FF2FE10610A0E10400A0E12F3F00EB71
:10C91000304095E5000054E3F3FFFF1A1900D5E518
:10C920005F0B00EB0500A0E1640B00EB7040BDE87D
:10C93000D33F00EA646973636F6E6E65637420644D
:10C9400065766963652E2E2E0A000000C4FF020082
:10C95000C804000010402DE90040A0E1074100EBB1
:10C960000400A0E1A24100EB011B80E2071091E26C
:10C970000100000A0000A0E31080BDE80200A0E36F
:10C980001080BDE810402DE9AA4100EB000050E303
:10C990000900000A011B80E20E1091E20400000A67
:10C9A000011B80E2071091E20500000A0400A0E3E9
:10C9B0001080BDE80400A0E31080BDE80000A0E303
:10C9C0001080BDE80300A0E31080BDE8F0412DE930
:10C9D0000150A0E10210A0E10370A0E1020115E303
:10C9E0000F00000A0530A0E10720A0E1B34100EBF1
:10C9F0000040A0E1000054E31500000A010B84E2AE
:10CA0000070090E20400000A010B84E2090090E2B2
:10CA10001100000AFF0004E2F081BDE80300A0E37A
:10CA2000F081BDE838209FE538609FE5023182E360
:10CA3000003086E50720A0E1A04100EBFF4000E2C6
:10CA4000001096E58724A0E10500A0E1BB90FFEB74
:10CA5000E7FFFFEA0000A0E3F081BDE80100A0E3EA
:10CA6000F081BDE80001030058F7020010402DE9F5
:10CA70000040A0E1C14000EB0400A0E15C4100EBFC
:10CA8000011B80E2071091E20100000A0000A0E310
:10CA90001080BDE80200A0E31080BDE8F8432DE956
:10CAA0000060A0E10140A0E10270A0E10350A0E11C
:10CAB0000530A0E10720A0E10610A0E1B4008FE25C
:10CAC00000408DE53E3600EB020114E31200000A3F
:10CAD0000430A0E10520A0E10710A0E10600A0E1DC
:10CAE000A34100EB000050E31C00000A011B80E2A0
:10CAF000071091E20400000A011B80E2091091E294
:10CB00001800000AFF0000E2F883BDE894008FE2FD
:10CB10002B3600EB0300A0E3F883BDE88524A0E1F9
:10CB2000020C52E30100009A0100A0E3F883BDE883
:10CB300080009FE580809FE5020180E3000088E59A
:10CB40000410A0E17D90FFEB003098E50520A0E106
:10CB50000710A0E10600A0E1854100EBE0FFFFEA3D
:10CB60000000A0E3F883BDE850008FE2143600EB2C
:10CB70000100A0E3F883BDE86469736B5F777269B5
:10CB80007465202D206472763A25642C20736563C9
:10CB90003A25642C20636E743A25642C20627566F5
:10CBA000663A307825780A005245535F4E4F54520A
:10CBB00044590D0A000000000001030058F702006C
:10CBC0005245535F4552524F520D0A007C402DE9A9
:10CBD0000B02A0E3A01090E5FF14C1E3221481E34F
:10CBE000A01080E5A41090E5FF10C1E3221081E3BE
:10CBF000A41080E558119FE5701080E5741080E561
:10CC00008C1080E5241290E5FF1CC1E31F10C1E3E6
:10CC1000021B81E3461F81E3241280E50000A0E3AC
:10CC2000024200EB0000A0E30030A0E10120A0E3FD
:10CC30000010A0E100008DE50200A0E1674200EBDA
:10CC4000010BA0E3254200EBCB4100EB04419FE543
:10CC5000000084E500519FE50500A0E1AF8DFFFADB
:10CC6000040084E52010A0E3AD2F00EB200080E25B
:10CC7000040084E50500A0E1A88DFFFA080084E522
:10CC80002010A0E3A62F00EB200080E2080084E53E
:10CC90000500A0E1A18DFFFA0C0084E52010A0E3BF
:10CCA0009F2F00EB200080E20C0084E50500A0E14E
:10CCB0009A8DFFFA100084E52010A0E3982F00EB76
:10CCC000201080E2000094E5020180E3000084E58A
:10CCD000040094E5020180E3040084E5082094E563
:10CCE000022182E3082084E50C2094E5022182E3FE
:10CCF0000C2084E5021181E3101084E5405045E2E8
:10CD00000510A0E15F90FFEB080094E50510A0E19D
:10CD10005C90FFEB0C0094E50510A0E15990FFEB4F
:10CD2000100094E50510A0E15690FFEB384200EBAF
:10CD3000040094E5001094E5F000CDE10010A0E3BC
:10CD40001E3EA0E3322EA0E30100A0E1D40A00EBD6
:10CD50007C80BDE822222222C02C030040B80B00B8
:10CD6000FE4F2DE90080A0E101A0A0E13240A0E348
:10CD70000050A0E30A20A0E10410A0E30800A0E115
:10CD8000442F00EB000050E3180000BA7A0D00EBCE
:10CD900008008DE5BC909FE50370A0E30400A0E1CE
:10CDA0000A10A0E39990FFEB016080E2150000EA11
:10CDB0000900A0E1DAFBFFEB0D30A0E104208DE2D9
:10CDC0000A10A0E10800A0E12A0D00EB00B0A0E1EC
:10CDD00000005BE3060000AA0B30A0E10A20A0E1FE
:10CDE0000C1088E270008FE2753500EB0B00A0E1BB
:10CDF000FE8FBDE8B400DDE1010010E30F00000A82
:10CE00000000D7E10D00000A08009DE55C0D00EB75
:10CE1000060050E1E5FFFF3AFA4084E2015085E266
:10CE2000030055E3D2FFFFBA0A20A0E10C1088E20C
:10CE300054008FE2623500EBFE00E0E3FE8FBDE8B8
:10CE40000A20A0E10210A0E30800A0E19EE3FFEBAE
:10CE50000000A0E3FE8FBDE8881300004661696C06
:10CE6000656420746F2067657420487562205B25B7
:10CE7000735D20706F727420256420737461747503
:10CE8000732120282564290A00000000485542200B
:10CE90005B25735D20706F7274202564202D2070D7
:10CEA0006F7274207265736574206661696C656465
:10CEB000210A0000F84F2DE90380A0E128309DE50C
:10CEC0000040A0E10190A0E10260A0E1142084E212
:10CED000347084E214019FE5000082E510119FE5A3
:10CEE000000091E5040082E5010080E2000081E598
:10CEF000086082E51100D4E50D00C2E500308DE543
:10CF00000C1094E51F30A0E30400A0E1BD1F00EB6E
:10CF10000050A0E1000055E3040000AA0510A0E1C4
:10CF2000D0008FE2263500EB0500A0E1F88FBDE8C8
:10CF3000D8A09FE5000056E31700000A000058E360
:10CF40000700000A00A08DE5081094E50630A0E176
:10CF50000920A0E10400A0E1AA1F00EB0050A0E11D
:10CF6000060000EA00A08DE50C1094E50630A0E173
:10CF70000920A0E10400A0E1A21F00EB0050A0E105
:10CF8000000055E3040000AA0510A0E180008FE234
:10CF90000B3500EB0500A0E1F88FBDE800A08DE5A2
:10CFA000081094E50D30A0E30720A0E10400A0E103
:10CFB000941F00EB0040A0E1000054E3040000AA2D
:10CFC0000410A0E160008FE2FD3400EB0400A0E15A
:10CFD000F88FBDE80C00D7E5000050E30100000A1F
:10CFE0005C009FE5F88FBDE80000A0E3F88FBDE886
:10CFF00055534243F4FF02006D73635F62756C6BBF
:10D000005F7472616E73666572303D25580D0A005B
:10D0100050C300006D73635F62756C6B5F74726107
:10D020006E73666572313D25580D0A006D73635F3E
:10D0300062756C6B5F7472616E73666572323D25EA
:10D04000580D0A00F3FBFFFF10402DE9061AA0E37C
:10D05000050DA0E33CAEFFEB20009FE50020A0E320
:10D06000FF16A0E3F4C9FFEB1040BDE80130A0E3D8
:10D070000020A0E3061AA0E3050DA0E3E1AEFFEA5D
:10D080009C0000B010402DE9061AA0E3050DA0E3B6
:10D090002DAEFFEB38009FE50020A0E3FF16A0E3D4
:10D0A000E5C9FFEB0030A0E30120A0E3061AA0E3EE
:10D0B000050DA0E3D3AEFFEB0119A0E3050DA0E33E
:10D0C00032AEFFEB1040BDE8021AA0E3050DA0E36D
:10D0D0002EAEFFEA9C0000B0F84F2DE934529FE5D8
:10D0E00034829FE50000D5E530929FE5006088E23C
:10D0F000000050E30070A0E31A00000A0070C8E5C9
:10D10000D0E6FFEBFF1000E200108DE5000051E3D8
:10D110000C00000A0200D6E5010080E2FF1000E2E8
:10D120000210C6E5030051E30E00003A0270C6E5A6
:10D130000070C5E50140A0E30000D8E5010080E3F0
:10D140000000C8E5280000EA0070C5E51C00A0E367
:10D1500000008DE5450A00EB0030A0E30D20A0E1C2
:10D160000110A0E334E3FFEB0C00D5E5010050E330
:10D170006700001A85D5FFEB0270C6E5691FA0E3C2
:10D180000A00A0E3F7D2FFEB650F8FE2FE1B00EB76
:10D190000040A0E3F0C0FFEB39B9FFEB629CFFEB6E
:10D1A000000050E32100000A0900A0E1E8FAFFEBCB
:10D1B000059DFFEB000050E31E00000A0900A0E1FE
:10D1C000E3FAFFEBDDC8FFEB000050E31B00000AB1
:10D1D0000900A0E1DEFAFFEB33C8FFEB000050E3EB
:10D1E0001800000A0900A0E1D9FAFFEB44A19FE56D
:10D1F000010054E396BCA0E31400000A54CEFFEBF8
:10D2000008B085E55B2600EB4B0F8FE2DE1B00EBE1
:10D2100038019FE5001090E5011781E3001080E5DB
:10D220000100D6E5010050E31D00000A250000EAD8
:10D230000140A0E3ECFFFFEA0140A0E3EAFFFFEAC0
:10D240000140A0E3E8FFFFEA0140A0E3E6FFFFEAB8
:10D250000900A0E1BEFAFFEB08B085E5452600EB2A
:10D26000EC008FE2C81B00EB0100D6E5010050E3A3
:10D270000900001A691FA0E30A00A0E3B9D2FFEB7E
:10D280000170C6E50010D8E5D8008FE2BF1B00EBA7
:10D290000000DAE5020080E30000CAE56A9DFFEBCA
:10D2A000090000EA691FA0E30A00A0E3ADD2FFEB8A
:10D2B0000170C6E580008FE2B41B00EB0000DAE5E8
:10D2C000010080E30000CAE55F9DFFEBBC009FE525
:10D2D000007080E5B8009FE5007080E5100096E5DD
:10D2E000000050E30200000A278CFFFA107086E568
:10D2F0000C7086E5180096E5000050E30200000A75
:10D30000218CFFFA187086E5147086E521D5FFEBB5
:10D310000C70C5E5F88FBDE8E858040020FA02005B
:10D32000FC08000055706461746520536F66747763
:10D330006172652E2E2E00008DF80200557064611A
:10D34000746520537563636573732020202020006B
:10D35000CCF80200557064617465204661696C7593
:10D36000726520202020200055706461746520467D
:10D3700061696C75726520202020202020202043C8
:10D380006F64653D30782530327820202020000001
:10D390009CF70200A0F7020010402DE91B30D0E5F9
:10D3A000000051E30800000AB420D1E10228A0E106
:10D3B00000C0D1E50F400CE2842382E180001CE331
:10D3C0000E00000A012A82E30D0000EA0710D0E5F2
:10D3D000000051E30300001A000053E30400000AB8
:10D3E0004010A0E30710C0E50710D0E50128A0E138
:10D3F000080000EA0810A0E30710C0E5F9FFFFEA03
:10D40000022B82E30110D1E5031001E2010051E398
:10D410000000001A022982E3000053E30400000A1E
:10D420000010A0E3021081E11900D0E5010080E1C5
:10D430001080BDE8021AA0E3F9FFFFEA08109FE59B
:10D440000500A0E30200C1E51EFF2FE164F8020021
:10D45000F0412DE90050A0E364039FE5B000D0E166
:10D46000000050E3D500001A58639FE50200D6E59E
:10D47000000050E30100000A010040E20200C6E59E
:10D480000100D6E5000050E30200000A0210D6E5D4
:10D49000000051E33000000A2C439FE5001094E5A2
:10D4A000000051E3C500000A000050E3C300001A69
:10D4B0000170A0E30100D6E5030050E3BF00000ABD
:10D4C000000094E5171500E0000051E3B700000AE2
:10D4D000200055E305F18F30B40000EA240000EA93
:10D4E000B20000EA290000EAB00000EA2E0000EADB
:10D4F000AE0000EA330000EAAC0000EAAB0000EA4C
:10D50000350000EAA90000EAA80000EAA70000EA46
:10D51000380000EAA50000EA3F0000EA450000EA02
:10D520004B0000EAA10000EA540000EA5A0000EAB9
:10D53000600000EA660000EA6C0000EA720000EA9F
:10D54000780000EA7E0000EA840000EA8A0000EA2F
:10D55000960000EA950000EA8E0000EA010040E231
:10D560000100C6E50A00A0E30200C6E5F041BDE8FF
:10D57000482C00EA0100C0E3000084E50120A0E39C
:10D580000210A0E13100A0E327E3FFEB870000EAEF
:10D590000400C0E3000084E50120A0E30610A0E33E
:10D5A0003100A0E320E3FFEB800000EA1000C0E3BD
:10D5B000000084E50220A0E30710A0E33100A0E30F
:10D5C00019E3FFEB790000EA0500D6E5000050E31F
:10D5D0007600001A0570C6E5740000EA020CC0E38C
:10D5E000000084E50120A0E30910A0E33100A0E3DE
:10D5F0000DE3FFEB6D0000EA0400D6E5000050E308
:10D600006A00001A0320A0E30410A0E33100A0E3A5
:10D6100005E3FFEB0470C6E5640000EA0209C0E31D
:10D62000000084E50120A0E30510A0E33100A0E3A1
:10D63000FDE2FFEB5D0000EA0108C0E3000084E5C5
:10D640000620A0E30210A0E33100A0E3F6E2FFEB26
:10D65000560000EA74119FE50010D1E5000051E387
:10D660005200001A0208C0E3000084E50320A0E392
:10D670000510A0E33100A0E3EBE2FFEB4B0000EA72
:10D680000207C0E3000084E50120A0E30810A0E346
:10D690003100A0E3E4E2FFEB440000EA0106C0E34E
:10D6A000000084E50220A0E30810A0E33100A0E31D
:10D6B000DDE2FFEB3D0000EA0206C0E3000084E586
:10D6C0000120A0E30210A0E33100A0E3D6E2FFEBCB
:10D6D000360000EA0105C0E3000084E50220A0E373
:10D6E0000210A0E13100A0E3CFE2FFEB2F0000EA3F
:10D6F0000205C0E3000084E50420A0E30210A0E3DB
:10D700003100A0E3C8E2FFEB280000EA0104C0E317
:10D71000000084E50520A0E30210A0E33100A0E3AF
:10D72000C1E2FFEB210000EA0204C0E3000084E54F
:10D730000320A0E30210A0E33100A0E3BAE2FFEB74
:10D740001A0000EA0103C0E3000084E50120A0E321
:10D750000310A0E33100A0E3B3E2FFEB130000EA03
:10D760000203C0E3000084E50220A0E30310A0E36D
:10D770003100A0E3ACE2FFEB0C0000EA0102C0E3E1
:10D78000000084E50220A0E30510A0E33100A0E33F
:10D79000A5E2FFEB050000EA0201C0E3000084E51A
:10D7A0000120A0E30710A0E33100A0E39EE2FFEB1D
:10D7B000010085E2FF5000E2200055E33CFFFF3A04
:10D7C000F081BDE876F7020098F80200CCF802007C
:10D7D000E85804000F002DE9F0432DE954D04DE244
:10D7E0000070A0E350708DE50050A0E304829FE537
:10D7F00004908DE234608DE250308DE20320A0E38E
:10D8000004108DE270008DE2BE0300EBB015DDE187
:10D81000000051E30100000A000050E30300000A89
:10D820000000A0E354D08DE2F003BDE814F09DE4C5
:10D83000010089E2B2E4FFEBFF0000E23500CDE534
:10D840000410DDE53410CDE53A0051E30100000A93
:10D850000000A0E3F2FFFFEA100050E30100009A8D
:10D860000000A0E3EEFFFFEA0A10A0E3800081E0E1
:10D87000FF2000E250308DE204108DE270008DE256
:10D88000A00300EBB015DDE1000051E30100000A48
:10D89000000050E30100000A0000A0E3E0FFFFEAFF
:10D8A000020089E296E4FFEB0040A0E104008DE273
:10D8B00093E4FFEB000484E038008DE5040089E286
:10D8C0008FE4FFEB3C00CDE50040A0E3060000EA5A
:10D8D000840089E0060080E289E4FFEB041086E022
:10D8E0000900C1E5010084E2FF4000E23500DDE50A
:10D8F000040050E1F5FFFF8A844089E0060084E2DD
:10D900007FE4FFEBFFC000E24DC0CDE50800D4E5A9
:10D910004E00CDE50910D4E54F10CDE50D0050E3E4
:10D920000300000A0A0050E30100000A0000A0E31F
:10D93000BBFFFFEA3520DDE538009DE538109DE5A9
:10D940003C30DDE5200482E0010080E0030080E05F
:10D95000FF1000E20000A0E3050000EA004086E0BE
:10D960000940D4E5041081E0FF1001E2010080E2EB
:10D97000FF0000E2000052E1F7FFFF8A0100E0E152
:10D98000010080E2FF0000E200005CE10100000A0B
:10D990000000A0E3A2FFFFEA010053E30F00000A2A
:10D9A000030053E31000000A000053E391FFFF1A45
:10D9B00044009FE5091086E2080090E5050080E03C
:10D9C000DE8CFFEB3500DDE5005085E02C009FE5A7
:10D9D000000055E187FFFF3A0000A0E390FFFFEA57
:10D9E000045088E50100A0E38DFFFFEA047088E59C
:10D9F0000050A0E37FFFFFEAE8580400C02C0300BA
:10DA00000020230038402DE90040A0E10400A0E1FF
:10DA1000050400EB000050E30600001A0D10A0E121
:10DA20000400A0E10B3E00EB000050E30100001AEF
:10DA30000010A0E3001084E53880BDE838402DE9EF
:10DA40000040A0E10D10A0E10400A0E1013E00EBC8
:10DA5000000050E30100001A0010A0E3001084E56C
:10DA60003880BDE8FE4F2DE900A0A0E10240A0E112
:10DA70000350A0E104108DE20A00A0E1F53D00EBA7
:10DA800008008DE508009DE5000050E30100001A44
:10DA90003100DAE508008DE508009DE5000050E35F
:10DAA0000800001A04009DE50000D0E5040050E3E2
:10DAB0000400001A40109AE50020E0E30A00A0E10B
:10DAC000150600EB08008DE508009DE5000050E319
:10DAD0000100000A08009DE5FE8FBDE804209DE5D9
:10DAE0000000D2E5040050E30300000A010055E302
:10DAF0000100003A0040E0E30050A0E3D001CAE199
:10DB0000043050E00530D1E00400002A3030DAE57E
:10DB1000020013E30100001A0040A0E10150A0E15F
:10DB2000D883CAE10000A0E300008DE538008AE553
:10DB30003C008AE5050094E17400000ABA00D2E1D5
:10DB400080B4A0E1090098E11A00000A010054E243
:10DB50000010C5E20B20A0E10030A0E31D8AFFEB1E
:10DB60000060A0E1010058E20170A0E10010C9E2EC
:10DB70000080A0E10190A0E10B20A0E10030A0E333
:10DB8000148AFFEB000056E00100D7E00900003ADC
:10DB90000000A0E301104BE20020E0E10100C8E139
:10DBA000021009E0F803CAE1004054E00150C5E06A
:10DBB00040109AE50C0000EA08109AE5000051E3D5
:10DBC0000800001A0010A0E30A00A0E10EE7FFEB36
:10DBD0000010A0E1010051E30700000A010071E319
:10DBE0000800000A08108AE540108AE5000051E3A9
:10DBF0004600000A0060A0E3300000EA0200A0E353
:10DC00003100CAE5FE8FBDE80100A0E33100CAE59E
:10DC1000FE8FBDE80B4054E00050C5E0D823CAE1B8
:10DC20000B2092E00030A3E0F823CAE13000DAE5EF
:10DC3000020010E30F00000A10C09AE514709AE584
:10DC400002C05CE003C0D7E00200002AF021CAE174
:10DC5000400080E33000CAE50A00A0E1EAE6FFEBFD
:10DC60000010A0E1000051E30500001A0040A0E30D
:10DC70000450A0E1150000EA0A00A0E17F0700EBD4
:10DC80000010A0E1010071E30800000A010051E367
:10DC90000300009A04009DE51C0090E5010050E19E
:10DCA0000500008A0200A0E33100CAE5FE8FBDE84E
:10DCB0000100A0E33100CAE5FE8FBDE840108AE50F
:10DCC00004205BE00520D6E00600A0E1D0FFFF3A8B
:10DCD00038009AE53C209AE5040090E00520A2E097
:10DCE00038008AE53C208AE5840BB0E10700000A91
:10DCF00004009DE508E0FFEB000050E32000000A6F
:10DD0000A424A0E1851B82E1010080E000008DE5F4
:10DD1000D803CAE1D021CAE1002052E00120D3E0BB
:10DD20000300002AF001CAE13000DAE5400080E398
:10DD30003000CAE5B803DAE1800BB0E12300000A45
:10DD400044209AE500009DE5000052E11F00000A12
:10DD50003000DAE5800010E30F00000A04009DE5C2
:10DD60000130A0E30100D0E550108AE24AFBFFEB4E
:10DD7000000050E30500000A0100A0E33100CAE5FD
:10DD8000FE8FBDE80200A0E33100CAE5FE8FBDE8CA
:10DD90003000DAE57F0000E23000CAE504009DE5CE
:10DDA00000209DE50100D0E50130A0E350108AE29B
:10DDB00005FBFFEB000050E30200000A0100A0E3B6
:10DDC0003100CAE5FE8FBDE800009DE544008AE50C
:10DDD00008009DE5FE8FBDE8F14F2DE94FDE4DE2D5
:10DDE000011B8DE20220A0E36C1081E24F0E8DE258
:10DDF000611A00EB0040A0E10410A0E1A30F8FE244
:10DE00006F3100EB000054E36700001A6C049DE5DD
:10DE1000A0048DE59B1F8DE20C1080E50C108DE2B7
:10DE2000101080E54A8E8DE2F0149DE50800A0E117
:10DE3000D20500EB0040A0E10410A0E1260E8FE225
:10DE40005F3100EB000054E30000001A0840A0E33B
:10DE5000040054E35400001A6C049DE570048DE541
:10DE6000479E8DE20010A0E30900A0E166E6FFEB0B
:10DE70000050A0E10040A0E3000055E30000001ABC
:10DE80000740A0E3010055E30000001A0240A0E3B0
:10DE9000010075E30000001A0140A0E30520A0E1A5
:10DEA0000410A0E1830F8FE2453100EB7A0700EB0D
:10DEB00000A0A0E10A10A0E1850F8FE2403100EB45
:10DEC000000054E30170A0E31060A0E32D00001AED
:10DED0006C049DE50510A0E1E1F7FFEB0040A0E137
:10DEE0000410A0E11F0E8FE2353100EB000054E377
:10DEF0002400001A6C049DE50010D0E5040051E3F5
:10DF00001A00000A2020A0E30B10A0E33C0080E2EE
:10DF1000D88BFFEB6C049DE52E40A0E33C40C0E5B0
:10DF20004760C0E50A10A0E1520080E2A42C00EB9B
:10DF30006C049DE50520A0E13C1080E2902C00EBF4
:10DF40006C049DE52020A0E33C1080E25C0080E2B0
:10DF5000AF8BFFEB6C049DE55D40C0E5A8249DE51B
:10DF60005C1080E2862C00EB6C049DE50370C0E53C
:10DF70000800A0E145F9FFEB0040A0E10410A0E19A
:10DF8000590F8FE20E3100EB0410A0E15B0F8FE21E
:10DF90000B3100EB000054E30700000A0020A0E36F
:10DFA0000510A0E10900A0E18B2800EB01DB8DE268
:10DFB0000400A0E1F4D08DE2F08FBDE86C049DE593
:10DFC0000010D0E5040051E31100000ADC049DE5D7
:10DFD0000A10A0E1160080E2792C00EB6C049DE5AC
:10DFE000DC149DE50520A0E1652C00EBDC049DE53B
:10DFF0000B60C0E56C049DE50370C0E5000054E3D0
:10E00000E9FFFF1A6C049DE5F42C00EB0040A0E151
:10E01000E5FFFFEA100090E50A10A0E10C0080E2A5
:10E02000672C00EB6C049DE50510A0E1100090E565
:10E03000340080E2622C00EB6C049DE5BA10D0E164
:10E04000100090E58114A0E1380080E25C2C00EB28
:10E050006C049DE5BA10D0E1100090E58114A0E1B8
:10E06000280080E2562C00EB6C049DE50310A0E331
:10E07000102090E52110C2E5100090E50460C0E595
:10E080000800A0E19C2C00EB0040A0E1DAFFFFEAD1
:10E090006D6F756E745F766F6C756D653D25580D8F
:10E0A0000A000000666F6C6C6F775F706174683D8A
:10E0B00025580D0A000000006372656174655F6396
:10E0C0006861696E3D25582C64636C3D25580D0AC6
:10E0D00000000000746D3D25580D0A006469725FF0
:10E0E000636C6561723D25580D0A00006469725FBA
:10E0F00072656769737465723D25580D0A000000EA
:10E100007265733D25580D0A0000000017402DE987
:10E1100004D04DE20240A0E108009DE500008DE53D
:10E120000D00A0E1D40700EB000050E3020000AABC
:10E130000B00A0E310D08DE21080BDE848309FE5D1
:10E14000001193E70020A0E3000051E30000000A63
:10E150000020C1E504109DE5000051E30000000A25
:10E160000020C1E5001183E7000054E30400000A29
:10E170000020A0E304108DE208008DE27E1900EB80
:10E18000EBFFFFEA0000A0E3E9FFFFEA000309005C
:10E19000F74F2DE913DD4DE20070A0E1000057E3D9
:10E1A0000B00000A3F4002E2011B8DE2010B8DE2F1
:10E1B0000420A0E16C1081E2C40080E26E1900EB43
:10E1C0000060A0E1000056E30090A0E30400000A14
:10E1D000F80000EA0900A0E301DB8DE2CCD08DE27B
:10E1E000F08FBDE86C049DE570048DE59B1F8DE20A
:10E1F0000C1080E50C108DE2101080E547AE8DE22A
:10E20000C4149DE50A00A0E1DC0400EB0060A0E17D
:10E210000600B0E10300001ABB04DDE5800010E356
:10E220000000000A0660A0E31C0014E37200000A6C
:10E23000000056E30600000A040056E30200001A3C
:10E240000A00A0E191F8FFEB0060A0E1084084E340
:10E25000070000EA7604DDE5110010E30100000A82
:10E260000760A0E3020000EA040014E30000000AD3
:10E270000860A0E3000056E36B00001A080014E3F6
:10E280006900000A6C049DE520B0A0E30010D0E511
:10E290000180A0E3040051E32400000A7E0600EBA5
:10E2A0000050A0E1AC049DE50510A0E10E0080E265
:10E2B000C32B00EBAC049DE50510A0E1160080E245
:10E2C000BF2B00EB6C049DE5AC149DE5BA1700EB89
:10E2D0000050A0E1AC049DE50BB0C0E56C049DE5E9
:10E2E000AC149DE50020A0E3A52B00EBAC049DE55C
:10E2F0000010A0E31C0080E2B12B00EB6C049DE554
:10E300000380C0E5000055E34700000A388090E52F
:10E310000020A0E30510A0E10A00A0E1AE2700EB79
:10E320000060A0E10600B0E12B00000A3E0000EA18
:10E33000000087E56C049DE50710A0E19B1600EB4B
:10E340006C049DE51E10A0E3100090E5020080E241
:10E35000CC8AFFEB6C049DE51A10A0E3100090E559
:10E36000260080E2C78AFFEB6C049DE5100090E573
:10E3700004B0C0E5480600EB0010A0E16C049DE588
:10E38000100090E5080080E28D2B00EB6C049DE509
:10E39000100090E52180C0E50A00A0E1D62B00EB3B
:10E3A0000060A0E10600B0E11F00001A081097E528
:10E3B000000051E31C00000A0020A0E30700A0E1D8
:10E3C000852700EB0060A0E1080097E56C149DE54F
:10E3D000010040E2140081E5130000EA6C049DE5B1
:10E3E0000810A0E16F1A00EB0060A0E16C149DE53D
:10E3F000010045E2140081E50B0000EA000056E34D
:10E400000900001A7604DDE5100010E30100000A9F
:10E410000460A0E3040000EA020014E30200000A22
:10E42000010010E30000000A0760A0E3000056E3CB
:10E430000700001A080014E30000000A404084E3CB
:10E440006C049DE5380090E5480087E5AC049DE547
:10E450004C0087E5000056E35600001A6C049DE569
:10E460000010D0E5040051E32100000AAC149DE542
:10E47000511700EB080087E5AC049DE51C0080E225
:10E480005B1700EB100087E5149087E56C049DE5B1
:10E49000000087E56C049DE5B600D0E1B400C7E15B
:10E4A0003040C7E53190C7E5449087E50010A0E310
:10E4B000381087E53C1087E5021CA0E3500087E296
:10E4C000808AFFEB200014E33A00000AD041C7E144
:10E4D000050094E13700000AF843C7E16C049DE5AC
:10E4E000BA00D0E18084A0E1081097E509A0A0E17E
:10E4F000160000EA78149DE5201087E580149DE55C
:10E500007724DDE5FF10C1E3021081E1241087E5E7
:10E51000BC149DE5281087E50710A0E1231600EB49
:10E52000D9FFFFEA0700A0E1540500EB0010A0E1CD
:10E53000010051E30000008A0260A0E3010071E3E2
:10E540000000001A0160A0E3084054E00A50C5E052
:10E55000000056E30200001A040058E00500DAE06B
:10E56000EFFFFF3A401087E5000056E31100001A64
:10E57000840BB0E10F00000A6C049DE5E6DDFFEBC3
:10E58000000050E31000000AA424A0E1851B82E1F2
:10E59000002081E0442087E56C049DE50130A0E384
:10E5A0000100D0E5501087E207F9FFEB000050E3CF
:10E5B0000000000A0160A0E3000056E30000000A2A
:10E5C000009087E50600A0E102FFFFEA0260A0E3F9
:10E5D000F8FFFFEA73402DE947DE4DE20040A0E17D
:10E5E000000054E30900000A011B8DE2010B8DE2DB
:10E5F0000020A0E36C1081E2740080E25E1800EB62
:10E600000050A0E1000055E30400000A370000EAD2
:10E610000900A0E301DB8DE278D08DE27080BDE8D7
:10E620006C049DE5000084E56C049DE59B1F8DE274
:10E630000C1080E50C108DE2101080E574149DE53F
:10E640000400A0E1CD0300EB0050A0E1000055E381
:10E650002300001A4B00D4E5800010E31700001AD5
:10E660000600D4E5100010E31300000A6C049DE5D9
:10E670000010D0E5040051E30300000A3C1094E5CB
:10E68000CD1600EB080084E50C0000EA081094E5C4
:10E69000201084E5101094E50720D4E5FF10C1E3B5
:10E6A000021081E1241084E54C1094E5281084E5E3
:10E6B0000410A0E1BD1500EB000000EA0550A0E346
:10E6C000000055E30600001A6C049DE5B600D0E199
:10E6D000B400C4E10010A0E30400A0E125F8FFEBC2
:10E6E0000050A0E1040055E30000001A0550A0E32B
:10E6F000000055E30100000A0000A0E3000084E5EB
:10E700000500A0E1C2FFFFEAF84F2DE90040A0E1BB
:10E710000180A0E10270A0E10390A0E10050A0E31D
:10E72000005089E50D10A0E10400A0E1C93A00EB1A
:10E73000000050E31000001A3100D4E5000050E35F
:10E740000D00001A3000D4E5010010E30900000AB2
:10E75000D803C4E1D021C4E1000052E00110C3E0BD
:10E76000073050E00010D1E20000002A0070A0E164
:10E7700001A0A0E37F0000EA0700A0E3F88FBDE856
:10E78000B803D4E1800BB0E16300001A385094E57F
:10E790003C6094E5A514A0E1860B81E100109DE5A5
:10E7A000BA10D1E1011041E201B000E000005BE3EA
:10E7B0000E00001A060095E10700000A401094E5DB
:10E7C0000400A0E1AD0400EB020050E30400002AC5
:10E7D0000200A0E33100C4E5F88FBDE8080094E52D
:10E7E000F8FFFFEA010070E31900000A400084E529
:10E7F000401094E500009DE547DDFFEB000050E38D
:10E800001600000A0B6080E0A754A0E1000055E369
:10E810002200000A00009DE505208BE0BA10D0E13F
:10E82000010052E10000009A0B5041E00100D0E5E8
:10E830000530A0E10620A0E10810A0E162F8FFEB9E
:10E84000000050E30800000A31A0C4E50100A0E385
:10E85000F88FBDE831A0C4E50100A0E3F88FBDE862
:10E860000200A0E33100C4E5F88FBDE83000D4E534
:10E87000800010E30700000A440094E5060040E031
:10E88000050050E10300002A800488E0022CA0E388
:10E89000501084E22989FFEB8554A0E12A0000EAA8
:10E8A000442094E5060052E11A00000A3000D4E545
:10E8B000800010E30C00000A00009DE50130A0E399
:10E8C0000100D0E5501084E273F8FFEB000050E344
:10E8D0000200000A31A0C4E50100A0E3F88FBDE802
:10E8E0003000D4E57F0000E23000C4E500009DE583
:10E8F0000130A0E30100D0E50620A0E1501084E241
:10E9000031F8FFEB000050E30200000A31A0C4E53B
:10E910000100A0E3F88FBDE8446084E5B803D4E1CA
:10E92000800BA0E1A00BA0E1025C60E2070055E1D2
:10E930000000009A0750A0E1040080E0501080E23F
:10E940000520A0E10800A0E1FC88FFEB057047E08E
:10E95000000099E5050080E0000089E5058088E079
:10E96000382094E53C1094E5052092E00000A1E2F7
:10E970003C0084E5382084E5000057E37FFFFF1A60
:10E980000000A0E3F88FBDE870402DE947DE4DE2BE
:10E990000050A0E10140A0E1011B8DE26C1081E27A
:10E9A0000500A0E12B3A00EB000050E30F00001A35
:10E9B000000054E30A00000A6C049DE59B1F8DE2F1
:10E9C0000C1080E50C108DE2101080E50010A0E323
:10E9D0000500A0E147F6FFEB040050E30500000A44
:10E9E000050000EA0010A0E30500A0E161F7FFEBDD
:10E9F00047DE8DE27080BDE80000A0E3000050E338
:10EA0000FAFFFF1A0410A0E10500A0E1B90400EB31
:10EA10000010A0E30500A0E1D4F5FFEB040050E3F3
:10EA2000F2FFFF1A0000A0E3F0FFFFEA70402DE9BB
:10EA300001DB4DE2C8D04DE20040A0E1131D8DE2A4
:10EA40000400A0E1033A00EB000050E30D00001ABF
:10EA50003010D4E5400011E30A00000A800011E301
:10EA60000E00000AC0049DE5442094E50100D0E5B5
:10EA70000130A0E3501084E207F8FFEB000050E300
:10EA80000300000A0100A0E301DB8DE2C8D08DE2A3
:10EA90007080BDE83000D4E57F0000E23000C4E5BE
:10EAA0007D0400EB0060A0E1C0049DE50010D0E50E
:10EAB000040051E31C00000A481094E5B91800EB6B
:10EAC000000050E3EFFFFF1A4C5094E50B00D5E532
:10EAD000200080E30B00C5E5000094E5082094E5E4
:10EAE0000510A0E1A62900EB101094E51C0085E2BA
:10EAF000B32900EB0610A0E1160085E2B02900EB77
:10EB00000010A0E3120085E2D42900EBC0049DE5CB
:10EB10000110A0E30310C0E5302A00EB3010D4E56B
:10EB2000BF1001E23010C4E5D6FFFFEA0400A0E107
:10EB3000E30100EB000050E30300001A401094E5ED
:10EB40000020E0E30400A0E1F30100EB000050E34B
:10EB5000CCFFFF1AC0049DE5271E8DE20C1080E556
:10EB600010108DE2101080E5475E8DE20410A0E1E8
:10EB70000500A0E1E71500EB000050E3C1FFFF1A1C
:10EB8000C0049DE5101090E50420D1E5202082E32B
:10EB90000420C1E50710D4E5102090E5011081E3C1
:10EBA0002110C2E5100090E5081094E5340080E2E1
:10EBB000832900EBD021C4E1C0049DE5100090E55D
:10EBC000380080E2882900EBD021C4E1C0049DE533
:10EBD000100090E5280080E2832900EBC0049DE549
:10EBE0000610A0E1100090E50C0080E2742900EB13
:10EBF000C0049DE50010A0E3102090E51510C2E5CB
:10EC0000100090E5100080E26D2900EB0500A0E106
:10EC1000B92900EB000050E39AFFFF1AC0049DE5FC
:10EC2000EE2900EB3010D4E5BF1001E23010C4E54E
:10EC300094FFFFEAF84F2DE90080A0E101A0A0E1D8
:10EC40000290A0E103B0A0E10000A0E300008BE58A
:10EC50000D10A0E10800A0E17E3900EB000050E3B8
:10EC60001000001A3100D8E5000050E30D00001A32
:10EC70003000D8E5020010E30900000A00009DE51D
:10EC80000000D0E5040050E3A100000A380098E538
:10EC9000091090E0000051E19D00002A0090E0E1A1
:10ECA0009B0000EA0700A0E3F88FBDE8B803D8E1B5
:10ECB000800BB0E17600001AD803C8E1A034A0E1CF
:10ECC000812B83E100309DE5BA30D3E1013043E28E
:10ECD000034002E0000054E31D00001A010090E12F
:10ECE0000D00000A401098E50800A0E1C6E2FFEB25
:10ECF000000050E38800000A010050E30D00000A04
:10ED0000010070E30E00000A400088E5081098E555
:10ED1000000051E30D00000A0D0000EA080098E52C
:10ED2000000050E3F1FFFF1A0010A0E30800A0E18B
:10ED3000B5E2FFEBEDFFFFEA0200A0E33100C8E51A
:10ED4000F88FBDE80100A0E33100C8E5F88FBDE809
:10ED5000080088E53000D8E5800010E30D00000AC7
:10ED600000009DE5442098E50100D0E50130A0E3D6
:10ED7000501088E248F7FFEB000050E30200000A61
:10ED80000100A0E33100C8E5F88FBDE83000D8E508
:10ED90007F0000E23000C8E5401098E500009DE5E6
:10EDA000DDDBFFEB000050E31300000A046080E0AD
:10EDB000A954A0E1000055E31F00000A00009DE5F2
:10EDC000052084E0BA10D0E1010052E10000009A71
:10EDD000045041E00100D0E50530A0E10620A0E1AB
:10EDE0000A10A0E12CF7FFEB000050E30500000A39
:10EDF0000100A0E33100C8E5F88FBDE80200A0E300
:10EE00003100C8E5F88FBDE8440098E5060040E011
:10EE1000050050E10600002A80148AE0022CA0E3DD
:10EE2000500088E2C587FFEB3000D8E57F0000E2A4
:10EE30003000C8E58544A0E1240000EA440098E5DC
:10EE4000060050E11100000A380098E5101098E51E
:10EE50003C3098E5142098E5010050E00200D3E032
:10EE60000A00002A00009DE50130A0E30100D0E582
:10EE70000620A0E1501088E2D3F6FFEB000050E33B
:10EE80000200000A0100A0E33100C8E5F88FBDE8E8
:10EE9000446088E5B803D8E1800BA0E1A00BA0E1B5
:10EEA000024C60E2090054E10000009A0940A0E130
:10EEB000080080E0500080E20420A0E10A10A0E1F8
:10EEC0009E87FFEB3000D8E5800080E33000C8E586
:10EED000049049E000009BE5040080E000008BE521
:10EEE00004A08AE0381098E53C2098E5014094E0C1
:10EEF0000050A2E2F843C8E1D061C8E1040056E046
:10EF00000500D7E00100003A0640A0E10750A0E16B
:10EF1000F041C8E1000059E363FFFF1A3000D8E573
:10EF2000400080E33000C8E50000A0E3F88FBDE8B2
:10EF30000000A0E32C109FE50020D1E7000052E381
:10EF40000400000A010080E2070050E3F9FFFFBA65
:10EF50000900E0E31EFF2FE10120A0E30020C1E74C
:10EF6000030080E21EFF2FE1DCFF020010402DE9CC
:10EF70000040A0E124109FE5300084E20000C1E5DC
:10EF80000120A0E30000A0E35FFCFFEB10109FE571
:10EF90000000A0E3041081E0030041E51080BDE81B
:10EFA000D4FF0200DCFF020004009FE50710A0E38D
:10EFB000C487FFEADCFF02000020A0E334309FE5B5
:10EFC000800050E30100002A0020A0E1070000EAD1
:10EFD0006DCFE0E30C0071E10400001A010C50E376
:10EFE0000200002A800040E2800083E0B020D0E1EF
:10EFF0000200A0E11EFF2FE116F002000020A0E1B8
:10F000000000A0E354309FE5800052E30200002A94
:10F010000208A0E12008A0E11EFF2FE1010852E351
:10F02000FCFFFF2A6DCFE0E30C0071E10200000A53
:10F030001EFF2FE1010080E20108C0E3800050E3E1
:10F040000300002A801083E0B010D1E1020051E1FA
:10F05000F7FFFF1A800080E2FF0000E21EFF2FE1B1
:10F0600016F0020010402DE9010850E31300002AB9
:10F070000008A0E12008A0E1010A50E30100002AF5
:10F0800008119FE5000000EA04119FE5B220D1E0DD
:10F09000000052E30900000A020050E10700003AB4
:10F0A000B230D1E023C4A0E1FF3003E2034082E0AC
:10F0B000000054E13100009A09005CE30CF18F304C
:10F0C0001080BDE8070000EA0A0000EA0F0000EA2D
:10F0D000120000EA150000EA180000EA1B0000EA2E
:10F0E0001D0000EA200000EA020040E0800081E00C
:10F0F000B000D0E11080BDE8021040E0011001E254
:10F10000010040E00008A0E12008A0E11080BDE877
:10F11000100040E20008A0E12008A0E11080BDE856
:10F12000200040E20008A0E12008A0E11080BDE836
:10F13000300040E20008A0E12008A0E11080BDE816
:10F140001A0040E20008A0E12008A0E11080BDE81C
:10F15000080080E20108C0E31080BDE8500040E2F2
:10F160000008A0E12008A0E11080BDE8010A40E20B
:10F17000C60E40E20008A0E12008A0E11080BDE832
:10F1800000005CE3C0FFFF1A831081E0BEFFFFEACE
:10F1900016F1020008F30200F0412DE90040A0E35F
:10F1A00078709FE578609FE5001097E5700084E235
:10F1B000800180E0010080E02297FFEB0050A0E199
:10F1C0000310A0E30400A0E1AC8CFFEB000051E3CE
:10F1D0000400000A010051E30500000A020051E3A7
:10F1E0000A00001A060000EA800080E0005186E76D
:10F1F000060000EA800080E0000186E0045080E51F
:10F20000020000EA800080E0000186E0085080E50E
:10F21000014084E2300054E3E2FFFF3AF081BDE8B0
:10F22000DCF80200986B0400F0412DE90040A0E3F7
:10F230007C609FE57C709FE50310A0E30400A0E1E3
:10F240008E8CFFEB000051E30400000A010051E343
:10F250000500000A020051E30A00001A060000EA55
:10F26000800080E0005196E7060000EA800080E020
:10F27000000186E0045090E5020000EA800080E092
:10F28000000186E0085090E5001097E5700084E2E8
:10F29000800180E0010080E00520A0E118108FE2ED
:10F2A0001385FFFA014084E2300054E3E1FFFF3AA6
:10F2B000F081BDE8986B0400DCF802002530385876
:10F2C0000000000070402DE90060A0E10700D6E5D5
:10F2D000030050E30E00001A084096E5185096E52A
:10F2E000070000EA000096E5012084E20410A0E196
:10F2F000841E00EB000050E30600001A014084E287
:10F30000015045E2000055E3F5FFFF1A0000A0E3BD
:10F310000700C6E50000A0E37080BDE870402DE95D
:10F320000040A0E10150A0E10260A0E10E0000EA6F
:10F33000010050E30200009A001045E0022081E243
:10F34000000000EA0620A0E1000045E0011080E294
:10F35000000094E56B1E00EB000050E30600001A6D
:10F360001C0094E5010040E21C0084E51C0094E5CB
:10F37000000050E3EDFFFF1A0000A0E37080BDE83D
:10F38000F0472DE90060A0E10290A0E1027041E2A7
:10F390001C0096E5020040E2070050E10000008AF0
:10F3A0000070A0E30740A0E10480A0E10050A0E3CA
:10F3B000340096E5241680E00600A0E1791600EB03
:10F3C000000050E30100000A0000E0E3F087BDE820
:10F3D000040AA0E1A03BA0E1070004E20110A0E3C1
:10F3E0001100A0E1FF1000E21C0096E5022040E2BF
:10F3F000030086E03C00D0E5010000E0811CA0E1B4
:10F40000211CA0E1014084E2020054E10200003A24
:10F410000040A0E30010A0E3023CA0E3000050E3A2
:10F420000500000A0480A0E10050A0E3070054E1B9
:10F430000600001A0000A0E3F087BDE8015085E255
:10F44000090055E1F8FFFF1A020088E2F087BDE8E5
:10F45000000051E3E5FFFF1A0110A0E3013083E251
:10F46000020C53E3E1FFFF3AD0FFFFEA0010A0E3F4
:10F4700024209FE5813292E7000053E10100001A49
:10F48000810282E01EFF2FE1011081E2080051E3BA
:10F49000F7FFFFBA0000A0E31EFF2FE124030900DD
:10F4A0000010A0E124009FE5040090E5030000EABD
:10F4B000742090E5010052E10300000AB40290E5D7
:10F4C000000050E3F9FFFF1A0000A0E31EFF2FE148
:10F4D000D4FF0200FF412DE90060A0E10150A0E14E
:10F4E0000010A0E30600A0E198D6FFEB020050E375
:10F4F0000300000A030050E31E00002A000055E349
:10F500001C00000A0040A0E30D70A0E1040286E0A8
:10F51000020C80E2020080E2351300EB040187E771
:10F52000014084E2040054E3F7FFFF3A000055E392
:10F530000100000A014045E2000000EA0040A0E3AB
:10F54000041197E7000051E30200000A0600A0E161
:10F550007ED6FFEB000000EA0300A0E3000055E3C5
:10F560000400001A020050E30200003A014084E265
:10F57000040054E3F1FFFF3A10D08DE2F081BDE8C2
:10F5800073402DE90040A0E1005094E5010000EA3D
:10F59000010081E204008DE504109DE50000D1E545
:10F5A0002F0050E3F9FFFF0A5C0050E3F7FFFF0A6A
:10F5B0000000A0E3080084E51C0084E504009DE54C
:10F5C0000000D0E5200050E30500002A8000A0E301
:10F5D0004B00C4E50010A0E30400A0E165F4FFEBDC
:10F5E0007C80BDE804108DE20400A0E141E1FFEB66
:10F5F000000050E3F9FFFF1A0400A0E14EF2FFEB18
:10F600004B10D4E5000050E30500000A040050E36D
:10F61000F2FFFF1A040011E3F0FFFF1A0500A0E358
:10F620007C80BDE8040011E3ECFFFF1A0600D4E57E
:10F63000100010E30B00000A0000D5E5040050E3C1
:10F640000A00000AB003D4E1800BA0E1A00BA0E106
:10F65000050080E03C1080E20500A0E1D61200EB3E
:10F66000080084E5DEFFFFEA0500A0E37C80BDE83A
:10F67000080094E5200084E5100094E50710D4E527
:10F68000FF00C0E3010080E1240084E54C0094E524
:10F69000280084E50410A0E10500A0E1C31100EBFF
:10F6A000CFFFFFEA800050E3020000AA08209FE598
:10F6B0000010A0E30010C2E71EFF2FE1008D09003B
:10F6C00010402DE90040A0E1000054E31900000AB9
:10F6D0001C0094E5000050E30100000A011AA0E3B9
:10F6E000BA3300EB50009FE5101090E5040051E1A3
:10F6F0000900001A341091E5101080E5080000EAB6
:10F70000340091E5040050E10200001A340094E551
:10F71000340081E5020000EA0010A0E1000051E39E
:10F72000F6FFFF1A0400A0E180CCFFEB1040BDE81B
:10F730003700E0E3041400EA1080BDE864FF020033
:10F7400070402DE90060A0E10040A0E328509FE553
:10F75000001096E5840295E7010050E10200001ACE
:10F76000840285E02010A0E3D685FFEB014084E20F
:10F77000080054E3F5FFFFBA7080BDE824030900D8
:10F780000010A0E33C209FE5013192E7000053E127
:10F790000700001A30209FE50000A0E30100C2E747
:10F7A00028009FE50C1090E5011041E20C1080E567
:10F7B0001EFF2FE1011081E2010C51E3F1FFFFBABE
:10F7C0000C008FE2FE2A00EA00880900008C090084
:10F7D00064FF0200667265655F6F6863695F454438
:10F7E000202D206E6F7420666F756E64212028694D
:10F7F000676E6F72656420696E2063617365206F48
:10F8000066206D756C7469706C6520555452290AB8
:10F81000000000000010A0E33C209FE5013192E7CA
:10F82000000053E10700001A30209FE50000A0E32C
:10F830000100C2E728009FE50C1090E5011041E2AD
:10F840000C1080E51EFF2FE1011081E2010C51E355
:10F85000F1FFFFBA0C008FE2D92A00EA0088090004
:10F86000008C090064FF0200667265655F6F686363
:10F87000695F5444202D206E6F7420666F756E642E
:10F88000210A000010402DE9000050E30300000AA7
:10F8900026CCFFEB1040BDE88B00E0E3AA1300EAA2
:10F8A0001080BDE8F05F2DE928909DE52CA09DE536
:10F8B0000060A0E10150A0E102B0A0E17C009FE562
:10F8C0008B70A0E10000D0E5038085E0000050E3EC
:10F8D0001700001A0540A0E1090000EA051044E005
:10F8E000840184E09B0101E0040280E000038AE0DF
:10F8F000860080E00720A0E1811089E00F85FFEB02
:10F90000014084E2040058E1F3FFFF8AF09FBDE864
:10F91000850185E0050280E0001389E000038AE0AC
:10F92000861081E0860080E00720A0E10385FFEBE0
:10F93000015085E2050058E1F4FFFF8AF09FBDE821
:10F9400020FE0200FC412DE90060A0E10250A0E190
:10F950000340A0E10B20A0E30600A0E1F784FFEB49
:10F96000050054E30C00008A0E0000EA025085E214
:10F970000030A0E3010001E2844080E0A110A0E19A
:10F98000010814E30100000A114A24E2214024E2A4
:10F99000013083E2100053E3F5FFFF3AB010D5E1E8
:10F9A000000051E3F0FFFF1A0750A0E30D70A0E143
:10F9B0000F0004E2301080E22442A0E1390051E35C
:10F9C0000100009A070081E2FF1000E20500A0E1BB
:10F9D000015045E20010C7E7000055E30100000AAE
:10F9E000000054E3F1FFFF1A7E00A0E30500C7E723
:10F9F0000040A0E3018045E2060000EA5DE1FFEB84
:10FA0000000050E30200000A080054E10600000A6A
:10FA1000014084E2014084E2050054E10200002A32
:10FA20000400D6E7200050E3F3FFFF1A080055E377
:10FA30000300002A0500A0E10000D7E7015085E29D
:10FA4000000000EA2000A0E30410A0E1014084E2ED
:10FA50000100C6E7080054E3F3FFFF3AFC81BDE86C
:10FA600004009FE50C00D0E51EFF2FE114590400AF
:10FA700004009FE50000D0E51EFF2FE160F70200C3
:10FA8000F0472DE90070A0E10150A0E1004097E5AA
:10FA9000020055E30200003A1C0094E5050050E125
:10FAA0000100008A0160A0E30C0000EA0060E0E3CE
:10FAB0000000D4E5010050E30A00000A020050E310
:10FAC0002600000A7F1FA0E3030050E3058101E048
:10FAD0002E00000A040050E33700000A0160A0E392
:10FAE0000600A0E1F087BDE8A57085E0280094E558
:10FAF000A71480E00400A0E1AA1400EB000050E38A
:10FB0000F6FFFF1A870BA0E1A00BA0E1018087E2BE
:10FB1000040080E03C70D0E5280094E5A81480E063
:10FB20000400A0E19F1400EB000050E3EBFFFF1A7C
:10FB3000880BA0E1A00BA0E1040080E03C00D0E530
:10FB4000000487E1010015E30100000A2062A0E142
:10FB5000E2FFFFEA006AA0E1266AA0E1DFFFFFEA18
:10FB6000280094E5251480E00400A0E18D1400EB4A
:10FB7000000050E3D9FFFF1AFF0005E2800084E097
:10FB80003C0080E2C01100EB0060A0E1D3FFFFEA7F
:10FB9000280094E5A51380E00400A0E1811400EBA7
:10FBA000000050E3CDFFFF1A040088E03C0080E233
:10FBB0008F1100EB0F62C0E3C8FFFFEAD001C7E17D
:10FBC000012090E10200000A082097E5000052E3BE
:10FBD0000200001A0720D7E5000052E32C00001AAB
:10FBE000082097E5029045E0010050E2BA20D4E1F8
:10FBF0000010C1E2A004A0E1810B80E10210A0E1AD
:10FC00001E8AFFEB0010A0E10700D7E5020050E3D9
:10FC10000600001A010059E10400008A0100001AE0
:10FC20000261E0E3ADFFFFEA016085E2ABFFFFEABE
:10FC3000030050E30400001A181097E5090051E191
:10FC40000100009A016085E2A4FFFFEA020050E390
:10FC50000F00000A1C0097E5000050E30100000AB5
:10FC60000261E0E39DFFFFEA280094E5A51380E030
:10FC70000400A0E14B1400EB000050E397FFFF1AD3
:10FC8000040088E03C0080E2591100EB0261C0E30F
:10FC900092FFFFEA0160A0E390FFFFEA70402DE9C8
:10FCA0004C409FE50000D4E59BA4FFEB140080E2EC
:10FCB000805CA0E10100D4E597A4FFEB805A85E1C8
:10FCC0000200D4E594A4FFEB005885E10300D4E5DD
:10FCD00091A4FFEB805585E10400D4E58EA4FFEBF1
:10FCE000805285E10400D4E58BA4FFEBA00085E100
:10FCF0007080BDE8D2F70200F05F2DE90060A0E15E
:10FD00000140A0E1009096E50070A0E31A70C4E500
:10FD1000380096E5000050E35000000A0000D9E5E5
:10FD20003F80A0E3040050E30600000A4C0096E583
:10FD3000010070E36800000A0050A0E305B0A0E1F4
:10FD400000A0A0E35A0000EA00B0A0E34060A0E3F6
:10FD50000050A0E300A0A0E31A0000EA260E56E33C
:10FD60000100003A0050A0E31A0000EA1F0016E369
:10FD70000000001A026086E2060080E0421100EBFB
:10FD8000026086E201B08BE200005AE30400001A30
:10FD9000361B40E2020B51E30100002A00A0A0E163
:10FDA000080000EA051084E0FF2065E21A1081E2F5
:10FDB0000A0880E16A1C00EB000050E30B00000A17
:10FDC000005085E000A0A0E3100099E52310D0E5E5
:10FDD0000B0051E1E0FFFF8A00005AE30000000A37
:10FDE0000050A0E3000055E30200000A030000EA0F
:10FDF0000050A0E3F7FFFFEA0150A0E31A80C4E53A
:10FE0000050084E01A70C0E50D70C4E5100099E5A6
:10FE10000400D0E5370000E20C00C4E5100010E358
:10FE20000200000A0000A0E30010A0E1020000EAC6
:10FE3000100099E5380080E2F51000EBF000C4E115
:10FE4000100099E50C0080E20F1100EBBA00C4E14C
:10FE5000100099E50E0080E20B1100EBB800C4E140
:10FE6000F09FBDE80B10A0E1810080E0B000D0E180
:10FE700001B08BE200005AE30400001A361B40E296
:10FE8000020B51E30100002A00A0A0E1080000EAF3
:10FE9000051084E0FF2065E21A1081E20A0880E183
:10FEA0002F1C00EB000050E30F00000A005085E01B
:10FEB00000A0A0E30C0099E58B1080E0B010D1E128
:10FEC000000051E3E6FFFF1A00005AE30000000AB9
:10FED0000050A0E3050084E01A70C0E50000A0E334
:10FEE0000010A0E12E30A0E3160000EA0050A0E3CD
:10FEF000F4FFFFEA3CC096E50020A0E10220DCE729
:10FF0000010080E2200052E30E00000A050052E3E7
:10FF10000000001AE520A0E3090050E30500001AE4
:10FF20000C0051E30300002A01C0A0E104C08CE0F2
:10FF3000011081E20D30CCE501C0A0E104C08CE0ED
:10FF4000011081E20D20CCE50B0050E3E8FFFF3A01
:10FF5000010084E00D70C0E51A00D4E5000050E314
:10FF60002300001A000051E30300000A0010A0E380
:10FF70000120A0E10830A0E3120000EA0110A0E394
:10FF80001A80C4E5130000EA2E0050E30000001AB6
:10FF90001030A0E341C040E219005CE30500008A94
:10FFA0003CC096E50CC0DCE503001CE10100000A42
:10FFB000200080E20108C0E301C084E01A00CCE523
:10FFC000012082E2011081E2020084E00D00D0E510
:10FFD000000050E3EBFFFF1A010084E01A70C0E557
:10FFE0003C0096E50C00D0E5000050E30000001A4C
:10FFF0000D70C4E53C0096E50B00D0E53F0000E243
:020000040002F8
:100000000C00C4E53C0096E51C0080E2781000EB93
:10001000810084E83C0096E5160080E29A1000EB2F
:10002000BA00C4E13C0096E5180080E2961000EBAF
:10003000B800C4E1F09FBDE804109FE5000281E034
:100040001EFF2FE1000303000010A0E324209FE522
:10005000C000A0E1000050E30400000A011081E2AA
:10006000050051E3F9FFFFBA140092E51EFF2FE1EE
:10007000010192E71EFF2FE1008F090030402DE9BA
:100080000040A0E10000E0E3001094E50130A0E1B1
:10009000000053E30700000A0120D1E4200052E3EE
:1000A0000100003A3A0052E3FAFFFF1A3A0052E325
:1000B0000100000A0000A0E33080BDE809C0A0E311
:1000C0000020D3E5305042E2090055E30300008AE6
:1000D000023083E2010053E10000001A30C042E226
:1000E00009005CE3F3FFFFAA0C00A0E1001084E527
:1000F0003080BDE870402DE9B8509FE50000A0E3D6
:100100000300C5E5B0409FE50160A0E30120A0E346
:10011000011CA0E30400A0E1C7BDFFEB0010A0E3B9
:10012000020000EA011081E2020C51E30200008AA1
:100130000C2094E5010012E3F9FFFF0A0C6084E54E
:100140000C0094E5010B10E30E00000A0200D5E557
:10015000000050E30800000A280094E5101095E51F
:10016000010080E0A000A0E1100085E50260C5E587
:10017000010BA0E30C0084E5040000EA280094E5EC
:10018000100085E5F8FFFFEA0C0094E50C0084E51B
:100190000300D5E5010080E2FF1000E20310C5E591
:1001A000640051E3D8FFFF3AB001D5E10008A0E1B7
:1001B0002008A0E17080BDE8A4FA020000A000B809
:1001C000F0402DE91CD04DE20040A0E1000094E594
:1001D000007090E50060A0E31060C4E514008DE2BB
:1001E000025180E30120A0E324008DE9C800A0E3D0
:1001F00018108DE20C108DE510008DE50030A0E3A5
:10020000FE20A0E3A110A0E30700A0E100608DE5BF
:10021000843000EB000050E3070000AA1060C4E542
:10022000470F70E30200001A0010A0E30700A0E1EE
:10023000243000EB1CD08DE2F080BDE80000D5E555
:100240001000C4E5FAFFFFEA0020A0E10100A0E3EE
:100250000010A0E3C220A0E1000052E30400000A65
:100260008000A0E1011081E2050051E3F8FFFFBA30
:100270002000A0E31EFF2FE1F0432DE91CD04DE24A
:100280000060A0E10150A0E10270A0E10380A0E1C4
:10029000000096E5009090E51000A0E3EA2F00EB47
:1002A0000040A0E1000054E31000000AC800A0E3F1
:1002B00010008DE50508A0E10420A0E32008A0E1DE
:1002C00015008DE818108DE20030A0E30C108DE5CC
:1002D0000320A0E1A310A0E30900A0E1513000EB4E
:1002E0000050A0E1000055E30300000A110000EAFD
:1002F0000900E0E31CD08DE2F083BDE818209DE505
:10030000040052E30300000A0C1086E238008FE27A
:100310002B2800EB125EE0E30000D4E50110D4E5E9
:10032000010480E1B000C7E10200D4E50310D4E588
:10033000010480E1B000C8E11010A0E30400A0E1D6
:10034000A23000EB0500A0E1E9FFFFEA485542209A
:100350005B25735D206765745F706F72745F737483
:100360006174757320726561645F6C656E213D34E4
:100370002E20282564292E0A000000000000A0E39A
:10038000E22500EA20109FE5002091E5000052E1FF
:100390000200003A001091E5000041E01EFF2FE14D
:1003A000001091E5000041E01EFF2FE1D8FC0200A3
:1003B000F0412DE90040A0E3DC609FE50120A0E3CF
:1003C000011CA0E30600A0E11BBDFFEB0C1096E5AD
:1003D000010011E3FCFFFF0A0170A0E30C7086E549
:1003E0000C0096E5020B10E30200000A2C4096E593
:1003F0000C0096E50C0086E50050A0E30120A0E388
:10040000011CA0E30600A0E10BBDFFEB0C1096E57C
:10041000010011E3FCFFFF0A0C7086E50C0096E575
:10042000020B10E30400000A2C0096E5041080E0A3
:10043000A140A0E10C0096E50C0086E5010085E2F4
:10044000FF5000E2640055E3EBFFFF3A4C109FE5DC
:100450007D0F54E30600002A000091E5400080E390
:10046000020A80E3020280E3000081E50040A0E38D
:10047000020000EA000091E5020AC0E3000081E505
:100480001C109FE5040AA0E1200CA0E1800080E0A0
:100490002001A0E10700C1E5F081BDE800A000B89F
:1004A000CCF8020058FA0200FC5F2DE9E8649FE5F1
:1004B000E8049FE50020D6E5EC749FE50000D0E558
:1004C000DCA49FE5DCB49FE5E0949FE5E0549FE564
:1004D000001097E5580052E31980A0E30040A0E324
:1004E00002F18F306A0000EA560000EA690000EA73
:1004F000740000EACC0000EAD30000EA390100EA07
:10050000400100EA980100EA9F0100EAFC0100EACC
:10051000030200EA5B0200EA620200EABF0200EAAC
:10052000C60200EA1E0300EA250300EA820300EA8D
:10053000890300EAE10300EAE80300EA450400EA6F
:100540004C0400EAA40400EAAB0400EA070500EA50
:10055000110500EA210500EA280500EA430500EA42
:10056000480500EA610500EA660500EA7F0500EA41
:10057000840500EA9D0500EAA20500EAEA0500EA12
:10058000FC0500EA220600EA1B0600EA330600EA40
:10059000370600EA670600EA800600EABA0600EAC3
:1005A000CE0600EAED0600EA020700EA210700EAAB
:1005B000350700EA530700EA680700EA720700EA15
:1005C000E80700EAED0700EA040800EAFE0700EA8F
:1005D000800700EA8B0700EAA20700EA9C0700EA0E
:1005E0002B0000EA5A0800EA610800EA6E0800EAF7
:1005F0005A0800EA8C0800EAA80800EAAC0900EAF8
:10060000C90900EAFD0900EA830A00EA950A00EA3E
:10061000B20A00EAC60A00EAE00A00EAF40A00EABE
:100620000E0B00EA290B00EA790B00EA950B00EAB1
:10063000A70B00EAB80B00EACB0B00EADB0B00EAE1
:10064000ED0B00EA020C00EA8010A0E3C000A0E37A
:100650008CA1FFEB010050E30500001A0110A0E39C
:100660004000A0E391A1FFEB0210A0E34000A0E353
:10067000C6A0FFEBA189FFEB0000A0E3598CFFEBC4
:1006800030039FE50140A0E30040C0E599BCFFEBCB
:100690000040C6E5FC9FBDE80201C1E318139FE5D9
:1006A000FF20A0E3F381FFEB6E1FA0E30A00A0E3AD
:1006B000ACC5FFEBC10F8FE2B40E00EB0200A0E36C
:1006C0000000C6E5FC9FBDE80440C6E5011BA0E3B1
:1006D000010CA0E36BA1FFEB000050E32000000A37
:1006E0002010A0E3020CA0E370A1FFEB021BA0E32B
:1006F000010CA0E363A1FFEB000050E31F00000A20
:100700004010A0E3020CA0E368A1FFEB011AA0E3F4
:10071000010CA0E35BA1FFEB000050E31E00000A08
:100720008010A0E3020CA0E360A1FFEB021AA0E39B
:10073000010CA0E353A1FFEB000050E31D00000AF1
:10074000011CA0E3020CA0E358A1FFEB0410A0E3FE
:10075000070DA0E34BA1FFEB000050E31C00000AD3
:100760001E0000EA0400D6E5010080E20400C6E5B0
:100770002010A0E3020CA0E384A0FFEBDAFFFFEA65
:100780000400D6E5010080E20400C6E54010A0E3C5
:10079000020CA0E37DA0FFEBDBFFFFEA0400D6E53F
:1007A000010080E20400C6E58010A0E3020CA0E393
:1007B00076A0FFEBDCFFFFEA0400D6E5010080E253
:1007C0000400C6E5011CA0E3020CA0E36FA0FFEB50
:1007D000DDFFFFEA0400D6E5010080E20400C6E583
:1007E0000810A0E3070DA0E326A1FFEB000050E3F3
:1007F0000200001A0400D6E5010080E20400C6E50C
:100800000400D6E5010050E3A1FFFF1A011BA0E39D
:10081000010CA0E31BA1FFEB000050E39CFFFF1ABB
:100820000300A0E30000C6E5FC9FBDE86E1FA0E347
:100830000A00A0E34BC5FFEB650F8FE2530E00EB00
:100840000400A0E30000C6E5FC9FBDE80440C6E547
:10085000011BA0E3010CA0E30AA1FFEB000050E3A1
:100860002C00000A0400D6E5010080E20400C6E581
:100870002010A0E3020CA0E30CA1FFEB021BA0E3FD
:10088000010CA0E3FFA0FFEB000050E32500000AED
:100890000400D6E5010080E20400C6E54010A0E3B4
:1008A000020CA0E301A1FFEB011AA0E3010CA0E3FD
:1008B000F4A0FFEB000050E31E00000A0400D6E5A0
:1008C000010080E20400C6E58010A0E3020CA0E372
:1008D000F6A0FFEB021AA0E3010CA0E3E9A0FFEBF6
:1008E000000050E31700000A0400D6E5010080E292
:1008F0000400C6E5011CA0E3020CA0E3EBA0FFEBA3
:100900000410A0E3070DA0E3DEA0FFEB010050E31D
:100910001000000A120000EA2010A0E3020CA0E37D
:100920001AA0FFEBD4FFFFEA4010A0E3020CA0E303
:1009300016A0FFEBDBFFFFEA8010A0E3020CA0E3B0
:1009400012A0FFEBE2FFFFEA011CA0E3020CA0E310
:100950000EA0FFEBE9FFFFEA0400D6E5010080E20C
:100960000400C6E50810A0E3070DA0E3C5A0FFEB57
:10097000010050E30200001A0400D6E5010080E205
:100980000400C6E50400D6E5060050E340FFFF1A68
:100990000500A0E30000C6E5FC9FBDE878FA020070
:1009A00083F8020020FE02006CFE0200C02C03004F
:1009B0006EF7020082F8020095F8020000B80B0002
:1009C0004F4E4C592D4449502D5357312D4F4E20E9
:1009D000000000004F4E4C592D4449502D535731C3
:1009E0002D4F4646000000006E1FA0E30A00A0E362
:1009F000DCC4FFEB2E0E8FE2E40D00EB0600A0E35B
:100A00000000C6E5FC9FBDE80440C6E5011BA0E36D
:100A1000010CA0E39BA0FFEB000050E32000000AC4
:100A20002010A0E3020CA0E3A0A0FFEB021BA0E3B8
:100A3000010CA0E393A0FFEB000050E31F00000AAD
:100A40004010A0E3020CA0E398A0FFEB011AA0E382
:100A5000010CA0E38BA0FFEB000050E31E00000A96
:100A60008010A0E3020CA0E390A0FFEB021AA0E329
:100A7000010CA0E383A0FFEB000050E31D00000A7F
:100A8000011CA0E3020CA0E388A0FFEB0410A0E38C
:100A9000070DA0E37BA0FFEB000050E31C00000A61
:100AA0001E0000EA0400D6E5010080E20400C6E56D
:100AB0002010A0E3020CA0E3B49FFFEBDAFFFFEAF3
:100AC0000400D6E5010080E20400C6E54010A0E382
:100AD000020CA0E3AD9FFFEBDBFFFFEA0400D6E5CD
:100AE000010080E20400C6E58010A0E3020CA0E350
:100AF000A69FFFEBDCFFFFEA0400D6E5010080E2E1
:100B00000400C6E5011CA0E3020CA0E39F9FFFEBDD
:100B1000DDFFFFEA0400D6E5010080E20400C6E53F
:100B20000810A0E3070DA0E356A0FFEB000050E380
:100B30000200001A0400D6E5010080E20400C6E5C8
:100B40000400D6E5010050E3D1FEFF1A021BA0E32A
:100B5000010CA0E34BA0FFEB000050E3CCFEFF1A1A
:100B60000700A0E30000C6E5FC9FBDE86E1FA0E300
:100B70000A00A0E37BC4FFEB170E8FE2830D00EBAE
:100B80000800A0E30000C6E5FC9FBDE80440C6E500
:100B9000011BA0E3010CA0E33AA0FFEB000050E32F
:100BA0002C00000A0400D6E5010080E20400C6E53E
:100BB0002010A0E3020CA0E33CA0FFEB021BA0E38B
:100BC000010CA0E32FA0FFEB000050E32500000A7A
:100BD0000400D6E5010080E20400C6E54010A0E371
:100BE000020CA0E331A0FFEB011AA0E3010CA0E38B
:100BF00024A0FFEB000050E31E00000A0400D6E52D
:100C0000010080E20400C6E58010A0E3020CA0E32E
:100C100026A0FFEB021AA0E3010CA0E319A0FFEB52
:100C2000000050E31700000A0400D6E5010080E24E
:100C30000400C6E5011CA0E3020CA0E31BA0FFEB2F
:100C40000410A0E3070DA0E30EA0FFEB010050E3AA
:100C50001000000A120000EA2010A0E3020CA0E33A
:100C60004A9FFFEBD4FFFFEA4010A0E3020CA0E391
:100C7000469FFFEBDBFFFFEA8010A0E3020CA0E33E
:100C8000429FFFEBE2FFFFEA011CA0E3020CA0E39E
:100C90003E9FFFEBE9FFFFEA0400D6E5010080E29A
:100CA0000400C6E50810A0E3070DA0E3F59FFFEBE5
:100CB000010050E30200001A0400D6E5010080E2C2
:100CC0000400C6E50400D6E5060050E370FEFF1AF6
:100CD0000900A0E30000C6E5FC9FBDE84F4E4C595B
:100CE0002D4449502D5357322D4F4E200000000007
:100CF0004F4E4C592D4449502D5357322D4F464697
:100D0000000000006E1FA0E30A00A0E315C4FFEB83
:100D10002E0E8FE21D0D00EB0A00A0E30000C6E5D9
:100D2000FC9FBDE80440C6E5011BA0E3010CA0E365
:100D3000D49FFFEB000050E32000000A2010A0E346
:100D4000020CA0E3D99FFFEB021BA0E3010CA0E380
:100D5000CC9FFFEB000050E31F00000A4010A0E30F
:100D6000020CA0E3D19FFFEB011AA0E3010CA0E36A
:100D7000C49FFFEB000050E31E00000A8010A0E3B8
:100D8000020CA0E3C99FFFEB021AA0E3010CA0E351
:100D9000BC9FFFEB000050E31D00000A011CA0E314
:100DA000020CA0E3C19FFFEB0410A0E3070DA0E33A
:100DB000B49FFFEB000050E31C00000A1E0000EA95
:100DC0000400D6E5010080E20400C6E52010A0E39F
:100DD000020CA0E3ED9EFFEBDAFFFFEA0400D6E58C
:100DE000010080E20400C6E54010A0E3020CA0E38D
:100DF000E69EFFEBDBFFFFEA0400D6E5010080E2A0
:100E00000400C6E58010A0E3020CA0E3DF9EFFEB28
:100E1000DCFFFFEA0400D6E5010080E20400C6E53D
:100E2000011CA0E3020CA0E3D89EFFEBDDFFFFEA6C
:100E30000400D6E5010080E20400C6E50810A0E346
:100E4000070DA0E38F9FFFEB000050E30200001AA4
:100E50000400D6E5010080E20400C6E50400D6E502
:100E6000010050E30AFEFF1A011AA0E3010CA0E3FF
:100E7000849FFFEB000050E305FEFF1A0B00A0E388
:100E80000000C6E5FC9FBDE86E1FA0E30A00A0E3DA
:100E9000B4C3FFEB170E8FE2BC0C00EB0C00A0E319
:100EA0000000C6E5FC9FBDE80440C6E5011BA0E3C9
:100EB000010CA0E3739FFFEB000050E32C00000A3D
:100EC0000400D6E5010080E20400C6E52010A0E39E
:100ED000020CA0E3759FFFEB021BA0E3010CA0E353
:100EE000689FFFEB000050E32500000A0400D6E5F0
:100EF000010080E20400C6E54010A0E3020CA0E37C
:100F00006A9FFFEB011AA0E3010CA0E35D9FFFEBDA
:100F1000000050E31E00000A0400D6E5010080E254
:100F20000400C6E58010A0E3020CA0E35F9FFFEB86
:100F3000021AA0E3010CA0E3529FFFEB000050E374
:100F40001700000A0400D6E5010080E20400C6E5AF
:100F5000011CA0E3020CA0E3549FFFEB0410A0E3EC
:100F6000070DA0E3479FFFEB010050E31000000ACC
:100F7000120000EA2010A0E3020CA0E3839EFFEB26
:100F8000D4FFFFEA4010A0E3020CA0E37F9EFFEB3A
:100F9000DBFFFFEA8010A0E3020CA0E37B9EFFEBE7
:100FA000E2FFFFEA011CA0E3020CA0E3779EFFEB47
:100FB000E9FFFFEA0400D6E5010080E20400C6E58F
:100FC0000810A0E3070DA0E32E9FFFEB010050E304
:100FD0000200001A0400D6E5010080E20400C6E524
:100FE0000400D6E5060050E3A9FDFF1A0D00A0E3BA
:100FF0000000C6E5FC9FBDE84F4E4C592D444950BA
:101000002D5357332D4F4E20000000004F4E4C59AA
:101010002D4449502D5357332D4F464600000000B4
:101020006E1FA0E30A00A0E34EC3FFEB2E0E8FE27B
:10103000560C00EB0E00A0E30000C6E5FC9FBDE8E7
:101040000440C6E5011BA0E3010CA0E30D9FFFEBEC
:10105000000050E32000000A2010A0E3020CA0E3EF
:10106000129FFFEB021BA0E3010CA0E3059FFFEB27
:10107000000050E31F00000A4010A0E3020CA0E3B0
:101080000A9FFFEB011AA0E3010CA0E3FD9EFFEB1A
:10109000000050E31E00000A8010A0E3020CA0E351
:1010A000029FFFEB021AA0E3010CA0E3F59EFFEB09
:1010B000000050E31D00000A011CA0E3020CA0E3A5
:1010C000FA9EFFEB0410A0E3070DA0E3ED9EFFEBFB
:1010D000000050E31C00000A1E0000EA0400D6E5F0
:1010E000010080E20400C6E52010A0E3020CA0E3AA
:1010F000269EFFEBDAFFFFEA0400D6E5010080E25E
:101100000400C6E54010A0E3020CA0E31F9EFFEB25
:10111000DBFFFFEA0400D6E5010080E20400C6E53B
:101120008010A0E3020CA0E3189EFFEBDCFFFFEAB7
:101130000400D6E5010080E20400C6E5011CA0E33E
:10114000020CA0E3119EFFEBDDFFFFEA0400D6E5F1
:10115000010080E20400C6E50810A0E3070DA0E34B
:10116000C89EFFEB000050E30200001A0400D6E521
:10117000010080E20400C6E50400D6E5010050E36A
:1011800043FDFF1A021AA0E3010CA0E3BD9EFFEB92
:10119000000050E33EFDFF1A0F00A0E30000C6E58B
:1011A000FC9FBDE86E1FA0E30A00A0E3EDC2FFEBC9
:1011B000170E8FE2F50B00EB1000A0E30000C6E570
:1011C000FC9FBDE80440C6E5011BA0E3010CA0E3C1
:1011D000AC9EFFEB000050E32C00000A0400D6E5B3
:1011E000010080E20400C6E52010A0E3020CA0E3A9
:1011F000AE9EFFEB021BA0E3010CA0E3A19EFFEB60
:10120000000050E32500000A0400D6E5010080E25A
:101210000400C6E54010A0E3020CA0E3A39EFFEB90
:10122000011AA0E3010CA0E3969EFFEB000050E33F
:101230001E00000A0400D6E5010080E20400C6E5B5
:101240008010A0E3020CA0E3989EFFEB021AA0E33B
:10125000010CA0E38B9EFFEB000050E31700000A97
:101260000400D6E5010080E20400C6E5011CA0E30D
:10127000020CA0E38D9EFFEB0410A0E3070DA0E39A
:10128000809EFFEB010050E31000000A120000EA0C
:101290002010A0E3020CA0E3BC9DFFEBD4FFFFEA0B
:1012A0004010A0E3020CA0E3B89DFFEBDBFFFFEAD8
:1012B0008010A0E3020CA0E3B49DFFEBE2FFFFEA85
:1012C000011CA0E3020CA0E3B09DFFEBE9FFFFEAE5
:1012D0000400D6E5010080E20400C6E50810A0E3A2
:1012E000070DA0E3679EFFEB010050E30200001A28
:1012F0000400D6E5010080E20400C6E50400D6E55E
:10130000060050E3E2FCFF1A1100A0E30000C6E56E
:10131000FC9FBDE84F4E4C592D4449502D53573436
:101320002D4F4E20000000004F4E4C592D44495087
:101330002D5357342D4F4646000000006E1FA0E38A
:101340000A00A0E387C2FFEB2E0E8FE28F0B00EBAB
:101350001200A0E30000C6E5FC9FBDE80440C6E51E
:10136000011BA0E3010CA0E3469EFFEB000050E34D
:101370002000000A2010A0E3020CA0E34B9EFFEB2C
:10138000021BA0E3010CA0E33E9EFFEB000050E334
:101390001F00000A4010A0E3020CA0E3439EFFEBF5
:1013A000011AA0E3010CA0E3369EFFEB000050E31E
:1013B0001E00000A8010A0E3020CA0E33B9EFFEB9E
:1013C000021AA0E3010CA0E32E9EFFEB000050E305
:1013D0001D00000A011CA0E3020CA0E3339EFFEBFA
:1013E0000410A0E3070DA0E3269EFFEB000050E3EE
:1013F0001C00000A1E0000EA0400D6E5010080E29D
:101400000400C6E52010A0E3020CA0E35F9DFFEB03
:10141000DAFFFFEA0400D6E5010080E20400C6E539
:101420004010A0E3020CA0E3589DFFEBDBFFFFEAB6
:101430000400D6E5010080E20400C6E58010A0E3C8
:10144000020CA0E3519DFFEBDCFFFFEA0400D6E5B0
:10145000010080E20400C6E5011CA0E3020CA0E349
:101460004A9DFFEBDDFFFFEA0400D6E5010080E2C4
:101470000400C6E50810A0E3070DA0E3019EFFEB02
:10148000000050E30200001A0400D6E5010080E2EB
:101490000400C6E50400D6E5010050E37CFCFF1A19
:1014A0000410A0E3070DA0E3F69DFFEB000050E35E
:1014B00077FCFF1A1300A0E30000C6E5FC9FBDE81F
:1014C0006E1FA0E30A00A0E326C2FFEB170E8FE217
:1014D0002E0B00EB1400A0E30000C6E5FC9FBDE866
:1014E0000440C6E5011BA0E3010CA0E3E59DFFEB72
:1014F000000050E32C00000A0400D6E5010080E261
:101500000400C6E52010A0E3020CA0E3E79DFFEB7A
:10151000021BA0E3010CA0E3DA9DFFEB000050E307
:101520002500000A0400D6E5010080E20400C6E5BB
:101530004010A0E3020CA0E3DC9DFFEB011AA0E346
:10154000010CA0E3CF9DFFEB000050E31E00000A5A
:101550000400D6E5010080E20400C6E58010A0E3A7
:10156000020CA0E3D19DFFEB021AA0E3010CA0E363
:10157000C49DFFEB000050E31700000A0400D6E50D
:10158000010080E20400C6E5011CA0E3020CA0E318
:10159000C69DFFEB0410A0E3070DA0E3B99DFFEB90
:1015A000010050E31000000A120000EA2010A0E33E
:1015B000020CA0E3F59CFFEBD4FFFFEA4010A0E390
:1015C000020CA0E3F19CFFEBDBFFFFEA8010A0E33D
:1015D000020CA0E3ED9CFFEBE2FFFFEA011CA0E39D
:1015E000020CA0E3E99CFFEBE9FFFFEA0400D6E56B
:1015F000010080E20400C6E50810A0E3070DA0E3A7
:10160000A09DFFEB010050E30200001A0400D6E5A4
:10161000010080E20400C6E50400D6E5060050E3C0
:101620001BFCFF1A1500A0E30000C6E5FC9FBDE807
:101630004F4E4C592D4449502D5357352D4F4E2068
:10164000000000004F4E4C592D4449502D53573542
:101650002D4F4646000000006E1FA0E30A00A0E3E5
:10166000C0C1FFEBB70F8FE2C80A00EB1600A0E382
:101670000000C6E5FC9FBDE80440C6E5011BA0E3F1
:10168000010CA0E37F9DFFEB000050E32000000A67
:101690002010A0E3020CA0E3849DFFEB021BA0E35B
:1016A000010CA0E3779DFFEB000050E31F00000A50
:1016B0004010A0E3020CA0E37C9DFFEB011AA0E325
:1016C000010CA0E36F9DFFEB000050E31E00000A39
:1016D0008010A0E3020CA0E3749DFFEB021AA0E3CC
:1016E000010CA0E3679DFFEB000050E31D00000A22
:1016F000011CA0E3020CA0E36C9DFFEB0410A0E32F
:10170000070DA0E35F9DFFEB000050E31C00000A03
:101710001E0000EA0400D6E5010080E20400C6E5F0
:101720002010A0E3020CA0E3989CFFEBDAFFFFEA95
:101730000400D6E5010080E20400C6E54010A0E305
:10174000020CA0E3919CFFEBDBFFFFEA0400D6E56F
:10175000010080E20400C6E58010A0E3020CA0E3D3
:101760008A9CFFEBDCFFFFEA0400D6E5010080E283
:101770000400C6E5011CA0E3020CA0E3839CFFEB80
:10178000DDFFFFEA0400D6E5010080E20400C6E5C3
:101790000810A0E3070DA0E33A9DFFEB000050E323
:1017A0000200001A0400D6E5010080E20400C6E54C
:1017B0000400D6E5010050E3B5FBFF1A0810A0E3D2
:1017C000070DA0E32F9DFFEB000050E3B0FBFF1AD5
:1017D0001700A0E30000C6E5FC9FBDE86E1FA0E374
:1017E0000A00A0E35FC1FFEB5B0F8FE2670A00EB2B
:1017F0001800A0E30000C6E5FC9FBDE80440C6E574
:10180000011BA0E3010CA0E31E9DFFEB000050E3D1
:101810002C00000A0400D6E5010080E20400C6E5C1
:101820002010A0E3020CA0E3209DFFEB021BA0E32D
:10183000010CA0E3139DFFEB000050E32500000A1C
:101840000400D6E5010080E20400C6E54010A0E3F4
:10185000020CA0E3159DFFEB011AA0E3010CA0E32D
:10186000089DFFEB000050E31E00000A0400D6E5CF
:10187000010080E20400C6E58010A0E3020CA0E3B2
:101880000A9DFFEB021AA0E3010CA0E3FD9CFFEB15
:10189000000050E31700000A0400D6E5010080E2D2
:1018A0000400C6E5011CA0E3020CA0E3FF9CFFEBD3
:1018B0000410A0E3070DA0E3F29CFFEB010050E34E
:1018C0001000000A120000EA2010A0E3020CA0E3BE
:1018D0002E9CFFEBD4FFFFEA4010A0E3020CA0E334
:1018E0002A9CFFEBDBFFFFEA8010A0E3020CA0E3E1
:1018F000269CFFEBE2FFFFEA011CA0E3020CA0E341
:10190000229CFFEBE9FFFFEA0400D6E5010080E23C
:101910000400C6E50810A0E3070DA0E3D99CFFEB87
:10192000010050E30200001A0400D6E5010080E245
:101930000400C6E50400D6E5060050E354FBFF1A98
:101940000080C6E5FC9FBDE84F4E4C592D444950E0
:101950002D5357362D4F4E20000000004F4E4C594E
:101960002D4449502D5357362D4F46460000000058
:101970006E1FA0E30A00A0E3FAC0FFEBBF0F8FE2E7
:10198000020A00EB0000A0E39687FFEB1B00A0E338
:101990000000C6E50040C5E5FC9FBDE80000D5E5B8
:1019A000010050E33AFBFF1A3200A0E3D0E8FFEB5E
:1019B0000040C5E53200A0E3CDE8FFEB0000D5E52F
:1019C000010050E332FBFF1AB30F8FE27C2200EBE1
:1019D0000040C5E51B00A0E30000C6E5FC9FBDE894
:1019E000000050E32AFBFF1A0B0D8FE2742200EB7C
:1019F0001C00A0E30000C6E50040C5E5FC9FBDE873
:101A00000000D5E5010050E321FBFF1A3200A0E3FE
:101A1000B7E8FFEB0040C5E53200A0E3B4E8FFEB18
:101A20000000D5E5010050E319FBFF1AA30F8FE278
:101A3000632200EB0040C5E594129FE52A20A0E355
:101A40000000A0E3B996FFEB6E1FA0E30A00A0E33D
:101A5000C4C0FFEB9F0F8FE2CC0900EB8000A0E336
:101A60006087FFEB1D00A0E30000C6E5FC9FBDE81A
:101A7000000050E306FBFF1A1E00A0E30000C6E5CD
:101A80000040C5E5FC9FBDE80000D5E5010050E33E
:101A9000FFFAFF1A3200A0E395E8FFEB0040C5E52E
:101AA0003200A0E392E8FFEB0000D5E5010050E32F
:101AB000F7FAFF1A0040C5E514129FE52A20A0E3BB
:101AC0000000A0E39996FFEB6E1FA0E30A00A0E3DD
:101AD000A4C0FFEB860F8FE2AC0900EBFF00A0E390
:101AE0004087FFEB1F00A0E30000C6E5FC9FBDE8B8
:101AF000000050E3E6FAFF1A2000A0E30000C6E56C
:101B00000040C5E5FC9FBDE80000D5E5010050E3BD
:101B1000DFFAFF1A3200A0E375E8FFEB0040C5E5ED
:101B20003200A0E372E8FFEB0000D5E5010050E3CE
:101B3000D7FAFF1A0040C5E594119FE52A20A0E3DB
:101B40000000A0E37996FFEB6E1FA0E30A00A0E37C
:101B500084C0FFEB1B0E8FE28C0900EB8000A0E33A
:101B60002087FFEB2100A0E30000C6E5FC9FBDE855
:101B7000000050E3C6FAFF1A2200A0E30000C6E509
:101B80000040C5E5FC9FBDE80000D5E5010050E33D
:101B9000BFFAFF1A3200A0E355E8FFEB0040C5E5AD
:101BA0003200A0E352E8FFEB0000D5E5010050E36E
:101BB000B7FAFF1A0040C5E514119FE52A20A0E3FB
:101BC0000000A0E35996FFEB6E1FA0E30A00A0E31C
:101BD00064C0FFEBA4008FE26C0900EB0000A0E3FF
:101BE0000087FFEB2300A0E30000C6E5FC9FBDE8F3
:101BF000000050E3A6FAFF1A2400A0E30000C6E5A7
:101C00000040C5E5FC9FBDE80000D5E5010050E3BC
:101C10009FFAFF1A3200A0E335E8FFEB0040C5E56C
:101C20003200A0E332E8FFEB0000D5E5010050E30D
:101C300097FAFF1A0040C5E594109FE52A20A0E31B
:101C40000000A0E33996FFEB6E1FA0E30A00A0E3BB
:101C500044C0FFEBCC009FE50000D0E5010050E35D
:101C60000100001A2510A0E30010C6E5000050E3B3
:101C700087FAFF1A2900A0E30000C6E5FC9FBDE833
:101C80004C43445F4241434B4C494748543D3130FB
:101C9000302528746F756368290000004241434B6A
:101CA0005F6C696768745F35305F72650D0A0000AC
:101CB0004241434B5F6C696768745F35300D0A00C1
:101CC0004241434B5F6C696768745F305F72650DBA
:101CD0000A000000309F0400204C43445F4241430F
:101CE0004B4C494748543D35302528746F7563681F
:101CF000290000004C43445F4241434B4C49474854
:101D0000543D302528746F75636829004C43445F47
:101D10004241434B4C494748543D35302528746F68
:101D200075636829000000005CF70200000050E3C2
:101D300057FAFF1A6E1FA0E30A00A0E309C0FFEBE9
:101D4000B60F8FE2110900EB0110A0E34000A0E301
:101D50000E9BFFEB0210A0E34000A0E3D39BFFEB40
:101D6000D8029FE50040C0E50040C5E52600A0E39D
:101D70000000C6E5FC9FBDE80000D5E5010050E38A
:101D800043FAFF1A3200A0E3D9E7FFEB0040C5E5B4
:101D90003200A0E3D6E7FFEB0000D5E5010050E3F9
:101DA0003BFAFF1A0040C5E5DC101FE52A20A0E33E
:101DB0000000A0E3DD95FFEB6E1FA0E30A00A0E3A7
:101DC000E8BFFFEB9E0F8FE2F00800EB0110A0E3ED
:101DD0004000A0E3B59BFFEB0210A0E34000A0E3AE
:101DE000EA9AFFEB54129FE50100A0E30000C1E571
:101DF0002900A0E30000C6E5FC9FBDE8000050E319
:101E000023FAFF1A0040C5E52700A0E30000C6E55D
:101E1000FC9FBDE80000D5E5010050E31CFAFF1A65
:101E20003200A0E3B2E7FFEB0040C5E53200A0E3DB
:101E3000AFE7FFEB0000D5E5010050E314FAFF1A0D
:101E40000040C5E578111FE52A20A0E30000A0E3CB
:101E5000B695FFEB2900A0E30000C6E5FC9FBDE8B6
:101E6000000050E30AFAFF1A2A00A0E30000C6E5CA
:101E7000FC9FBDE80000D5E5010050E304FAFF1A1D
:101E80003200A0E39AE7FFEB0040C5E53200A0E393
:101E900097E7FFEB0000D5E5010050E3FCF9FF1ADE
:101EA0000040C5E5D8111FE52A20A0E30000A0E30B
:101EB0009E95FFEB000097E5A4119FE50201C0E3AA
:101EC000FF20A0E3EB7BFFEB98019FE5140086E584
:101ED000D710A0E3181086E50820A0E10C8086E565
:101EE000102086E50130A0E30030CAE5D73880E253
:101EF00000308BE570C19FE570319FE500C083E540
:101F0000083097E500C097E508108DE80230A0E1A1
:101F100063F6FFEB0040CAE56E1FA0E30A00A0E3F2
:101F200090BFFFEB8A0F4FE2980800EB2B00A0E375
:101F30000000C6E5FC9FBDE8000050E3D4F9FF1A9D
:101F40001C4086E528219FE51C0096E5001282E0F2
:101F5000F230D1E1013C43E27B3043E22E0053E317
:101F60000900002AF410D1E1D70051E3060000DA9D
:101F7000420F51E3040000CA2C00A0E30000C6E5B4
:101F8000F0008FE20E2100EBFC9FBDE8010080E233
:101F90001C0086E50A0050E3EAFFFF3AFC9FBDE81B
:101FA0000201C1E3B8109FE5FF20A0E3B17BFFEB86
:101FB0004E00A0E3140086E52310A0E3181086E588
:101FC0000820A0E10C8086E5102086E50130A0E322
:101FD0000030CAE5233880E200308BE5A4C09FE5DD
:101FE00088309FE500C083E5083097E500C097E59D
:101FF00008108DE80230A0E129F6FFEB0040CAE5A9
:102000006E1FA0E30A00A0E356BFFFEB310E4FE2C4
:102010005E0800EB2D00A0E30000C6E5FC9FBDE8D4
:102020004C43445F666F72776172645F6469726586
:102030006374696F6E28746F75636829000000000F
:1020400095F802004C43445F706F7369746976655C
:102050005F646972656374696F6E28746F75636815
:102060002900000000B80B007A0100009301F00085
:1020700070FE020084550400676F20746F206C6549
:1020800066742075700D0A0067003C001C4086E5F0
:1020900024201FE51C0096E5001282E0F230D1E119
:1020A0004F3043E22E0053E30700002AF410D1E141
:1020B0000F0051E3040000DA410051E3020000AADE
:1020C0002E00A0E30000C6E5FC9FBDE8010080E211
:1020D0001C0086E50A0050E3EDFFFF3AFC9FBDE8D7
:1020E0000201C1E388101FE5FF20A0E3617BFFEB45
:1020F000A8059FE5140086E52310A0E3181086E5E7
:102100000820A0E10C8086E5102086E50130A0E3E0
:102110000030CAE5233880E200308BE580C59FE5BA
:10212000B8301FE500C083E5083097E500C097E5AB
:1021300008108DE80230A0E1D9F5FFEB0040CAE5B8
:102140006E1FA0E30A00A0E306BFFFEB54059FE566
:102150000E0800EB2F00A0E30000C6E5FC9FBDE8E1
:102160001C4086E5F8201FE51C0096E5001282E081
:10217000F230D1E1023C43E2A73043E22E0053E3C8
:102180000700002AF410D1E10F0051E3040000DA47
:10219000410051E3020000AA3000A0E30000C6E5C0
:1021A000FC9FBDE8010080E21C0086E50A0050E3C8
:1021B000ECFFFF3AFC9FBDE80201C1E360111FE59F
:1021C000FF20A0E32B7BFFEB4E00A0E3140086E58D
:1021D000D4149FE5181086E50820A0E10C8086E560
:1021E000102086E50130A0E30030CAE5013880E127
:1021F00000308BE5B4C49FE590311FE500C083E556
:10220000083097E500C097E508108DE80230A0E19E
:10221000A3F5FFEB0040CAE56E1FA0E30A00A0E3B0
:10222000D0BEFFEB7C049FE5D80700EB3100A0E3B4
:102230000000C6E5FC9FBDE81C4086E5D0211FE5F7
:102240001C1096E5010282E0F230D0E14F3043E20B
:102250002E0053E30700002AF400D0E11A0E50E3E9
:10226000040000BA1D0E50E3020000CA3200A0E3D1
:102270000000C6E5FC9FBDE8010081E21C0086E588
:102280000A0050E3EDFFFF3AFC9FBDE80201C1E305
:1022900034121FE5FF20A0E3F67AFFEBFC039FE575
:1022A000140086E500149FE5181086E50820A0E1DB
:1022B0000C8086E5102086E50130A0E30030CAE5F9
:1022C000013880E100308BE5E4C39FE564321FE50F
:1022D00000C083E5083097E500C097E508108DE859
:1022E0000230A0E16EF5FFEB0040CAE56E1FA0E3EF
:1022F0000A00A0E39BBEFFEBA8039FE5A30700EB4A
:102300003300A0E30000C6E51C4086E5A0221FE5DF
:102310001C1096E5010282E0F230D0E1023C43E27B
:10232000A73043E22E0053E30700002AF400D0E177
:102330001A0E50E3040000BA1D0E50E3020000CA5A
:102340003400A0E30000C6E5FC9FBDE8010081E287
:102350001C0086E50A0050E3ECFFFF3AFC9FBDE855
:10236000000050E3CAF8FF1A47C0FFEB6E1FA0E35E
:102370000A00A0E37BBEFFEBCE0F8FE2830700EBEA
:102380003500A0E30000C6E5FC9FBDE80000D5E5F0
:10239000010050E3BEF8FF1A3200A0E354E6FFEB61
:1023A0000040C5E53200A0E351E6FFEB0000D5E5B3
:1023B000010050E3B6F8FF1A0040C5E5F0161FE52E
:1023C0002A20A0E30000A0E35894FFEB3A00A0E32A
:1023D0000000C6E5FC9FBDE80201C1E380131FE5D4
:1023E000FF20A0E3A37AFFEBDC029FE50000D0E52D
:1023F000000050E3A6F8FF1A7582FFEB3C00A0E353
:102400000000C6E5FC9FBDE80000D5E5010050E3F3
:102410009FF8FF1A3200A0E335E6FFEB0040C5E568
:102420003200A0E332E6FFEB0000D5E5010050E307
:1024300097F8FF1A0040C5E56C171FE52A20A0E3B6
:102440000000A0E33994FFEB3D00A0E30000C6E5E7
:10245000FC9FBDE8000050E38DF8FF1A3C00A0E3AC
:102460000000C6E5FC9FBDE8080096E5C4F7FFEB59
:10247000FA0F50E32800009A50029FE5000090E513
:10248000080086E5C9F7FFEB513000EB0610A0E32A
:10249000E63000EB38129FE5E92F00EBCC2F00EB84
:1024A00030729FE50020A0E30730A0E1382F00EB59
:1024B000412E00EB20129FE5E12F00EB471787E24A
:1024C0004D3000EBC22F00EB0020A0E30730A0E16D
:1024D000542E00EB382E00EB280086E56E1FA0E39B
:1024E0000A00A0E31FBEFFEB1F0E8FE2270700EBE1
:1024F0006E1FA0E30A00A0E31ABEFFEB280096E5DA
:10250000B32F00EB0020A0E10130A0E17F0F8FE2AC
:102510001E0700EB1400A0E3F5E5FFEB0000D5E596
:10252000010050E35AF8FF1A3200A0E3F0E5FFEB98
:102530000040C5E53200A0E3EDE5FFEB0000D5E586
:10254000010050E352F8FF1A0040C5E580181FE56E
:102550002A20A0E30000A0E3F493FFEB3600A0E301
:102560000000C6E5FC9FBDE8000050E348F8FF1AF4
:10257000E281FFEB3800A0E30000C6E5FC9FBDE868
:102580000000D5E5010050E341F8FF1A3200A0E356
:10259000D7E5FFEB0040C5E53200A0E3D4E5FFEB53
:1025A0000000D5E5010050E339F8FF1A0040C5E509
:1025B000E4181FE52A20A0E30000A0E3DB93FFEB73
:1025C0003900A0E30000C6E5FC9FBDE8000050E331
:1025D0002FF8FF1A3800A0E30000C6E5FC9FBDE815
:1025E000000050E32AF8FF1AC1F6FFEBF82F00EBCA
:1025F000772F00EB28219FE528319FE5E42E00EBA3
:10260000ED2D00EB280086E56E1FA0E30A00A0E395
:10261000D4BDFFEBC4008FE2DC0600EB6E1FA0E32D
:102620000A00A0E3CFBDFFEB280096E5682F00EB82
:102630000020A0E10130A0E1EC008FE2D30600EB26
:102640007D0EA0E3AAE5FFEB0000D5E5010050E315
:102650000FF8FF1A0040C5E58C191FE52A20A0E3FA
:102660000000A0E3B193FFEB900F00EB6E1FA0E31F
:102670000A00A0E3BBBDFFEB60008FE2C30600EBE6
:102680006E1FA0E30A00A0E3B6BDFFEBA8008FE237
:10269000BE0600EB4200A0E30000C6E5FC9FBDE8DB
:1026A000A6020000BF023C00041D02009F010000C2
:1026B0006700B801BF02B80174657374204C4344CD
:1026C00073686F7728746F756368290083F8020058
:1026D000D8FC0200000040400000044000F07F45AC
:1026E00020202020202020202020202020202020EA
:1026F00020202020202020202020202020202020DA
:1027000020202020202020202020202020202000E9
:10271000564241543D25332E32665628746F7563F8
:10272000682900000070ECD973996A3F56455854E7
:102730003D25665628746F75636829005539204F0A
:102740005554505554204C4F572C365620494E5016
:10275000555400004200A0E30000C6E5FC9FBDE820
:10276000000050E3CAF7FF1A4300A0E30000C6E5EB
:10277000FC9FBDE8000050E30B00001A6E1FA0E3B1
:102780000A00A0E377BDFFEBB0004FE27F0600EB4D
:102790006E1FA0E30A00A0E372BDFFEBA90F8FE25A
:1027A0007A0600EB4100A0E30000C6E5230F00EB32
:1027B0000240C6E5080000EA010080E20200C6E52A
:1027C0000100A0E34AE5FFEB2010A0E3070DA0E322
:1027D0002C99FFEB000050E30800000A0200D6E548
:1027E000000050E3F3FFFF1A330F00EB6C029FE58C
:1027F0003FE5FFEB4400A0E30000C6E5FC9FBDE819
:102800006E1FA0E30A00A0E356BDFFEB4D0F4FE2A1
:102810005E0600EB6E1FA0E30A00A0E351BDFFEBD4
:102820008F0F8FE2590600EBFEFFFFEAF20E00EB7E
:102830000240C6E5080000EA010080E20200C6E5A9
:102840000100A0E32AE5FFEB2010A0E3070DA0E3C1
:102850000C99FFEB000050E30500000A0200D6E5EA
:10286000000050E3F3FFFF1A4000A0E30000C6E5BC
:10287000FC9FBDE86E1FA0E30A00A0E339BDFFEB9B
:102880006A0F4FE2410600EB6E1FA0E30A00A0E3CF
:1028900034BDFFEB720F8FE23C0600EBFEFFFFEA58
:1028A000000050E37AF7FF1A6E1FA0E30A00A0E3CE
:1028B0002CBDFFEBB0019FE5200086E560581FE5C9
:1028C000040097E50510A0E16E79FFEB080097E59D
:1028D0005520A0E30510A0E16679FFEB0C0097E519
:1028E000AA20A0E30510A0E16279FFEB100097E5B4
:1028F0007720A0E30510A0E15E79FFEB000097E5EB
:102900001120A0E30510A0E15A79FFEB1C4086E5F9
:102910000E1097E9008097E51C0096E50090D1E73E
:10292000000059E30B00000A6E1FA0E30A00A0E3B9
:102930000CBDFFEB970F4FE2140600EB6E1FA0E3F8
:102940000A00A0E307BDFFEB041097E5470F8FE2F5
:102950000E0600EBFEFFFFEA0090D2E7550059E3B8
:102960000B00000A6E1FA0E30A00A0E3FDBCFFEB12
:10297000A60F4FE2050600EB6E1FA0E30A00A0E3DE
:10298000F8BCFFEB081097E5430F8FE2FF0500EB63
:10299000FEFFFFEA0090D3E7AA0059E30B00000A0C
:1029A0006E1FA0E30A00A0E3EEBCFFEBB50F4FE201
:1029B000F60500EB6E1FA0E30A00A0E3E9BCFFEB05
:1029C0000C1097E5FC008FE2F00500EBFEFFFFEA3C
:1029D0000090DCE7770059E30B00000A6E1FA0E3CC
:1029E0000A00A0E3DFBCFFEB310E4FE2E70500EB8E
:1029F0006E1FA0E30A00A0E3DABCFFEB101097E51E
:102A0000EC008FE2E10500EBFEFFFFEA0090D8E763
:102A1000110059E34C00000A6E1FA0E30A00A0E376
:102A2000D0BCFFEBD30F4FE2D80500EB6E1FA0E345
:102A30000A00A0E3CBBCFFEB001097E5DC008FE2BF
:102A4000D20500EBFEFFFFEA5539204F5554505593
:102A50005420484947482C395620494E5055540077
:102A6000B80B0000553920455252000000983A003A
:102A7000736472616D206572722C6572722061647C
:102A800064723D307825782C4C43445F4652414D6A
:102A9000455F4255464645520D0A00007364726117
:102AA0006D206572722C65727220616464723D30B3
:102AB0007825782C4C43445F4652414D45315F4266
:102AC00055464645520D0A00736472616D20657269
:102AD000722C65727220616464723D307825782CA6
:102AE0004C43445F4652414D45325F425546464550
:102AF000520D0A00736472616D206572722C6572EA
:102B00007220616464723D307825782C4C43445FB8
:102B10004652414D45335F4255464645520D0A00E7
:102B2000736472616D206572722C657272206164CB
:102B300064723D307825782C4C43445F43414348D0
:102B4000455F4255464645520D0A0000010080E2AD
:102B50001C0086E5050050E16EFFFF3A6E1FA0E302
:102B60000A00A0E37FBCFFEB8C039FE5870500EB29
:102B70006E1FA0E30A00A0E37ABCFFEBDF0F8FE239
:102B8000820500EB80839FE580739FE50800A0E14C
:102B9000E275FFFA240086E50310D6E5040051E350
:102BA0000000002A010187E7011081E20310C6E559
:102BB000000050E31A00000A2010A0E3D81700EB31
:102BC000200080E2020180E3240086E55520A0E396
:102BD0000510A0E1A778FFEB1C4086E5241096E5E0
:102BE0001C0096E50020D1E7550052E32700000ABB
:102BF0006E1FA0E30A00A0E35ABCFFEBF8029FE5BA
:102C0000620500EB6E1FA0E30A00A0E355BCFFEBDA
:102C1000241096E5202096E5BD0F8FE25B0500EBC2
:102C2000FEFFFFEA6E1FA0E30A00A0E34DBCFFEB2E
:102C3000C4029FE5550500EB6E1FA0E30A00A0E368
:102C400048BCFFEB201096E52F0E8FE24F0500EBFE
:102C50000340C6E50300D6E5000197E7CA75FFFA11
:102C60000300D6E5004187E7010080E2FF0000E2B3
:102C70000300C6E5040050E3F5FFFF3AD4029FE5E8
:102C80001BE4FFEB4500A0E30000C6E5FC9FBDE8A8
:102C9000010080E21C0086E5050050E1CFFFFF3A0D
:102CA000200096E5020780E2EE0B80E2200086E538
:102CB000B5FFFFEA000050E375F6FF1A6E1FA0E3B0
:102CC0000A00A0E327BCFFEB2C029FE52F0500EBD9
:102CD0006E1FA0E30A00A0E322BCFFEB9E0F8FE271
:102CE0002A0500EB0ABEFFEB6E1FA0E30A00A0E37B
:102CF0001CBCFFEB00029FE5240500EB6E1FA0E368
:102D00000A00A0E317BCFFEB5C029FE5001090E512
:102D1000960F8FE21D0500EBC0021FE5F4E3FFEB09
:102D20004600A0E30000C6E5FC9FBDE81C4086E528
:102D300050529FE550429FE51C2096E5000094E527
:102D40000510A0E14B78FFEB0800A0E35AC2FFEBAF
:102D5000000094E50510A0E14A78FFEB0800A0E32D
:102D6000F6C1FFEB000094E51C2096E51B10D0E5B2
:102D7000020051E10800001A2410D0E5020051E1E0
:102D80000500001A6C10D0E5020051E10200001AA3
:102D90007500D0E5020050E10500000A6E1FA0E3B7
:102DA0000A00A0E3EFBBFFEB1E0E8FE2F70400EB7F
:102DB000FEFFFFEA6E1FA0E30A00A0E3E9BBFFEB02
:102DC00034019FE5F10400EB6E1FA0E30A00A0E3CD
:102DD000E4BBFFEB070D8FE2EC0400EB1C00D6E533
:102DE000010080E2FF0000E21C0086E5000050E3E5
:102DF000D0FFFF1A4700A0E30000C6E5FC9FBDE836
:102E0000000050E322F6FF1A6E1FA0E30A00A0E3C1
:102E1000D4BBFFEB8C019FE5DC0400EB6E1FA0E34D
:102E20000A00A0E3CFBBFFEB5F0F8FE2D70400EBFC
:102E300090719FE5084087E529A2FFEBC92400EBCC
:102E400084019FE5000090E5000050E30C00001AAB
:102E50006E1FA0E30A00A0E3C2BBFFEB44019FE5A5
:102E6000CA0400EB6E1FA0E30A00A0E3BDBBFFEBAA
:102E7000560F8FE2C50400EB20041FE59CE3FFEB37
:102E8000BE2700EB50019FE5004080E54C019FE527
:102E9000004080E548119FE54100A0E30000C1E546
:102EA00040019FE5000087E50020A0E30210A0E1BB
:102EB0000A00A0E38DC0FFEB2C019FE50000D0E5E8
:102EC000010050E34C00000A6E1FA0E30A00A0E3DB
:102ED000A4BBFFEBCC009FE5AC0400EB6E1FA0E3AE
:102EE0000A00A0E39FBBFFEB010C8FE2A70400EBFD
:102EF00098041FE57EE3FFEBFC9FBDE8E02602009F
:102F0000736472616D2074657374000040B80B00C7
:102F1000209F0400736472616D206572722C65726B
:102F2000725F616464723D307825782C73647261DD
:102F30006D5F746F74616C3D30782578000000001F
:102F4000736472616D20706173732C2073697A658C
:102F5000203D203078257800881300007465737454
:102F6000206E616E64666C61736800003CF802005C
:102F70006E616E64666C61736820706173732C623D
:102F80006164203D20256400C4050000DCF80200D7
:102F9000573235513132382065727200573235510F
:102FA000313238206F6B000008F5020057726974E7
:102FB0006520696D616765204646303020464630A1
:102FC00031204646303200001459040050FF020000
:102FD000555342204E4F204C4F414400D0F8020040
:102FE000D4F8020061F702000000220B63F7020030
:102FF000555342204E4F20424D5020000020A0E368
:103000000210A0E10200A0E3A88DFFEB0040C5E59F
:103010004800A0E30000C6E5FC9FBDE8000050E3C7
:103020009BF5FF1A0100D6E5000050E398F5FF1A62
:103030000C039FE51120A0E3000090E5BB1F8FE289
:103040003E77FFEBB040C9E1F8129FE51100A0E325
:10305000B000C1E10100A0E30100C6E54900A0E322
:103060000000C6E5FC9FBDE8B010D9E1B60F8FE2C5
:10307000D31C00EBB000D9E1110050E384F5FF1A36
:103080006E1FA0E30A00A0E336BBFFEBEC001FE5D8
:103090003E0400EB6E1FA0E30A00A0E331BBFFEB90
:1030A000AE0F8FE2390400EB0040C5E50000D5E526
:1030B000010050E3FCFFFF1A0140C6E50040C5E5F2
:1030C000B040C9E1A0129FE52A20A0E30000A0E3E0
:1030D0001691FFEB4A00A0E30000C6E5FC9FBDE8A7
:1030E000000050E36AF5FF1A0100D6E5000050E346
:1030F00067F5FF1A9D0F8FE2B11C00EB40029FE5C0
:103100009F2F8FE2000090E5A21F8FE27875FFFAF3
:10311000B040C9E12C129FE51100A0E3B000C1E16D
:103120000100A0E30100C6E54B00A0E30000C6E5F6
:10313000FC9FBDE8B000D9E1110050E354F5FF1A3F
:103140006E1FA0E30A00A0E306BBFFEBAC011FE586
:103150000E0400EB6E1FA0E30A00A0E301BBFFEB2F
:103160008D0F8FE2090400EB0040C5E50000D5E5B6
:10317000010050E3FCFFFF1A0140C6E50040C5E531
:10318000B040C9E1E0119FE52A20A0E30000A0E3E0
:10319000E690FFEB4C00A0E30000C6E5FC9FBDE815
:1031A000000050E33AF5FF1A0100D6E5000050E3B5
:1031B00037F5FF1A7B0F8FE2811C00EB80019FE542
:1031C0007D2F8FE2000090E5721F8FE24875FFFAB5
:1031D000B040C9E16C119FE51100A0E3B000C1E16E
:1031E0000100A0E30100C6E54D00A0E30000C6E534
:1031F000FC9FBDE8B000D9E1110050E324F5FF1AAF
:103200006E1FA0E30A00A0E3D6BAFFEB6C021FE535
:10321000DE0300EB6E1FA0E30A00A0E3D1BAFFEBD0
:103220006A0F8FE2D90300EB0040C5E50000D5E549
:10323000010050E3FCFFFF1A0140C6E50040C5E570
:10324000B040C9E120119FE52A20A0E30000A0E3DF
:10325000B690FFEB4E00A0E30000C6E5FC9FBDE882
:10326000000050E30AF5FF1A5B0F8FE2541C00EBDD
:103270006E1FA0E30A00A0E3BABAFFEBDC021FE571
:10328000C20300EB6E1FA0E30A00A0E3B5BAFFEB98
:10329000550F8FE2BD0300EB58019FE50910A0E335
:1032A000B210C0E10F10A0E30C10C0E5FA2FA0E3AC
:1032B000B420C0E10010C0E5B640C0E10110A0E3B9
:1032C0000D10C0E54F00A0E30000C6E5FC9FBDE87F
:1032D00024119FE50010D1E5000051E3ECF4FF1A42
:1032E000000050E3EAF4FF1A6E1FA0E30A00A0E317
:1032F0009CBAFFEB54031FE5A40300EB6E1FA0E391
:103300000A00A0E397BAFFEBF0008FE29F0300EB07
:103310000040C5E550109FE52A20A0E30000A0E38F
:103320008290FFEB5000A0E30000C6E5FC9FBDE8E3
:103330004030454430303030303030314646303027
:103340002A000000C0F702006CF702000D0A525874
:103350005F434F554E545F4F55543D25640D0A0051
:103360004646303028746F7563682900309F04002A
:103370000D0A4646303120444953504C41590D0AFC
:1033800000000000403045443030303030303031C3
:10339000464630312A0000002553000046463031B1
:1033A00028746F75636829000D0A46463032204440
:1033B0004953504C41590D0A00000000403045442B
:1033C0003030303030303031464630322A00000064
:1033D0004646303228746F75636829000D0A564FCF
:1033E000494345204F55540D0A000000564F4943AC
:1033F00045205374617274008863040003F902006D
:10340000564F4943452053544F5028746F75636895
:10341000290000000000D5E5010050E39CF4FF1AEC
:103420003200A0E332E2FFEB0040C5E53200A0E34A
:103430002FE2FFEB0000D5E5010050E394F4FF1A02
:10344000290E8FE2DE1B00EB6E1FA0E30A00A0E353
:1034500044BAFFEBB4041FE54C0300EB6E1FA0E37E
:103460000A00A0E33FBAFFEB70004FE2470300EB16
:1034700080001FE50040C0E58F1700EB5100A0E37E
:103480000000C6E5FC9FBDE80000D5E5010050E363
:103490007FF4FF1A3200A0E315E2FFEB0040C5E520
:1034A0003200A0E312E2FFEB0000D5E5010050E39B
:1034B00077F4FF1A0040C5E554111FE52A20A0E368
:1034C0000000A0E31990FFEB5400A0E30000C6E564
:1034D000FC9FBDE8000050E36DF4FF1A810F8FE2FE
:1034E000B71B00EB6E1FA0E30A00A0E31DBAFFEBC1
:1034F00050051FE5250300EB6E1FA0E30A00A0E3C3
:1035000018BAFFEB1F0E8FE2200300EBF9B0FFEBC0
:103510005300A0E30000C6E5FC9FBDE80000D5E530
:10352000010050E35AF4FF1A3200A0E3F0E1FFEB90
:103530000040C5E53200A0E3EDE1FFEB0000D5E57A
:10354000010050E352F4FF1A0040C5E5E8111FE501
:103550002A20A0E30000A0E3F48FFFEB04B1FFEB0F
:103560005400A0E30000C6E5FC9FBDE8000050E366
:1035700047F4FF1A660F8FE2911B00EB6E1FA0E36A
:103580000A00A0E3F7B9FFEBE8051FE5FF0200EB37
:103590006E1FA0E30A00A0E3F2B9FFEB060D8FE275
:1035A000FA0200EB5500A0E30000C6E5FC9FBDE871
:1035B0000000D5E5010050E335F4FF1A3200A0E326
:1035C000CBE1FFEB0040C5E53200A0E3C8E1FFEB33
:1035D0000000D5E5010050E32DF4FF1A0040C5E5D9
:1035E0007C121FE52A20A0E30000A0E3CF8FFFEBB1
:1035F0005600A0E30000C6E5FC9FBDE86E1FA0E3F7
:103600000A00A0E3D7B9FFEB68061FE5DF0200EB75
:103610006E1FA0E30A00A0E3D2B9FFEB450F8FE2D3
:10362000DA0200EBBABBFFEB82C0FFEBD50B00EB7D
:103630000C019FE50120A0E30210A0E37EB0FFEBA8
:103640000120A0E33F10A0E30F0CA0E3B4C0FFEB08
:10365000FC9FBDE88AE6FFEBE8409FE50119A0E387
:10366000050DA0E3C994FFEB021AA0E3050DA0E34A
:10367000C694FFEB0400A0E1B5E1FFEB0400A0E17C
:10368000B3E1FFEB0119A0E3050DA0E38795FFEB84
:103690000400A0E1AEE1FFEB021AA0E3050DA0E3F8
:1036A0008295FFEB0400A0E1A9E1FFEB021AA0E381
:1036B000050DA0E3B594FFEB0400A0E1A4E1FFEB4E
:1036C0000119A0E3050DA0E3B094FFEB0400A0E115
:1036D0009FE1FFEBE0FFFFEA0D0A564F494345200B
:1036E00053544F500D0A00000D0A52544320434CCE
:1036F0004F434B204F55540D0A00000052544320B5
:10370000434C4F434B204F555428746F75636829C1
:10371000000000000D0A706F776572207361766596
:103720000D0A0000504F5745525341564528746FBB
:103730007563682900000000706C6561736520572F
:1037400061697400180200B0D859000010402DE9DA
:103750000040A0E10030A0E30000D4E5300050E3D9
:103760000400001A0100D4E5780050E30300000AC9
:10377000580050E30100000A0020A0E30E0000EA18
:103780000220A0E30C0000EAC71B00EB390050E365
:10379000040000DA0200D4E7C31B00EB030280E060
:1037A000573040E2030000EA0200D4E7BE1B00EB02
:1037B000030280E0303040E2012082E20200D4E7E0
:1037C000301040E2090051E3EEFFFF9A611040E241
:1037D000190051E3EBFFFF9A411040E2190051E359
:1037E000E8FFFF9A0300A0E11080BDE8F8402DE952
:1037F0001DEFFFEB0040A0E10400B0E10100000A72
:103800000160A0E3120000EA90008FE2EC1A00EBE6
:10381000F880BDE80610A0E10C0084E2432300EB31
:103820000050A0E1000055E30800000ABA00D5E10D
:103830000620A0E10C1084E200008DE5B830D5E14F
:103840007C008FE2DE1A00EB0500A0E115E4FFEB3F
:10385000016086E20A00D4E5060050E1ECFFFFAA11
:10386000040094E5000050E30600000A752500EB13
:10387000040094E50210A0E3100090E5532300EB50
:10388000040094E5FEEFFFEB0C1084E260008FE291
:10389000CB1A00EB0400A0E1A8EFFFEBF880BDE835
:1038A0006875625F646973636F6E6E656374202D03
:1038B00020687562206E6F7420666F756E64210AD1
:1038C00000000000446973636F6E6E656374204886
:1038D0005542205B25735D20706F72742025642033
:1038E00064657669636520307825783A3078257884
:1038F0000A000000446973636F6E6E65637420484C
:103900005542205B25735D2E0A000000F0412DE931
:1039100020D04DE20050A0E1006095E5082095E53B
:10392000990F8FE2000090E518008DE5001092E5F8
:103930000500D1E5090050E30200000A6600E0E35B
:1039400020D08DE2F081BDE80000A0E30430D1E595
:1039500003C0A0E30C0000EA801080E0011182E0C7
:103960000540D1E50440DCE10600001A0410D1E571
:10397000800011E30300000A800080E0000182E083
:10398000047080E2020000EA010080E2000053E1DE
:10399000F0FFFFCA000057E33000000A3BC4FFEB12
:1039A0000040A0E10400B0E12E00000A005084E5D0
:1039B000C04485E51800DDE51810D6E5010080E07B
:1039C0001800CDE5140096E5000050E32700000A3A
:1039D0000C1080E20C0084E2AE74FFFA18108DE245
:1039E0000C0084E2CF74FFFA0400D5E50C1084E2E9
:1039F00000008DE5BA30D6E1B820D6E1630F8FE242
:103A00006F1A00EB1800A0E30F2200EB0050A0E1BA
:103A10000500B0E11900000A1820A0E324008DE998
:103A2000C800A0E31C108DE20080A0E30C108DE51F
:103A300010008DE5293CA0E30620A0E3A010A0E340
:103A40000600A0E100808DE5762200EB000050E347
:103A50000C0000AA5D0F8FE2591A00EB110000EA7A
:103A60006600E0E3B5FFFFEA0900E0E3B3FFFFEA29
:103A700018108DE20C0084E28674FFFAD9FFFFEA89
:103A80000900E0E3ADFFFFEA0210D5E50A10C4E546
:103A90000500D5E5800CA0E1202CA0E10B20C4E5B9
:103AA000520F8FE2461A00EB1810A0E30500A0E1C8
:103AB000C62200EB0150A0E30A0000EA0520A0E1C5
:103AC0000810A0E30400A0E1F21300EB000050E3B3
:103AD0006F00000A0520A0E10C1084E2510F8FE274
:103AE000371A00EB015085E20A00D4E5050050E1E9
:103AF000F1FFFFAA0B00D4E5801080E0800361E0B5
:103B00004C119FE5800181E085E0FFEB0600A0E11C
:103B10003BC4FFEB0050A0E1000055E36100000A48
:103B2000045084E5804085E50C7085E50200A0E343
:103B3000C52100EB100085E50200A0E3180085E533
:103B40001C8085E50C019FE5840085E50500A0E16A
:103B5000242300EB0010A0E1000051E3550000AA6F
:103B6000F4008FE2161A00EB100095E50210A0E3B6
:103B7000962200EB0500A0E141EFFFEB0400A0E17D
:103B8000EEEEFFEBC800E0E36CFFFFEA3000000060
:103B900068756220666F756E642069733A5B257381
:103BA0005D202D2064657669636520287669643D13
:103BB000307825782C207069643D30782578292C60
:103BC00020696E746572666163652025642E0A0043
:103BD0004661696C656420746F2067657420687540
:103BE000622064657363726970746F72210A0000E9
:103BF0004875622068617320256420706F72747349
:103C00002C20706F7765722D746F2D706F776572D1
:103C10002D676F6F642074696D652069732025645A
:103C2000206D732E0A000000487562205B25735DCD
:103C300020706F727420256420706F776572206524
:103C40006E61626C696E67206661696C6564210AE9
:103C500000000000A0860100FC3C02004572726F6B
:103C600072202D206661696C656420746F20737505
:103C7000626D697420696E746572727570742072F9
:103C800065616420726571756573742028256429E7
:103C9000000000000520A0E10C1084E224008FE267
:103CA000C71900EB8EFFFFEA0400A0E1A3EEFFEBD3
:103CB0000900E0E321FFFFEA2C008FE2C01900EBCE
:103CC0000000A0E31DFFFFEA487562205B25735DDD
:103CD00020706F727420256420706F776572206584
:103CE0006E61626C65642E0A000000006875625F98
:103CF00070726F6265204F4B2E0A0000802090E5A5
:103D0000781090E5000051E30100000A50008FE2B6
:103D1000AB1900EA1C1090E5000051E30F00000A07
:103D20000010A0E3070000EA103090E581C1A0E197
:103D30000130D3E7133CA0E1B8C0D2E10C3083E1FD
:103D4000B830C2E1011081E21C3090E5010053E17E
:103D5000F4FFFF8AB810D2E128008FE2981900EA38
:103D60001EFF2FE16875625F7374617475735F691C
:103D70007271202D20686173206572726F723A2013
:103D8000307825780A0000006875625F737461748A
:103D900075735F697271202D20737461747573205F
:103DA0006269746D61703A20307825780A000000ED
:103DB00070402DE90050A0E10140A0E1100095E520
:103DC000340080E20A0100EB080084E5100095E56C
:103DD000380080E20E0100EBF001C4E1100095E52F
:103DE0002100D0E5020000E20700C4E50000A0E3E6
:103DF0001C0084E57080BDE870402DE9C8429FE555
:103E00000020A0E30F10A0E30400A0E18AAEFFEBC6
:103E10000020A0E3011642E2410804E086AEFFEB79
:103E20000130A0E30320A0E11E1EA0E3020CA0E3EA
:103E30007493FFEB0B12A0E36C1091E5200011E3EB
:103E40000C00000A2010A0E3020CA0E39793FFEB04
:103E5000011CA0E3020CA0E39493FFEB8010A0E30D
:103E6000020CA0E3C992FFEB4010A0E3020CA0E318
:103E70008E93FFEB0B0000EA2010A0E3020CA0E3FE
:103E8000C292FFEB011CA0E3020CA0E38793FFEBBF
:103E90008010A0E3020CA0E38493FFEB4010A0E3AA
:103EA000020CA0E38193FFEB20129FE520029FE527
:103EB0000020A0E360AEFFEB0130A0E30020A0E310
:103EC0000F1BA0E3010CA0E34E93FFEB04029FE560
:103ED0000020A0E3FF1CA0E357AEFFEB0130A0E3FE
:103EE0000020A0E30C10A0E3070DA0E34593FFEB37
:103EF000E4019FE50020A0E30F18A0E34EAEFFEB26
:103F00000130A0E30320A0E1011AA0E3050DA0E326
:103F10003C93FFEBC4519FE50020A0E30F18A0E302
:103F20000500A0E144AEFFEB0130A0E30320A0E1D7
:103F30001010A0E34000A0E33293FFEB1010A0E3C9
:103F40004000A0E39192FFEB0020A0E3FF10A0E36C
:103F50000500A0E138AEFFEB0130A0E30320A0E1B3
:103F60000310A0E34000A0E32693FFEB0020A0E3B2
:103F70000F16A0E30400A0E12FAEFFEB0030A0E39A
:103F80000120A0E3021AA0E3020CA0E31D93FFEBC3
:103F9000021AA0E3020CA0E37C92FFEB0020A0E356
:103FA0000F1AA0E30400A0E123AEFFEB0130A0E371
:103FB0000320A0E1021BA0E3020CA0E31193FFEB9E
:103FC000021BA0E3020CA0E37092FFEB021BA0E334
:103FD000020CA0E33593FFEB0F12A0E30020A0E357
:103FE000410C45E014AEFFEB0130A0E30020A0E35C
:103FF0008010A0E3C000A0E30293FFEB0F18A0E342
:104000000020A0E3410785E10BAEFFEB0130A0E308
:104010000020A0E3011AA0E34000A0E3F992FFEB27
:104020000020A0E30F14A0E30400A0E102AEFFEB28
:104030000030A0E30120A0E30119A0E3020CA0E3FB
:10404000F092FFEB0119A0E3020CA0E31793FFEB42
:104050000020A0E30F18A0E30400A0E1F6ADFFEB01
:104060000030A0E30320A0E1011AA0E3020CA0E3CA
:10407000E492FFEB0420A0E3011AA0E3020CA0E30A
:104080008892FFEB58109FE50020A0E3020CA0E30C
:104090007092FFEBEBE3FFEB0020A0E30F14A0E333
:1040A0000C0085E2E4ADFFEB0130A0E30320A0E1CA
:1040B0000119A0E38000A0E3D292FFEB7040BDE8BD
:1040C0000119A0E38000A0E33092FFEAB40000B041
:1040D00000FFFF00940000B0A80000B09C0000B0FA
:1040E000780000B0D0880000F0412DE990509FE5A5
:1040F0008010A0E3000095E57273FFEB0540A0E39C
:1041000080609FE50179A0E30180A0E374C2FFEB2A
:10411000040186E7007080E51834A0E1011043E255
:10412000110000EA002095E5010192E7000050E34C
:104130000200001A040196E7010182E7090000EA83
:10414000042196E7000052E10600000A0C2090E5E9
:10415000000052E30100000A0200A0E1F7FFFFEABD
:10416000042196E70C2080E5031081E0200051E354
:10417000EBFFFFBA014044E2000054E3E2FFFFAA74
:10418000F081BDE87CFF0200008F09001EFF2FE1D7
:104190000F002DE910402DE90C208DE214009FE561
:1041A00008109DE54771FFFA08009FE50FA5FFEB9A
:1041B00004409DE414F09DE4FCFF020070402DE9F2
:1041C0000060A0E10150A0E11A0085E22E0000EBA2
:1041D0000040A0E10000D6E5030050E30200001A11
:1041E000140085E2280000EB004884E10400A0E10F
:1041F0007080BDE80310D0E50220D0E5011482E113
:104200000120D0E5011482E10000D0E5010480E145
:104210001EFF2FE10710D0E50630D0E5212CA0E1EC
:10422000011483E10530D0E50224A0E1212C82E1D4
:10423000011483E10430D0E50224A0E1212C82E1C5
:10424000011483E10224A0E1212C82E10134A0E1E8
:104250000310D0E5031081E10230D0E50224A0E193
:10426000212C82E1011483E10224A0E1213C82E1BE
:104270000120D0E5012482E10000D0E50334A0E173
:10428000221C83E1020480E11EFF2FE10110D0E532
:104290000000D0E5010480E11EFF2FE110402DE970
:1042A0004010A0E3020CA0E3B891FFEB14009FE5DF
:1042B000001090E510009FE5081080E50110A0E3D4
:1042C0000010C0E51080BDE8D8FC020018F902001B
:1042D00010402DE934009FE5000090E528F0FFEB49
:1042E0004B0F50E30800009A24409FE50000D4E5FE
:1042F000010050E30400001A4010A0E3020CA0E308
:104300006A92FFEB0000A0E30000C4E51080BDE866
:1043100020F9020018F9020010402DE90040A0E148
:10432000000091E5000084E5200091E5080084E5A7
:104330002400D1E50700C4E5240091E5FF20C0E397
:104340000000A0E3140084E5102084E51C0084E54F
:10435000281091E54C1084E50400A0E105E1FFEB95
:10436000000050E30200001A0400A0E11040BDE884
:10437000000000EA1080BDE8F0412DE90040A0E116
:10438000000094E5106090E5381094E5850200EB9C
:10439000000050E30400001A3C1094E50000D1E551
:1043A000850050E30100000A0200A0E3F081BDE8AF
:1043B0002020A0E30600A0E16072FFEB0100D6E53B
:1043C000010080E28072A0E1600047E2020C50E34D
:1043D0000100009A0200A0E3F081BDE80010A0E314
:1043E0000400A0E161DFFFEB040050E30000001ACD
:1043F0000200A0E3000050E3EBFFFF1A000094E589
:10440000381094E5670200EB000050E3E6FFFF1A66
:104410003C1094E50000D1E5C00050E30100000A23
:104420000200A0E3F081BDE82020A0E3200086E2A6
:104430004272FFEB2300D6E50F10A0E32C0080E2D0
:104440000E78FFEB800257E10100002A0200A0E392
:10445000F081BDE84050A0E30010A0E30400A0E11B
:1044600042DFFFEB040050E30000001A0200A0E36B
:10447000000050E3CCFFFF1A000094E5381094E5EB
:10448000480200EB000050E3C7FFFF1A3C1094E520
:104490000000D1E5C10050E30100000A0200A0E3E2
:1044A000F081BDE8260E55E30200002A050086E0F3
:1044B0002020A0E32172FFEB205085E2070055E1A8
:1044C000E4FFFF3A260E55E30800008A0600A0E14B
:1044D000D52500EB0040A0E1020086E26AFFFFEB79
:1044E000000054E10100000A0200A0E3F081BDE8F1
:1044F0000000A0E3F081BDE870402DE910029FE5C7
:104500000010E0E3381180E53C1180E5091400EB70
:104510000800A0E3601400EB0000A0E3271400EB08
:10452000F0119FE5F0019FE50020A0E3C2ACFFEB96
:104530000000A0E30B12A0E3180281E51C0281E554
:10454000D8019FE50120A0E30010E0E3BAACFFEB47
:10455000CC019FE50120A0E30010E0E3B6ACFFEB47
:10456000C0019FE50120A0E30010E0E3B2ACFFEB47
:104570005F1600EB1FFEFFEBACB8FFEBC1A3FFEB38
:10458000AE0700EB77B8FFEB8FE1FFEBD98BFFEBCA
:104590008CB8FFEBEA1E00EB760900EB061000EB8F
:1045A000D679FFEB80419FE50000A0E3C9C2FFEB95
:1045B0000000C4E5020050E3FAFFFF0A0100A0E397
:1045C000C4C2FFEB0100C4E5020050E3FAFFFF0A9A
:1045D0000100A0E30000C4E50100C4E5C4EEFFEB68
:1045E0000010D4E5000051E32700000A0010A0E30A
:1045F000E020E0E3920101E0021B81E26C1081E225
:10460000010050E1F4FFFF3A2010A0E3020CA0E308
:10461000DE90FFEB8010A0E3020CA0E3A391FFEB80
:10462000EB79FFEB04019FE50020A0E30110A0E37C
:1046300081ACFFEBA00700EB89BCFFEB470300EB6D
:1046400053B3FFEB3FC4FFEB82A3FFEBE0009FE51A
:104650000800D0E5637CFFEB1B2300EBD4009FE553
:10466000D61000EB0A00A0E3A1DDFFEBD09BFFEB2F
:104670000100D4E5010050E30500000A000050E30A
:104680001200000A0000A0E37080BDE80110A0E362
:10469000D6FFFFEAA0409FE5070000EAB399FFEBD1
:1046A00004C7FFEBB52100EB041800EBBAB4FFEB35
:1046B000F01800EB5A0800EB86E2FFEBFFB7FFEBC8
:1046C0000000D4E5000050E3FBFFFF1AF2FFFFEA11
:1046D00068009FE50B1A00EB64409FE564509FE57E
:1046E000000094E526EFFFEB000050E30200000A13
:1046F000000095E5000084E50B1900EBEDC6FFEB2B
:104700009E2100EBED1700EBDA1800EB65EFFFEBF5
:10471000F2FFFFEA002000B800003C12100200B0D7
:10472000600000B0640000B0680000B05CF70200F8
:10473000200000B0382C0300FEFF000098F80200B3
:1047400000C20100ACF80200D8FC020024109FE572
:10475000042091E5020080E0040081E5040091E579
:10476000082091E5020050E1010000DA040091E523
:10477000080081E51EFF2FE164FF0200F05F2DE9D4
:104780000160A0E10270A0E10080A0E3008086E566
:1047900039EEFFEB0050A0E10500B0E10100005A46
:1047A0000B00A0E3F09FBDE8E0059FE5054190E721
:1047B000000054E31000000A004086E5FE6007E2B6
:1047C0000000D4E5000050E30300000A0100D4E536
:1047D000A5E0FFEB010010E30900000A0080C4E53A
:1047E000FF0005E20100C4E559E0FFEB010010E322
:1047F0000B00000A0300A0E3F09FBDE80C00A0E35B
:10480000F09FBDE8000056E30300000A040010E337
:104810000100000A0A00A0E3F09FBDE80000A0E349
:10482000F09FBDE8000056E30300000A040010E317
:104830000100000A0A00A0E3F09FBDE80010A0E319
:104840000400A0E122EBFFEB040050E30300000AA8
:10485000020050E30300003A0D00A0E3F09FBDE822
:104860000100A0E3F09FBDE8387094E5010050E33B
:104870000500000A470084E283FEFFEB020C50E3D0
:104880009800000A0D00A0E3F09FBDE80B00A0E334
:10489000000000EA010080E2400050E30300002A2B
:1048A000001084E03C10D1E5000051E3F8FFFF0A5E
:1048B000400050E30100002A0D00A0E3F09FBDE896
:1048C000A40084E270FEFFEB010C50E30100000A3B
:1048D0000D00A0E3F09FBDE8A800D4E50190A0E39F
:1048E0001900A0E1020C50E30100000A0D00A0E352
:1048F000F09FBDE8840084E245FEFFEB075090E0A6
:104900000860A1E0010056E30100003A0D00A0E3B9
:10491000F09FBDE8900084E235FEFFEB200084E5C7
:10492000AA00D4E50200C4E5010050E30100000A3A
:104930000D00A0E3F09FBDE8A900D4E51900A0E1B7
:104940000008A0E12008A0E1BA00C4E1000050E3A3
:104950000600000A980084E225FEFFEB0090A0E12B
:104960000E0179E30300009A0D00A0E3F09FBDE87B
:104970000D00A0E3F09FBDE8020089E21C0084E581
:10498000247084E5940084E219FEFFEB070080E0C8
:10499000300084E58C0084E215FEFFEB070080E028
:1049A000280084E5BA10D4E1300094E5990101E0D3
:1049B000010090E00810A8E0000055E00100D6E0FA
:1049C0000100002A0D00A0E3F09FBDE89C0084E2F6
:1049D00007FEFFEB2C0084E50050A0E30560A0E19A
:1049E000000055E30F00001ABA00D4E1060050E1C0
:1049F0000100008A0D00A0E3F09FBDE82C1094E5B3
:104A00000400A0E1C4C4FFEB061080E00400A0E1B4
:104A1000E40000EB000050E30100000A0100A0E305
:104A2000F09FBDE8016086E2050084E03C00D0E52F
:104A3000810050E30300000A200085E2805BA0E1D2
:104A4000A55BA0E1E5FFFFEA050084E0500080E2FD
:104A5000E7FDFFEB0050A0E1020055E30200003A41
:104A60001C0094E5050050E10100008A0D00A0E360
:104A7000F09FBDE8BA10D4E1300094E5022045E291
:104A8000910220E0340084E5280094E5A51380E03D
:104A90000400A0E1C30000EB000050E30100000AA5
:104AA0000100A0E3F09FBDE87F0005E2000184E083
:104AB0003C0080E2CEFDFFEB010070E30400000A41
:104AC000015085E2000055E1EEFFFF0A0D00A0E372
:104AD000F09FBDE80000E0E3180084E5140084E5E1
:104AE0000450A0E3A10000EA520084E2E6FDFFEBDF
:104AF000000050E30100001A600084E2BCFDFFEBFF
:104B0000200084E54C10D4E50210C4E5010051E317
:104B10000300000A020051E30100000A0D00A0E3B7
:104B2000F09FBDE891000AE04900D4E5BA00C4E175
:104B3000000050E30200000A011040E2010010E111
:104B40000100000A0D00A0E3F09FBDE84D0084E2E3
:104B5000CDFDFFEBB800C4E10F0010E30100000A37
:104B60000D00A0E3F09FBDE84F0084E2C6FDFFEB1F
:104B70000050A0E10500B0E10200001A5C0084E2F0
:104B80009BFDFFEB0050A0E14A0084E2BEFDFFEB7D
:104B90000060A0E10600B0E10600000AB8B0D4E170
:104BA0000A0086E02B9280E0090055E10300002A0C
:104BB0000D00A0E3F09FBDE80D00A0E3F09FBDE86D
:104BC000BA10D4E1090045E02C76FFEB000050E379
:104BD0002600000A0050A0E3BF0270E30000008A34
:104BE0000350A0E3A8119FE5010050E10000008AF6
:104BF0000250A0E39C119FE5010050E10000008AF3
:104C00000150A0E3000055E31A00000A020080E210
:104C10001C0084E5247084E5061087E0281084E5F4
:104C2000092087E0302084E5030055E31300000AE3
:104C300000005BE32200000A0A1081E02C1084E5EA
:104C4000020055E32000000A011000E2800080E02D
:104C5000A00081E0201094E5010C80E2FF0080E2DA
:104C6000A00451E11A00002A0D00A0E3F09FBDE866
:104C70000D00A0E3F09FBDE80D00A0E3F09FBDE8AC
:104C8000660084E280FDFFEB000050E30100000AB3
:104C90000D00A0E3F09FBDE8B800D4E1000050E3B0
:104CA0000100000A0D00A0E3F09FBDE8680084E267
:104CB0004FFDFFEB2C0084E51C0094E50001A0E112
:104CC000E3FFFFEA0D00A0E3F09FBDE88000A0E154
:104CD000DFFFFFEA0000E0E3180084E5140084E54C
:104CE0008000A0E30400C4E5030055E31F00001AA0
:104CF0006C0084E264FDFFEB010050E31B00001A2E
:104D0000011087E20400A0E1260000EB000050E360
:104D10001600001A0480C4E5020C84E23A0080E226
:104D200059FDFFEBAA1C40E2551051E20F00001A9A
:104D30003C0084E22EFDFFEB5C109FE5010050E19A
:104D40000A00001A220E84E229FDFFEB4C109FE5B9
:104D5000010050E10500001A890F84E224FDFFEBF9
:104D6000180084E58A0F84E221FDFFEB140084E53E
:104D70000050C4E528109FE5B000D1E1010080E2B9
:104D8000B000C1E1B600C4E10000A0E3F09FBDE8BF
:104D900000030900F5FF0000F50F000052526141C9
:104DA000727241614EFF020070402DE90040A0E1A7
:104DB0000160A0E10050A0E3380094E5060050E156
:104DC0000E00000A0400A0E1B91100EB0050A0E1C0
:104DD000000055E30900001A0100D4E50130A0E30A
:104DE0000620A0E13C1084E2F7DEFFEB000050E378
:104DF0000100000A0060E0E30150A0E3386084E5B0
:104E00000500A0E17080BDE8F0412DE90160A0E15E
:104E100018109DE50270A0E10380A0E18150A0E19F
:104E2000000090E5000090E575BFFFEB0040A0E1B9
:104E3000000054E30E00000A0C6084E5107084E565
:104E4000188084E50000A0E31C0084E570109FE555
:104E5000841084E51400C4E50400A0E1151D00EBF6
:104E6000000050E3030000BA43EDFFEB0060A0E157
:104E70000B0000EA0900E0E3F081BDE80600A0E1D4
:104E80003FEDFFEB050050E10500009A0400A0E1B2
:104E9000EC1F00EB0400A0E179EAFFEBCA00E0E3BD
:104EA000F081BDE81400D4E5000050E3F2FFFF0AF2
:104EB000785094E50400A0E171EAFFEB0500A0E161
:104EC000F081BDE8C84D010070402DE90050A0E11F
:104ED0000040A0E3080000EA841084E0010180E0C3
:104EE000041080E2000095E52C0090E5202090E57C
:104EF0000000A0E332FF2FE1014084E2080095E5C5
:104F0000001090E50410D1E5040051E1F1FFFFCA63
:104F100040009FE5044090E50B0000EAB46294E590
:104F2000000094E5050050E10600001A740094E5C5
:104F30000DE8FFEB0400A0E12D0000EBAE1FA0E3A5
:104F40000400A0E1A11D00EB0640A0E1000054E335
:104F5000F1FFFF1A7080BDE8D4FF020038402DE950
:104F60000050A0E1144085E22010A0E30400A0E17D
:104F7000D46FFFEB8000A0E30C00C4E50600A0E3C3
:104F80000E00C4E51200A0E30F00C4E51100D5E552
:104F90008002A0E11000C4E52400A0E31300C4E5F2
:104FA000440085E2021180E36400A0E300008DE587
:104FB0000130A0E32420A0E30500A0E1B00D00EB48
:104FC0003880BDE824209FE5041092E5000051E3FD
:104FD0000200000AB41280E5040082E51EFF2FE102
:104FE0000010A0E3B41280E5040082E51EFF2FE16B
:104FF000D4FF020044209FE5041092E5000051E137
:105000000300001AB40290E5040082E51EFF2FE1C0
:105010000210A0E1B42291E5000052E10100000A73
:10502000000052E3F9FFFF1AB42291E5000052E1BB
:10503000F5FFFF1AB40290E5B40281E51EFF2FE1EF
:10504000D4FF020070402DE90060A0E1085096E511
:10505000000095E50510D0E5080051E30100000AC5
:105060006600E0E37080BDE80610D0E5060051E37D
:105070000500000A050051E30300000A010051E3A6
:105080000100000A6400E0E37080BDE80700D0E59D
:10509000500050E30100000A6400E0E37080BDE8C6
:1050A000AE0FA0E3681C00EB0040A0E10400B0E1FB
:1050B0000300000AB0ECFFEB040084E50000A0E36D
:1050C000100000EA0900E0E37080BDE8801080E095
:1050D000011185E00520D1E5032002E2020052E340
:1050E0000700001A0420D1E5800012E30200000A44
:1050F000041081E2081084E5010000EA041081E256
:105100000C1084E5010080E2001095E50410D1E563
:10511000000051E1ECFFFFCA080094E5000050E3F5
:105120000800000A0C0094E5000050E30500000AA6
:10513000006084E50400A0E120ECFFEB0400A0E1A6
:105140007040BDE8631B00EAAE1FA0E30400A0E1CD
:105150001E1D00EB6700E0E37080BDE8F8402DE91C
:105160000050A0E1144085E22010A0E30400A0E17B
:10517000546FFFEB8000A0E30C00C4E50600A0E341
:105180000E00C4E50300A0E30F00C4E51100D5E55F
:105190008002A0E11000C4E51200A0E31300C4E502
:1051A000440085E2026180E36400A0E300008DE535
:1051B0000130A0E31220A0E30610A0E10500A0E169
:1051C0002F0D00EB0040A0E1000054E3050000AA11
:1051D000470F74E30100001A0500A0E1080000EB8E
:1051E0000400A0E1F880BDE80200D6E5060050E327
:1051F0000100000A0000E0E3F880BDE80400A0E13F
:10520000F880BDE830402DE91CD04DE20040A0E11F
:10521000000094E5005090E50010A0E36420A0E3B6
:1052200018308DE204108DE508108DE50C308DE509
:1052300010208DE50400D0E50130A0E1FF20A0E3BF
:1052400000008DE52110A0E30500A0E1751C00EB36
:105250000C0094E50010D0E50500A0E1191C00EB5E
:10526000080094E50010D0E50500A0E1151C00EB56
:105270001CD08DE23080BDE838402DE90050A0E11F
:10528000144085E22010A0E30400A0E10D6FFFEBC5
:105290008000A0E30C00C4E50600A0E30E00C4E516
:1052A0000000A0E30F00C4E51100D5E58002A0E1F5
:1052B0001000C4E56400A0E300008DE50130A0E328
:1052C0000020A0E3441085E20500A0E1EC0C00EB17
:1052D0000040A0E1000054E3050000AA470F74E37A
:1052E0000100001A0500A0E1C5FFFFEB0400A0E1EA
:1052F0003880BDE80400A0E13880BDE810402DE909
:1053000044009FE50040A0E3084080E5F498FFEBEF
:105310001000A0E3A47FFFEB30009FE530109FE575
:10532000140090E50420A0E30BB1FFEB24009FE5FF
:10533000001090E51010C1E3001080E518009FE513
:105340000040C0E51040BDE83878FFEA1459040079
:10535000C02C0300407E0100CCF802005DFA020080
:1053600030402DE93CD04DE270509FE5B04085E2E1
:105370003210A0E308008DE2D26EFFEB60009FE5E3
:10538000000090E504008DE50B02A0E3101290E50B
:10539000031681E3101280E548109FE5801080E538
:1053A000001081E0841080E5944085E538009FE599
:1053B000040084E5000084E50400A0E157BEFFEB93
:1053C000000050E30300001A3B9EFFEB0610A0E133
:1053D00018008FE2FA1300EB3CD08DE23080BDE87C
:1053E000102D0400E8EE020055555555B8D800B010
:1053F00025780A0070402DE900C0A0E10150A0E12D
:105400000240A0E1000094E5041094E58000A0E1D2
:10541000905122E0030052E10100009A0000E0E315
:105420007080BDE844309FE503005CE10100009A14
:105430000000E0E37080BDE8900102E00C3043E042
:105440000C10A0E10500A0E1309DFFEB000050E34F
:105450000400000A000094E5041094E58000A0E137
:10546000915020E07080BDE80000E0E37080BDE86E
:10547000407E01000C009FE5880090E5020A00E2F2
:10548000A006A0E11EFF2FE1003000B8FC5F2DE96F
:105490000070A0E1000097E50CA097E50050A0E3A4
:1054A0000010A0E300108DE50A10A0E1B9DFFFEBCA
:1054B0000060A0E1C4019FE5000090E5284090E570
:1054C0000B0000EA000094E5060050E10700001A16
:1054D000080094E5041094E50F00C0E30F10C1E349
:1054E000010050E10400000A94019FE5FC9FBDE823
:1054F0000C4094E5000054E3F1FFFF1A000054E370
:105500000080A0E30700001A0100A0E300008DE581
:1055100073BDFFEB0040A0E10400B0E11000000A01
:10552000006084E5088084E508408AE50000A0E387
:10553000740087E5186097E5109097E50000DAE5BC
:10554000800010E30800000A38019FE50204C0E370
:1055500004008DE5010A56E30500009A01BAA0E3B4
:10556000040000EA0900E0E3FC9FBDE818019FE5A4
:10557000F5FFFFEA06B0A0E10700A0E17BBDFFEB6D
:105580000080A0E10800B0E13600000A04109DE5AB
:105590000B30A0E10920A0E10800A0E18E2100EB82
:1055A000244088E5740097E5010080E2740087E5F7
:1055B0000B9089E00B6046E0000055E30100000A13
:1055C0000500A0E1020000EA0850A0E1040000EAA2
:1055D0000100A0E1081090E5000051E3FBFFFF1A75
:1055E000088080E5000056E3D3FFFF1A0000A0E327
:1055F000780087E51800A0E3DE0F00EB0800D4E593
:10560000020000E2050080E1080084E500009DE55D
:10561000000050E30500000A085084E55C009FE5A7
:10562000000090E5281090E50C1084E5284080E506
:105630001800A0E3EC0F00EB40009FE5000090E5B0
:10564000041090E5201081E3041080E50410A0E32D
:10565000081080E50000A0E3FC9FBDE80500A0E184
:10566000085095E56AE8FFEB000055E3FAFFFF1AE2
:105670000400A0E141E8FFEB0900E0E3FC9FBDE886
:10568000C4FF0200D1FEFFFF000015F000000DF086
:10569000F0472DE90050A0E1009095E50500A0E15C
:1056A00032BDFFEB0070A0E1180095E5000050E36B
:1056B0000300000A0500A0E12CBDFFEB0080A0E183
:1056C000000000EA0080A0E30500A0E127BDFFEB99
:1056D0000060A0E10600B0E10300000A284099E55F
:1056E000000054E30900000A0C0000EA0700A0E1F2
:1056F00047E8FFEB180095E5000050E30100000AC1
:105700000800A0E142E8FFEB0900E0E3F087BDE814
:10571000F3BCFFEB0040A0E10400B0E11500000A7B
:10572000F214A0E30830A0E3042085E20700A0E122
:10573000292100EB244087E5183095E5000053E36C
:105740001900000A0400D5E5800010E31400000AE7
:1057500024119FE5102095E50800A0E11E2100EB33
:10576000244088E5088087E52C8087E5086088E587
:105770002C6088E50E0000EA0700A0E124E8FFEBBA
:105780000600A0E122E8FFEB180095E5000050E3D9
:105790000100000A0800A0E11DE8FFEB0900E0E3BA
:1057A000F087BDE8D4109FE5E9FFFFEA086087E5D0
:1057B0002C6087E50010A0E30900A0E1F5DEFFEB17
:1057C000000084E50400D5E5800010E31600000A1F
:1057D000AC109FE50030A0E30320A0E10600A0E1AB
:1057E000FD2000EB244086E50080A0E3088086E5EC
:1057F0002C8086E5048084E5087084E50010A0E331
:105800000900A0E1E3DEFFEB000084E50C8084E505
:10581000180095E50260A0E3000050E30400000AD0
:105820000300A0E3740085E5020000EA54109FE540
:10583000E7FFFFEA746085E5200089E20C0085E55A
:10584000284089E51800A0E34A0F00EB38509FE597
:10585000000095E5204080E5041090E5101081E3FC
:10586000041080E51800A0E35F0F00EB000095E551
:10587000086080E50000A0E3F087BDE8008014F335
:1058800000800CF3000008F3000010F3C4FF0200D6
:105890000020A0E144009FE5000090E50B0000EA35
:1058A000141090E5000051E30700001A1810D0E52D
:1058B000020051E10400001A1B10D0E5000051E382
:1058C0000500000A010051E30300000A340090E5DE
:1058D000000050E3F1FFFF1A0000A0E31EFF2FE1DC
:1058E00074FF020070402DE994009FE594509FE5FD
:1058F000020180E3000085E5390100EB000050E380
:10590000010000AA0000E0E37080BDE80040A0E3D1
:10591000044085E5F3F9FFEB6C009FE5001090E58E
:10592000204081E5284081E5000095E5180081E5EB
:1059300058009FE5400081E554009FE5340081E573
:1059400050009FE5440081E58300A0E3040081E569
:1059500044009FE5480090E5010CC0E3020C80E3A1
:10596000480081E50108A0E3500081E51A01A0E3A9
:10597000100081E524009FE5E9D8FFEB0000A0E3DB
:105980007080BDE8008E09007CFF0200C4FF0200A9
:105990002F2A0000DF2E782728060000007000B0B4
:1059A000204E0000F05F2DE90060A0E1004096E588
:1059B0000C7096E500A0A0E3180096E5400050E3C7
:1059C0000100009A6800E0E3F09FBDE80600A0E156
:1059D00066BCFFEB0080A0E10800B0E10800000A0F
:1059E0000200D7E597E9FFEB0090A0E10710A0E1E6
:1059F0000400A0E167DEFFEB0050A0E10940A0E158
:105A0000050000EA0900E0E3F09FBDE8000094E52E
:105A1000050050E10200000A0C4094E5000054E348
:105A2000F9FFFF1A000054E300B0A0E32500000ACC
:105A3000040094E50F50C0E3084087E50000D7E577
:105A4000800010E33800000AE4009FE5001095E5AF
:105A50000204C0E3021401E2001081E1102096E587
:105A6000183096E50500A0E15B2000EB244085E5B9
:105A7000088085E5286085E50100A0E3740086E5DF
:105A800078B086E51800A0E3BA0E00EB048084E548
:105A900000005AE30200000A0C0099E50C0084E5BE
:105AA0000C4089E51800A0E3CF0E00EB84009FE5D1
:105AB000000090E5041090E5041081E3041080E5F7
:105AC0000000A0E3F09FBDE801A0A0E304BCFFEB51
:105AD0000040A0E10400B0E10B00000A005084E5A2
:105AE00008B084E50200D7E51000C4E50000A0E39B
:105AF0001EBCFFEB0050A0E10500B0E10400000A6D
:105B0000085084E5045084E5CAFFFFEA0900E0E399
:105B1000F09FBDE80400A0E118E7FFEB0800A0E15A
:105B20003BE7FFEB0900E0E3F09FBDE808009FE5DD
:105B3000C5FFFFEA000016F0C4FF020000000EF0EF
:105B4000F84F2DE90070A0E1006097E50C5097E553
:105B50000000A0E300008DE50200D5E539E9FFEB88
:105B600000A0A0E10510A0E10600A0E109DEFFEB26
:105B70000060A0E10A40A0E1030000EA000094E513
:105B8000060050E10200000A0C4094E5000054E3D6
:105B9000F9FFFF1A000054E30080A0E34100000A6F
:105BA000084085E52000D7E5000050E30400000A26
:105BB000B0019FE5000090E5B008D0E1040080E26C
:105BC000B201C4E10000A0E3740087E5B201D4E1B2
:105BD000B202C7E100B0A0E30060A0E30080A0E350
:105BE00084019FE5089187E0540089E50700A0E162
:105BF000DEBBFFEB0050A0E10500B0E15300000A5E
:105C0000349099E5B201D4E10F0280E3030880E308
:105C1000000085E51000D4E58AE9FFEBB211D4E17C
:105C2000010080E0B201C4E12906A0E10006A0E184
:105C3000040085E5880087E0B402D0E1090080E037
:105C4000010040E20C0085E5090AA0E1200AA0E17C
:105C50000E0A80E3100085E5244085E5740097E591
:105C6000010080E2740087E5000056E31A00000A94
:105C700008508BE505B0A0E1018088E2080058E3F8
:105C8000D6FFFFBA0000A0E3780087E51800A0E384
:105C9000380E00EB080094E50310D0E31000000A72
:105CA0000300C0E3130000EA0100A0E300008DE55B
:105CB0008BBBFFEB0040A0E10400B0E10400000A50
:105CC000006084E5088084E50200D5E51000C4E5A5
:105CD000B3FFFFEA0900E0E3F88FBDE80560A0E14B
:105CE000E3FFFFEA020000E2060080E1080084E52D
:105CF000040000EA0100A0E1081090E5000051E373
:105D0000FBFFFF1A086080E500009DE5000050E3FE
:105D10000200000A0C009AE50C0084E50C408AE5BC
:105D20001800A0E3300E00EB40009FE5000090E576
:105D3000041090E50C1081E3041080E50000A0E35E
:105D4000F88FBDE80600A0E1086096E5B0E6FFEB3D
:105D5000000056E3FAFFFF1A0400A0E187E6FFEB1C
:105D60000900E0E3F88FBDE87CFF0200D9FEFFFFE9
:105D7000C4FF020070402DE90040A0E10150A0E105
:105D8000000054E30060A0E30800000A0C0094E562
:105D9000000050E30E00000A080090E5000050E308
:105DA0000D00000AC0BAFFEB0C0094E5086080E526
:105DB000000055E30400000A080095E5000050E3E8
:105DC0000100000AB8BAFFEB086085E50000A0E317
:105DD0007080BDE86900E0E37080BDE86900E0E341
:105DE0007080BDE870402DE97C009FE50211A0E3C2
:105DF000000090E5141080E50050A0E3045080E519
:105E00000110A0E3081080E560609FE50600A0E1B6
:105E1000C3D7FFEB58409FE5080094E5010010E36D
:105E20000300000A4C008FE2651100EB0000E0E384
:105E30007080BDE80310A0E3501084E5045084E5B1
:105E40000600A0E1B6D7FFEB080094E5010010E3DF
:105E50000300000A40008FE2591100EB0000E0E36C
:105E60007080BDE80000A0E37080BDE8C4FF0200C0
:105E700010270000007000B04572726F7221202D53
:105E800020555342204F4843492072657365742062
:105E900074696D6564206F7574210A004572726FB4
:105EA0007221202D2055534220484320726573658E
:105EB000742074696D6564206F7574210A00000098
:105EC0004C109FE5040091E5C000C0E3402080E352
:105ED00040009FE5000090E5042080E5041091E576
:105EE000C010C1E3801081E3041080E5541090E5F8
:105EF000040011E30810A0E30000000A541080E53C
:105F0000582090E5040012E30000000A581080E5D4
:105F10001EFF2FE1007000B0C4FF0200F0472DE922
:105F20000090A0E30040A0E318619FE51E88A0E375
:105F30000070A0E3000096E5040180E0548080E555
:105F4000541090E5010811E33900000A0118A0E39C
:105F5000541080E5540090E5010010E30800001A99
:105F60002A0000EAE0008FE2151100EB0400A0E136
:105F70004A0000EB000050E32D00001A050000EA83
:105F800048DAFFEB010084E240FEFFEB000050E343
:105F9000FAFFFF1AF2FFFFEA9DBAFFEB0050A0E103
:105FA000000055E32200000A147085E5010084E238
:105FB0001800C5E5000096E5040180E0540090E576
:105FC000020C10E30100000A1B70C5E5010000EAA5
:105FD0000100A0E31B00C5E584009FE52C0085E5DA
:105FE0000500A0E1FDC0FFEB0010A0E1000051E3BF
:105FF000040000AA6C008FE2F11000EB0500A0E1A4
:10600000AEE5FFEB0A0000EA0190A0E3080000EA19
:106010006C008FE2EA1000EB010084E21BFEFFEB54
:10602000000050E30100000A1EDAFFEBF9FFFFEA6F
:106030000190A0E3014084E2010054E3BCFFFFBAF9
:106040000900A0E1F087BDE8C4FF02004F484349C2
:1060500020636F6E6E656374206465766963652E78
:106060000A00000084FF0200636F6E6E6563745F58
:10607000646576696365206572726F7221205B25A5
:10608000645D0A004F48434920646973636F6E6E14
:10609000656374206465766963652E0A00000000FC
:1060A000F05F2DE90040A0E13250A0E30060A0E3E2
:1060B000AC809FE510A0A0E30390A0E3000098E56A
:1060C000040180E054A080E5ABE8FFEB00B0A0E164
:1060D0000500A0E10A10A0E3CC6BFFEB017080E2A9
:1060E000070000EA000098E5040180E0541090E504
:1060F000010011E30F00000A541090E50110D9E1EE
:106100000C00000A0B00A0E19DE8FFEB070050E146
:10611000F3FFFF3AFA5085E2016086E2030056E39E
:10612000E5FFFFBA011084E238008FE2A41000EB13
:10613000FE00E0E3F09FBDE8001098E5041181E067
:10614000541091E5010011E30100000A0000A0E3F2
:10615000F09FBDE80118A0E3541080E528009FE5FA
:10616000F09FBDE8C4FF02004F48434920706F72A2
:1061700074202564202D20706F7274207265736501
:1061800074206661696C6564210A0000FDFEFFFFF2
:1061900010402DE9070000EB1800A0E3F50C00EB20
:1061A0000C109FE50100A0E3001091E5500081E58F
:1061B0001080BDE8C4FF020050009FE5000090E59C
:1061C000541090E5010011E30410A0E30000000A60
:1061D000541080E5582090E5010012E30000000A09
:1061E000581080E5501090E5021981E3501080E5C9
:1061F000101090E5481081E3101080E510109FE525
:10620000041091E5C01081E3041080E51EFF2FE12A
:10621000C4FF0200007000B070402DE9C4009FE58B
:106220000C10A0E3176BFFEBB8409FE50120A0E343
:106230000020C4E58000A0E3B800C4E10000A0E3B2
:106240000600C4E50100C4E50200C4E5A500A0E322
:106250000A00C4E598509FE58C108FE2000095E598
:10626000030C80E27B0080E22169FFFA000095E5E3
:10627000B820D4E1030C80E26C108FE2720080E25F
:106280001B69FFFA0600D4E55C108FE2012000E2F2
:10629000000095E5030C80E29F0080E21469FFFA9C
:1062A000000095E50120D4E5030C80E238108FE270
:1062B000960080E20E69FFFA000095E50220D4E521
:1062C000050C80E220108FE2A90080E20869FFFA45
:1062D000000095E50A20D4E57040BDE808108FE283
:1062E000EA0F80E20069FFEA382C030025303858B5
:1062F00000000000DCF8020010402DE9690700EB07
:1063000014009FE50A00D0E5A50050E30100000A53
:106310001040BDE8BFFFFFEA1080BDE8382C030045
:10632000F0472DE90080A0E10170A0E11A0087E2AA
:10633000D5F7FFEB000050E30100000A0000A0E3E6
:10634000F087BDE80000D7E54000C0E3010040E26F
:10635000001180E0804181E00160A0E30050A0E3F3
:1063600090909FE506A866E00500D9E7070080E069
:10637000C5F7FFEB000056E30900000A010C54E3E7
:106380000100003A0000A0E3F087BDE80410A0E19E
:10639000811088E00060A0E1014084E2B000C1E12A
:1063A000030000EA0A0050E10100000A0000A0E337
:1063B000F087BDE8015085E20D0055E3E9FFFF3AA3
:1063C0000000D7E5400010E30800000A000056E393
:1063D0000600000A010C54E30100003A0000A0E3AB
:1063E000F087BDE80000A0E3841088E0B000C1E1C0
:1063F0000100A0E3F087BDE888EF020010402DE91E
:1064000034009FE50020A0E30F16A0E30AA5FFEBF0
:106410000130A0E30020A0E32010A0E3070DA0E3DB
:10642000F889FFEB2010A0E3070DA0E3158AFFEB2E
:10643000010050E3FAFFFF0A1080BDE8A80000B099
:1064400010402DE934009FE50020A0E30F16A0E3E3
:10645000F9A4FFEB0130A0E30020A0E32010A0E3AB
:10646000070DA0E3E789FFEB2010A0E3070DA0E3F1
:10647000048AFFEB000050E3FAFFFF0A1080BDE83A
:10648000A80000B010402DE91C009FE50120A0E30A
:106490000210A0E3E8A4FFEB1040BDE80120A0E358
:1064A0001F10A0E30F0CA0E31DB5FFEA180200B017
:1064B0002010A0E3070DA0E35889FFEA10402DE962
:1064C0000220A0E32010A0E3070DA0E37589FFEBF5
:1064D0001040BDE808109FE50020A0E3070DA0E3F1
:1064E0005C89FFEA7488000070402DE98C509FE5BC
:1064F0000200D5E5000050E31F00001AABE7FFEBF8
:10650000BC10D5E1010080E00148C0E3BC40C5E11A
:106510000000D5E5010080E2FF1000E20010C5E5B3
:10652000030051E31400003A54609FE50000D6E5F3
:10653000010050E31000001A0100A0E30200C5E5CD
:106540000400A0E1CD6FFFEBFF1000E20110C5E5F4
:106550000910C5E5010044E0BC00C5E1010700EBFE
:106560000000D6E5010080E20000C6E55695FFEB8D
:106570000000D6E5010080E20000C6E57080BDE8BD
:1065800058FA02008CF8020070402DE92010A0E3B8
:10659000020CA0E3C589FFEB4010A0E3020CA0E3CE
:1065A000C289FFEB011CA0E3020CA0E3BF89FFEB53
:1065B0008010A0E3020CA0E3BC89FFEB4C429FE5F6
:1065C0000020A0E30F1CA0E30400A0E19AA4FFEBCD
:1065D0000130A0E30320A0E10410A0E3060DA0E336
:1065E0008889FFEB0410A0E3060DA0E3E788FFEB2A
:1065F0001010A0E34000A0E3AC89FFEB011AA0E378
:10660000050DA0E3E188FFEB9DDAFFEB00129FE5AB
:106610000020A0E3170E84E287A4FFEBF4119FE5AE
:106620000020A0E35E0F84E283A4FFEB5F5F84E2BF
:106630000020A0E30914A0E30500A0E17EA4FFEB85
:106640000020A0E31010A0E30500A0E17AA4FFEB76
:106650008010A0E3020CA0E3CC88FFEB0119A0E3BB
:10666000020CA0E3C988FFEB021AA0E3020CA0E32E
:106670008E89FFEB021BA0E3020CA0E3C388FFEBB3
:10668000285044E20020A0E30F1AA0E30500A0E197
:1066900069A4FFEB0130A0E30320A0E10810A0E310
:1066A0004000A0E35789FFEB0810A0E34000A0E3FF
:1066B000B688FFEB0010E0E30020A0E3010185E0D5
:1066C0005DA4FFEB0010E0E30020A0E3210EC5E194
:1066D00059A4FFEB0020A0E3FF10A0E30500A0E118
:1066E00055A4FFEB0F1AA0E30020A0E3410585E1CC
:1066F00051A4FFEB0020A0E30010E0E3140044E20B
:106700004DA4FFEB0020A0E3FF10A0E30C0044E247
:1067100049A4FFEB0F12A0E30020A0E3410C84E0AA
:1067200045A4FFEB0020A0E3FF10A0E3040084E2F7
:1067300041A4FFEBE0109FE50020A0E30400A0E1EE
:106740003DA4FFEB8010A0E3010CA0E3B388FFEBB6
:10675000010CA0E39B88FFEB0130A0E3034863E05A
:106760000320A0E10410A0E10000A0E32589FFEBD5
:106770000130A0E30320A0E1FF1CA0E3C000A0E3E0
:106780002089FFEB94509FE50130A0E30320A0E1B6
:106790000510A0E14000A0E31A89FFEB0130A0E35F
:1067A0000320A0E10E1DA0E3010CA0E31589FFEB7F
:1067B0000130A0E30320A0E1F11FA0E3060DA0E358
:1067C0001089FFEB0410A0E10000A0E36F88FFEB4D
:1067D0000510A0E14000A0E36C88FFEBFF1CA0E3E4
:1067E000C000A0E36988FFEB0E1DA0E3010CA0E34D
:1067F0006688FFEBF11FA0E3060DA0E36388FFEBC3
:106800007040BDE81010A0E34000A0E32789FFEA34
:10681000A00000B00000041280000300000F00FF81
:106820000308000070402DE950409FE50000D4E5CA
:106830004C509FE5010050E30200001A0000D5E52E
:10684000000050E30700000A2010A0E3070DA0E3BA
:106850000C89FFEB000050E30700001A0000D5E5AB
:10686000000050E30400001A0000A0E30000C4E5AB
:10687000070DA0E35388FFEB6591FFEB7080BDE847
:1068800000F90200B6F80200F0412DE90080A0E115
:106890006C509FE50000A0E30000C5E50040A0E3C8
:1068A00060709FE560609FE50010D5E5FF0C84E215
:1068B000811087E0B000C1E10120A0E30800A0E161
:1068C000BA7BFFEB010050E30200001A0000D5E59F
:1068D000010080E20000C5E5000096E50203C0E388
:1068E000000086E5010084E2FF4000E20A0054E374
:1068F000ECFFFF3A0010D5E5F041BDE80C008FE257
:10690000AF0E00EA60F8020070550400CCF80200F7
:1069100066696C655F6E616D655F6E756D3D2025A6
:1069200064000000F0412DE96C619FE5080096E5E8
:10693000010080E2080086E5044086E20210D4E50A
:1069400058719FE50380A0E3060051E30050A0E3E7
:1069500001F18F30F081BDE8F081BDE8030000EA6D
:10696000300000EA0D0000EA250000EA450000EAD8
:106970000000D6E5000050E30400000AFF00A0E399
:106980009873FFEB0280C4E5085086E5F081BDE80E
:10699000FF00A0E39373FFEB0250C4E5F081BDE874
:1069A000010050E30400001A0110D6E5F0009FE555
:1069B000810080E0B000D0E11D80FFEB080096E58B
:1069C000FA0F50E30500009A0800D7E58573FFEB46
:1069D000085086E50400A0E30200C4E5F081BDE8AC
:1069E000B810D7E1FF1061E2910000E0FA1FA0E3C8
:1069F000A26EFFEBF041BDE8FF0060E2FF0000E2A5
:106A0000B39AFFEAB010D4E1812081E0811362E003
:106A1000810150E1CEFFFF9A085086E50200A0E315
:106A20000200C4E5F081BDE8FA0F50E30C00009AC3
:106A3000FF00A0E36B73FFEB0100D6E5010080E2ED
:106A4000FF0000E20100C6E50010D6E5010050E1BC
:106A50000000003A0150C6E50280C4E5085086E512
:106A6000F081BDE8B840D7E1FF1064E2910000E09A
:106A7000FA1FA0E3816EFFEB040080E0F041BDE867
:106A8000FF0000E2929AFFEA7BAEFFEB0250C4E502
:106A90000800D7E5F041BDE85273FFEA60F8020054
:106AA000382C03007055040070402DE90150A0E11E
:106AB0000240A0E30010A0E12C008FE2400E00EBAA
:106AC0000060D5E5030000EA0410D5E71C008FE262
:106AD0003B0E00EB024084E2060054E1F9FFFFBAEE
:106AE0007040BDE808008FE2350E00EA2573000013
:106AF000256300000A00000068009FE50710D0E54C
:106B0000000051E31600001AB611D0E1000051E375
:106B10001300000AB611D0E1011041E2B611C0E144
:106B2000B611D0E1000051E30D00001A38109FE5C6
:106B3000B010D1E1000051E30700001A2C109FE5CE
:106B4000B210D1E1000051E30300001A20109FE5CC
:106B5000B410D1E1000051E30100000A0110A0E3EC
:106B60000910C0E51EFF2FE160F70200800B030053
:106B7000801103008017030010402DE904319FE5C8
:106B80000120A0E30218A0E30300A0E12AA3FFEB89
:106B90006D4F83E20020A0E30218A0E30400A0E10F
:106BA00025A3FFEB0020A0E30218A0E30300A0E16F
:106BB00021A3FFEB0120A0E30218A0E30400A0E161
:106BC0001DA3FFEB2C3083E20020A0E3FF1CA0E319
:106BD0000300A0E118A3FFEB0120A0E3991CA0E3B0
:106BE0000300A0E114A3FFEB9C009FE59C409FE500
:106BF000000084E5960CA0E3040084E50100A0E316
:106C00000800C4E50300A0E30900C4E50000A0E318
:106C10000A00C4E51810A0E30B10C4E50C00C4E59D
:106C2000000084E24F1400EB000050E30100000A72
:106C30005C008FE2E20D00EB0800D4E50030A0E339
:106C40000120A0E30210A0E3D91200EB000050E302
:106C50000100000A54008FE2D90D00EB0030A0E3E0
:106C60000800D4E50320A0E10110A0E3D01200EB5E
:106C7000000050E30200000A1040BDE858008FE217
:106C8000CF0D00EA1080BDE8640000B0001BB70023
:106C9000002D0400EFBFBDEFBFBDEFBFBDDAB4EF05
:106CA000BFBDCAA7EFBFBDEFBFBD210A00000000F6
:106CB000EFBFBDEFBFBDEFBFBDC3BDEFBFBDEFBFFA
:106CC000BDEFBFBDEFBFBDD0B6EFBFBDC4A3CABD52
:106CD000CAA7EFBFBDEFBFBD210A0000EFBFBDEFE8
:106CE000BFBDEFBFBDC3B7EFBFBDEFBFBDEFBFBD02
:106CF000EFBFBDD0B6EFBFBDC4A3CABDCAA7EFBF2B
:106D0000BDEFBFBD210A0000F0472DE90040A0E122
:106D10000150A0E10270A0E10260A0E3020055E38F
:106D20005F00003A1C0094E5050050E15C00009A09
:106D30000000D4E501A0A0E3010050E30600000A32
:106D4000020050E33100000A030050E33E00000A55
:106D5000040050E35200001A3B0000EAA58085E0E1
:106D6000280094E5A81480E00400A0E10DF8FFEBF2
:106D70000060A0E10600B0E14900001A880BA0E124
:106D8000A00BA0E1040080E0019088E23C0080E2DA
:106D9000010015E30300000A0010D0E50F1001E226
:106DA000071281E1000000EA0710A0E10010C0E531
:106DB00003A0C4E5280094E5A91480E00400A0E144
:106DC000F8F7FFEB0060A0E10600B0E13400001A24
:106DD000890BA0E1A00BA0E1040080E03C0080E270
:106DE000010015E30200000A071AA0E1211CA0E13E
:106DF000030000EA0010D0E5072AA0E1F01001E24C
:106E0000221E81E10010C0E503A0C4E5240000EAD1
:106E1000280094E5251480E00400A0E1E1F7FFEBF1
:106E20000060A0E10600B0E11D00001AFF0005E2CD
:106E30000718A0E1800084E02118A0E13C0080E276
:106E4000060900EB03A0C4E5150000EA280094E55C
:106E5000A51380E00400A0E1D2F7FFEB0060A0E101
:106E60000600B0E10E00001A0010D4E57F0FA0E389
:106E7000050100E0040051E3045080E00400000A32
:106E80003C0085E2DAF4FFEB0F0200E20F12C7E3E9
:106E9000017080E13C0085E20710A0E1C80800EB2A
:106EA00003A0C4E50600A0E1F087BDE8F05F2DE98E
:106EB0000090A0E10160A0E10280A0E10D30C6E5F4
:106EC0000F00A0E30B00C6E50000A0E30C00C6E540
:106ED0000010A0E31A0086E2E00800EB010048E29F
:106EE000001180E0805181E00040A0E30470A0E147
:106EF00064B09FE564A09FE50A0054E10300000A26
:106F00000500A0E1800089E0B040D0E1015085E2B9
:106F10000700DBE70410A0E1060080E0CF0800EBEB
:106F2000000054E30000001A0A40A0E1017087E26B
:106F30000D0057E3EFFFFF3A0A0054E10300000A97
:106F4000850089E0B000D0E1000050E30000001AA5
:106F5000408088E30080C6E5F09FBDE888EF02002E
:106F6000FFFF000070402DE90140A0E10250A0E1C8
:106F700054109FE520E0FFEB010C50E30900003ABC
:106F8000020055E30100002A0000A0E37080BDE884
:106F90002014A0E10010C4E5011084E20000C1E566
:106FA0000200A0E37080BDE8000050E30400000A86
:106FB000000055E30200000A0000C4E50100A0E360
:106FC0007080BDE80000A0E37080BDE8B50100005E
:106FD000040050E30100003A1C009FE51EFF2FE172
:106FE00018209FE5401092E50130A0E31300C1E1B5
:106FF000400082E50000A0E31EFF2FE10113FFFF28
:10700000007000B8040050E30100003A14009FE54E
:107010001EFF2FE110109FE5800080E0000181E05D
:10702000140090E51EFF2FE10113FFFF007000B870
:1070300030402DE930309FE540C093E50000A0E3EB
:1070400028409FE50120A0E31210A0E10C0011E10F
:107050000100000A0020C4E7401083E5010080E23F
:10706000040050E3F7FFFFBA3080BDE8007000B8BD
:1070700049FF020010402DE90B12A0E31C0291E52C
:10708000020380E31C0281E518209FE53C10A0E389
:107090000100A0E3A70B00EB7F00A0E3E20B00EBF5
:1070A0000000A0E31080BDE830700200040050E34F
:1070B0000100003AB0019FE51EFF2FE1AC319FE5D2
:1070C000000050E30B22A0E30B00000A010050E394
:1070D0002700000A020050E33C00000A0A0051E3C6
:1070E0005100000A0B0051E35400000A0C0051E368
:1070F0005700000A0300A0E11EFF2FE1000051E34A
:107100000700000A010051E30A00000A020051E3EF
:107110000D00000A030051E31000000A0300A0E183
:107120001EFF2FE1740092E50F08C0E30D0880E315
:10713000740082E54A0000EA780092E50F0CC0E393
:107140000D0C80E3780082E5450000EA840092E5BA
:107150000F04C0E30D0480E3840082E5400000EAF0
:107160008C0092E50F08C0E30D0880E38C0082E5F7
:107170003B0000EA040051E30500000A050051E36A
:107180000800000A060051E30B00000A0300A0E11A
:107190001EFF2FE1740092E50F06C0E30D0680E3A9
:1071A000740082E52E0000EA780092E50F0AC0E341
:1071B0000D0A80E3780082E5290000EA8C0092E560
:1071C0000F06C0E30D0680E38C0082E5240000EA90
:1071D000070051E30500000A080051E30800000A17
:1071E000090051E30B00000A0300A0E11EFF2FE19C
:1071F000740092E50F04C0E30D0480E3740082E59F
:10720000170000EA8C0092E50F04C0E30D0480E350
:107210008C0082E5120000EAA80092E50F0CC0E3A2
:107220000D0C80E3A80082E50D0000EA740092E5F1
:107230000F02C0E30D0280E3740082E5080000EA5B
:107240008C0092E50F02C0E30D0280E38C0082E522
:10725000030000EAA80092E50F0AC0E30D0A80E3EC
:10726000A80082E50000A0E31EFF2FE10113FFFF4D
:107270001013FFFF38402DE90040A0E1040054E363
:107280000100003AF0009FE53880BDE80310A0E35C
:107290000400A0E1D90000EB000050E3F9FFFF1A61
:1072A000D8009FE5001090E500108DE5000054E344
:1072B0000600000A010054E30A00000A020054E339
:1072C0000E00000A030054E31700001A110000EA40
:1072D000FF0011E31400001AFF10A0E30400A0E176
:1072E000A30000EB100000EAFF0011E30E00001AFB
:1072F000FF10A0E30400A0E19D0000EB0A0000EAFB
:10730000FF0C11E30800001AFF10A0E30400A0E145
:10731000970000EB040000EAFF0C11E30200001AE2
:10732000FF10A0E30400A0E1910000EB0110A0E336
:107330000400A0E16C0100EB000050E3D1FFFF1A54
:107340003C109FE50100A0E30400C1E734109FE575
:107350000400A0E15E0000EB000050E3C9FFFF1A4B
:1073600024109FE50400A0E16D0000EB000050E355
:10737000C4FFFF1A0000A0E33880BDE80113FFFF3F
:10738000007000B845FF0200121300004B4C0000D3
:107390000120A0E10310A0E1040050E30100003A45
:1073A00088009FE51EFF2FE184309FE50030D3E782
:1073B000000053E30C00000A0A0052E302F18F3090
:1073C000180000EA0A0000EA0A0000EA0B0000EADE
:1073D0000B0000EA0B0000EA0B0000EA0B0000EAD9
:1073E0000B0000EA0C0000EA0D0000EA44009FE5F3
:1073F0001EFF2FE1B90100EA0210A0E3CC0100EA70
:107400007E0000EA5A0000EADF0000EA010100EA1B
:10741000350100EA0110A0E3AA0000EA0010A0E391
:10742000A80000EA20FFFFEA0C009FE51EFF2FE105
:107430000113FFFF3DFF02000E13FFFF0313FFFFC9
:10744000F0412DE90040A0E1040054E30100003ABE
:107450006C009FE5F081BDE868509FE50400D5E72A
:10746000010050E30500000A016045E20000D6E596
:107470000170A0E3000050E30200000A040000EAEB
:1074800044009FE5F081BDE83C00A0E3560800EB16
:107490000070C6E50470C5E70400A0E174FFFFEBCF
:1074A0000110A0E30400A0E1470100EB0400A0E10B
:1074B000C6FEFFEB14109FE50000A0E30400C1E747
:1074C000F081BDE80113FFFF3DFF02000F13FFFF36
:1074D00041FF020008402DE9040050E30100003A9A
:1074E00030009FE50880BDE8010851E30100003A43
:1074F00024009FE50880BDE8B010CDE11C209FE589
:1075000000109DE5800080E0000182E0101080E521
:107510000000A0E30880BDE80113FFFF0D13FFFF8B
:10752000007000B808402DE9040050E30100003A63
:1075300030009FE50880BDE8010851E30100003AF2
:1075400024009FE50880BDE8B010CDE11C209FE538
:1075500000109DE5800080E0000182E00C1080E5D5
:107560000000A0E30880BDE80113FFFF0C13FFFF3C
:10757000007000B808402DE9040050E30100003A13
:107580006C009FE50880BDE8010C51E30100003A62
:1075900060009FE50880BDE85C209FE5003092E533
:1075A00000308DE5000050E30600000A010050E3C2
:1075B0000600000A020050E30600000A030050E340
:1075C0000700001A050000EA0010CDE5040000EAFB
:1075D0000010CDE5020000EA0110CDE5000000EA50
:1075E0000110CDE500009DE5000082E50000A0E36C
:1075F0000880BDE80113FFFF0513FFFF007000B80E
:1076000008402DE9040050E30100003AA8009FE57E
:107610000880BDE8050051E30100003A9C009FE5A9
:107620000880BDE898309FE5042093E500208DE5B3
:10763000000050E30600000A010050E30900000AC0
:10764000020050E30D00000A030050E31600001A88
:10765000100000EA0700C2E3071001E2010080E128
:1076600000008DE5100000EA7000C2E37020A0E386
:10767000011202E0010080E100008DE50A0000EA4D
:10768000070CC2E3072CA0E3011402E0010080E133
:1076900000008DE5040000EA070AC2E3072AA0E320
:1076A000011602E0010080E100008DE500009DE58B
:1076B000040083E50000A0E30880BDE80113FFFF9C
:1076C0000713FFFF007000B808402DE9040050E3E5
:1076D0000100003AA4009FE50880BDE8010051E3E5
:1076E0000300000A000051E30100000A90009FE53A
:1076F0000880BDE88CC09FE508209CE500208DE552
:107700001030A0E3000050E3013203E00800000A5B
:10771000010050E30A00000A2030A0E3020050E319
:10772000811203E00A00000A030050E30F00001A70
:107730000B0000EA1000C2E3030080E100008DE5C9
:107740000A0000EA1000C2E3030080E100008DE5BA
:10775000060000EA2000C2E3010080E100008DE5A0
:10776000020000EA2000C2E3010080E100008DE594
:1077700000009DE508008CE50000A0E30880BDE85E
:107780000113FFFF0813FFFF007000B808402DE948
:10779000040050E30100003A6C009FE50880BDE85A
:1077A000010C51E30100003A60009FE50880BDE84C
:1077B0005C209FE5003092E500308DE5000050E34D
:1077C0000600000A010050E30600000A020050E330
:1077D0000600000A030050E30700001A050000EA53
:1077E0000210CDE5040000EA0210CDE5020000EA37
:1077F0000310CDE5000000EA0310CDE500009DE593
:10780000000082E50000A0E30880BDE80113FFFF4F
:107810000613FFFF007000B808402DE9040050E394
:107820000100003AB4009FE50880BDE8010051E383
:107830000300000A000051E30100000AA0009FE5D8
:107840000880BDE89C309FE5082093E500208DE589
:10785000000050E30600000A010050E30A00000A9D
:10786000020050E30E00000A030050E31700001A64
:10787000110000EA0400C2E30420A0E3011102E0C9
:10788000010080E100008DE5100000EA010BC2E379
:10789000012BA0E3011502E0010080E100008DE56D
:1078A0000A0000EA0109C2E30129A0E3011702E08E
:1078B000010080E100008DE5040000EA0107C2E359
:1078C0000127A0E3011902E0010080E100008DE53D
:1078D00000009DE5080083E50000A0E30880BDE806
:1078E0000113FFFF0A13FFFF007000B808402DE9E5
:1078F000040050E30100003ABC009FE50880BDE8A9
:10790000010051E30300000A000051E30100000AF6
:10791000A8009FE50880BDE8A4309FE5082093E516
:1079200000208DE5000050E30600000A010050E34E
:107930000A00000A020050E30E00000A030050E3B0
:107940001700001A110000EA08C0A0E30820C2E3F3
:1079500081C10CE00C2082E100208DE5100000EADE
:1079600002CBA0E3022BC2E381C50CE00C2082E134
:1079700000208DE50A0000EA02C9A0E30229C2E363
:1079800081C70CE00C2082E100208DE5040000EAB4
:1079900002C7A0E30227C2E381C90CE00C2082E108
:1079A00000208DE500209DE5082083E514209FE55B
:1079B0000010C2E70000A0E30880BDE80113FFFF4C
:1079C0000B13FFFF007000B845FF0200040050E3F6
:1079D0000100003A2C009FE51EFF2FE128309FE5B3
:1079E0003C2093E5010051E30300000A0000A0E3FE
:1079F0003C0083E50000A0E31EFF2FE10110A0E39F
:107A0000110082E1F9FFFFEA0113FFFF007000B8E7
:107A100008402DE9040050E30100003AB0009FE562
:107A20000880BDE8010051E30300000A000051E3B3
:107A30000100000A9C009FE50880BDE898309FE5A2
:107A4000082093E500208DE5000050E30600000AC1
:107A5000010050E30900000A020050E30D00000A93
:107A6000030050E31600001A100000EA0100C2E310
:107A7000011001E2010080E100008DE5100000EA44
:107A8000010CC2E3012CA0E3011402E0010080E13B
:107A900000008DE50A0000EA010AC2E3012AA0E322
:107AA000011602E0010080E100008DE5040000EA1B
:107AB0000108C2E30128A0E3011802E0010080E10F
:107AC00000008DE500009DE5080083E50000A0E3CF
:107AD0000880BDE80113FFFF0913FFFF007000B825
:107AE00010402DE90040A0E1040054E30100003AF9
:107AF00030009FE51080BDE80110A0E30400A0E184
:107B0000C2FFFFEB20009FE50400D0E7010050E337
:107B10000200001A14109FE50100A0E30400C1E771
:107B20000000A0E31080BDE80113FFFF45FF020045
:107B300041FF0200F8402DE90040A0E1040054E3B9
:107B40000100003AD8009FE5F880BDE8D4009FE529
:107B50000400D0E7000050E31500000AC8009FE5CC
:107B60000400D0E7000050E31300000ABC709FE55A
:107B70000400D7E7000050E31100000A0060A0E312
:107B8000B060CDE1A8309FE500009DE5842084E051
:107B9000022183E00C0082E5010051E3085087E2F6
:107BA0000F00000A020051E31900000A84009FE55B
:107BB000F880BDE80000A0E3F880BDE80000A0E385
:107BC000F880BDE80000A0E3F880BDE80010A0E365
:107BD0000400A0E18DFFFFEB0460C5E70460C7E788
:107BE000090000EA0400A0E105FDFFEB000050E3FE
:107BF000FBFFFF1AF4FFFFEA0010A0E30400A0E17E
:107C000082FFFFEB0460C5E70460C7E70000A0E364
:107C1000F880BDE80400D5E7010050E3FCFFFF1A3F
:107C2000F4FFFFEA0113FFFF3DFF020045FF0200E2
:107C300041FF0200007000B80413FFFF38402DE937
:107C40000050A0E1040055E30100003A64009FE504
:107C50003880BDE860009FE50500D0E7000050E3F4
:107C60000300000A040052E30300000A4C009FE5F1
:107C70003880BDE848009FE53880BDE8004091E5C8
:107C800000408DE50418A0E12118A0E10500A0E165
:107C900023FEFFEB000050E3ECFFFF1A2418A0E1E5
:107CA0000500A0E10AFEFFEB000050E3E7FFFF1A2A
:107CB0000000A0E33880BDE80113FFFF3DFF020094
:107CC0000213FFFF0E13FFFFF05F2DE93A0E8FE264
:107CD000BB0900EB0040A0E3B0A39FE5B0839FE5A4
:107CE0001F0054E31800008A0050A0E300009AE54A
:107CF000846184E0060080E03020A0E30910A0E366
:107D00005C64FFEB0000A0E3101098E5842181E0A3
:107D10000010D2E7FF0051E30100000A013085E2C4
:107D2000FF5003E200309AE5063083E00010C3E71D
:107D3000010080E2FF0000E2080050E3F3FFFF3A99
:107D400000009AE5060080E00850C0E5200054E3FA
:107D50001F00001A0060A0E3129EA0E3860186E0E7
:107D6000000189E000109AE53020A0E3010080E0E6
:107D70000810A0E33F64FFEB0050A0E3860186E01B
:107D80000071A0E1060185E0010C80E2031065E2CC
:107D9000811087E0121E81E20118A0E12118A0E104
:107DA000102098E50000D2E700209AE5021081E05B
:107DB00092BBFFEB010085E2FF5000E2040055E3B7
:107DC000EFFFFF3A010086E2FF6000E2100056E399
:107DD000E1FFFF3A300054E32000001A0060A0E306
:107DE000B0B29FE54A9FE0E3860186E000018BE0A8
:107DF00000109AE53020A0E3010080E00810A0E325
:107E00001C64FFEB0050A0E3860186E00071A0E156
:107E1000060185E0050D80E2031065E2811087E030
:107E2000091041E00118A0E12118A0E1102098E517
:107E30000000D2E700209AE5021081E06FBBFFEB63
:107E4000010085E2FF5000E2040055E3EFFFFF3A36
:107E5000010086E2FF6000E2100056E3E1FFFF3A16
:107E6000400054E32200001A0050A0E328929FE54E
:107E7000850185E0000189E000109AE53020A0E34B
:107E8000010080E00810A0E3FA63FFEB000055E377
:107E90001300000A0060A0E3850185E00071A0E105
:107EA000050186E0060D80E2031066E2811087E09E
:107EB000011C81E23B1081E20118A0E12118A0E140
:107EC000102098E50000D2E700209AE5021081E03A
:107ED0004ABBFFEB010086E2FF6000E2040056E3CC
:107EE000EEFFFF3A010085E2FF5000E2100055E38B
:107EF000DEFFFF3A500054E32B00001A0060A0E3BD
:107F000098019FE5861186E0010180E000109AE566
:107F10003020A0E3010080E00810A0E3D563FFEB70
:107F2000000056E31C00000A0050A0E3860186E032
:107F300000B1A0E1060185E0070D80E2031065E2D3
:107F400081108BE0011C81E2321081E20178A0E116
:107F50002778A0E1101098E50090D1E700009AE59D
:107F6000071080E00900A0E124BBFFEB000055E30F
:107F70000500001A000059E30300001A00009AE50A
:107F8000071080E0FF00A0E31CBBFFEB010085E2CF
:107F9000FF5000E2040055E3E5FFFF3A010086E2EE
:107FA000FF6000E2100056E3D4FFFF3A620054E3A2
:107FB0000300001A100098E50802D0E5E0109FE5E4
:107FC000B800C1E1630054E30300001A100098E513
:107FD0000C02D0E5C8109FE50000C1E5700054E335
:107FE0001C00001A0060A0E3867186E03F0E87E265
:107FF00000109AE53020A0E3010080E00810A0E323
:108000009C63FFEB0050A0E3060185E0090D80E2D0
:10801000031065E2811087E03F1E81E20118A0E1B4
:108020002118A0E1102098E50000D2E700209AE591
:10803000021081E0F1BAFFEB010085E2FF5000E29F
:10804000040055E3EFFFFF3A010086E2FF6000E223
:10805000300056E3E3FFFF3A010084E2FF4000E214
:10806000A40054E31DFFFF3A9F1600EBF05FBDE84C
:10807000FCB2FFEA726561645F646174615F66729D
:108080006F6D5F73746D376275666665720D0A0099
:10809000DCF80200F8F90200290100003B010000B1
:1080A00032010000382C030070402DE9AC409FE500
:1080B000000094E5030C80E27B0080E26173FFEB3B
:1080C0009C509FE50000C5E5000094E5030C80E2AC
:1080D000720080E25B73FFEBB800C5E1000094E53D
:1080E000030C80E29F0080E25673FFEB0600C5E5BB
:1080F000000094E5030C80E2960080E25173FFEBF0
:108100000100C5E5000094E5050C80E2A90080E2CD
:108110004C73FFEB0200C5E5000094E5DA1FE0E3D5
:10812000010040E04773FFEB0300C5E5000094E564
:10813000EA0F80E24373FFEB0A00C5E5000094E517
:10814000360E80E23F73FFEB0400C5E5000094E5C6
:10815000E10F80E23B73FFEB0500C5E57080BDE8F1
:10816000DCF80200382C030010402DE958009FE590
:108170000000D0E5400010E30C00000A4C009FE531
:108180000010A0E30010C0E50110C0E50210C0E53A
:108190009910A0E30310C0E50410C0E50510C0E588
:1081A0001040BDE828109FE528009FE5E7A1FFEA01
:1081B00020109FE50000A0E3E29FFFEB0C109FE57D
:1081C00010009FE5E1A1FFEBF4FFFFEACCF802000D
:1081D000CCF70200D2F70200502C0300F0472DE943
:1081E0000070A0E10180A0E10290A0E1004097E5CD
:1081F00008A0A0E10860A0E1020058E30200003AF4
:108200001C0094E5080050E10100008A0200A0E390
:10821000F087BDE8000059E30B00000A0000D4E538
:10822000040050E30200001A0700D7E5020050E303
:108230000500000A0020E0E30910A0E10400A0E12D
:10824000B0FAFFEB000050E3F0FFFF1A0810A0E1C6
:108250000700A0E109DEFFEB0050A0E10500B0E15E
:108260003000000A010055E31900000A010075E31F
:108270001900000A0000D4E5040050E30500000ADC
:108280000020A0E30810A0E10400A0E19DFAFFEBAC
:10829000000050E3DDFFFF1A1C1094E5180094E580
:1082A000021041E2010050E10400002A010080E2D6
:1082B000180084E50400D4E5010080E30400C4E56F
:1082C000010086E2050050E10500001A0560A0E10A
:1082D000100000EA0200A0E3F087BDE80100A0E37F
:1082E000F087BDE80000D4E5040050E30700001A61
:1082F0000A0046E0012080E20030A0E30A10A0E17D
:108300000400A0E1E3B2FFEB000050E3BFFFFF1A5F
:108310000560A0E105A0A0E10580A0E11C0094E5B6
:10832000080050E1C8FFFF8A0000D4E5040050E3D4
:108330002A00001A000059E30600000A0700D7E5EA
:108340000250A0E3000050E30500000A030050E3E0
:108350001A00000A210000EA0000A0E30700C7E5B8
:108360001E0000EA084097E50C0000EA0410A0E1B6
:108370000700A0E1C1DDFFEB020050E30100002A8D
:108380000200A0E3F087BDE8010070E30900000AE5
:10839000011084E2010050E10200001A014084E271
:1083A000090054E1F0FFFF1A090054E10B00001A24
:1083B0000750C7E5090000EA0100A0E3F087BDE827
:1083C000080097E5090050E10400008A181097E5BD
:1083D000010080E0090050E10000003A0750C7E5C5
:1083E0000000A0E3F087BDE8F05F2DE980B19FE5D4
:1083F00080A19FE55A0000EA0050A0E3B000D4E15C
:108400001E0D10E30400000A1000D4E5000050E344
:108410002000000A0BDFFFEB1B0000EA00009BE5D9
:10842000201090E5040051E10300001A0C1094E5BF
:10843000201080E50150A0E3290000EA200090E52B
:10844000060000EA0C1090E5040051E10200001A59
:108450000C1094E50C1080E50150A0E30C0090E5B1
:10846000000050E3F6FFFF1A1D0000EA0C1090E533
:10847000040051E10300001A0C1094E50C1080E593
:108480000150A0E3160000EA0100A0E1000050E363
:10849000F5FFFF1A120000EA00009BE5281090E5A6
:1084A000040051E10300001A0C1094E5281080E547
:1084B0000150A0E30A0000EA280090E5060000EA67
:1084C0000C1090E5040051E10200001A0C1094E534
:1084D0000C1080E50150A0E30C0090E5000050E393
:1084E000F6FFFF1A000055E31900000A080094E5A2
:1084F0000350C0E3000055E31500000A0180A0E32B
:10850000CC90E0E3100000EA286095E5087095E55E
:108510000500A0E1BEDCFFEB0750A0E1740096E58A
:10852000010040E2740086E5000050E30600001AF6
:10853000789086E51480C6E5841096E5000051E346
:108540000100000A0600A0E131FF2FE1000055E321
:10855000ECFFFF1A140094E504008AE50400A0E192
:1085600086DCFFEB04409AE5000054E3A1FFFF1A0C
:10857000F09FBDE8C4FF02007CFF0200142090E5DC
:10858000000052E30300000A1810D0E5183092E50D
:108590000200A0E113FF2FE12C1090E5000051E351
:1085A0000300000A1800D0E5241091E5010040E224
:1085B00011FF2FE16900E0E31EFF2FE110402DE9DC
:1085C0000100A0E3219DFFEB6F9DFFEB60109FE595
:1085D0000000A0E3DB9EFFEB54009FE51C1090E53C
:1085E000072C41E2D52052E21000001A181090E545
:1085F000010051E30D00001A141090E5010051E351
:108600000A00001A0C1090E5000051E30700001A60
:10861000081090E5000051E30400001A040090E502
:10862000000050E30100001A1040BDE8010000EA1C
:108630001080BDE8502C030010402DE93C009FE560
:108640007D1EA0E31C1080E50110A0E3181080E55A
:10865000141080E50010A0E30C1080E5081080E500
:10866000041080E5001080E20000A0E3509FFFEBC3
:108670001040BDE804109FE50000A0E3B19EFFEAB2
:10868000502C030008402DE908C09DE500C08DE591
:1086900007D2FFEB0880BDE810402DE93BA8FFEBB7
:1086A0000000A0E340109FE538C09FE5303091E521
:1086B0000020DCE7B041D1E10420C3E7B021D1E1E3
:1086C000012082E23E2BC2E3B021C1E1010080E241
:1086D000FF0000E2090050E3F4FFFF3A2DA8FFEB92
:1086E0001040BDE8ACA4FFEAF858040060F70200AF
:1086F000F8402DE90040A0E10160A0E1000056E350
:108700003900000AE4009FE55410A0E3ED61FFEB9F
:10871000D8009FE58621A0E1D4108FE2F45FFFFA34
:108720000050A0E3017046E2100000EAF200D4E13C
:10873000C4108FE200008DE5F030D4E1C4009FE565
:10874000042094E5EA5FFFFAB8109FE5540041E287
:108750007461FFFA070055E10200000A8C009FE5F2
:10876000A4108FE26F61FFFA084084E2015085E2B5
:10877000060055E1ECFFFFBA70009FE58C108FE218
:108780006861FFFA88109FE588209FE5B000D1E17D
:10879000B020D2E1020050E11200001A0000A0E374
:1087A00074209FE544409FE5003092E50320A0E35C
:1087B000862182E002C8A0E12CC8A0E1070000EAFF
:1087C0000020D4E7B050D1E10520C3E7B020D1E1CB
:1087D000012082E23E2BC2E3B020C1E1010080E231
:1087E00000005CE1F5FFFFCA6BA4FFEBF880BDE879
:1087F000045704004025303258000000256325301E
:108800003364253033640000585704002C00000006
:108810002A00000070F7020072F7020090F70200D1
:10882000F0412DE95C519FE50600D5E5000050E3DD
:108830000800001A0100D5E5000050E30500000A19
:10884000060050E30370A0E30110A0E30A60A0E378
:108850000040A0E300F18F30F081BDE8F081BDE879
:10886000030000EA0A0000EA230000EA2D0000EA03
:108870003E0000EA0200A0E30100C5E508019FE513
:108880000C10D0E50B10C5E5B200D0E1B201C5E196
:10889000F081BDE8DB00D5E1DA10D5E1010050E15F
:1088A0000A00000A0008A0E12008A0E10F0A80E306
:1088B000FE0E80E3410000EB0400A0E30100C5E5EB
:1088C0000240C5E50660C5E5F041BDE8680200EA82
:1088D000B8008FE2BA0600EBB201D5E10008A0E1D2
:1088E0002008A0E1350000EB0240C5E50170C5E5B8
:1088F0000660C5E5F041BDE85D0200EA0200D5E58D
:10890000010050E30100001A0240C5E50C10C5E566
:108910000C00D5E5010050E3CEFFFF1A0140C5E58C
:108920000C40C5E5F081BDE878008FE2A40600EBBD
:108930000200D5E5010050E3C6FFFF1A4C008FE2AC
:108940009F0600EBB201D5E10008A0E12008A0E1FC
:108950001A0000EB0240C5E50170C5E50B00D5E546
:108960000A00C5E50660C5E5F041BDE8400200EA41
:108970000200D5E5010050E3B6FFFF1A0240C5E54D
:108980000110C5E5F081BDE802F90200886304002A
:10899000666C61675F766F6963655F656E64203DD5
:1089A00020310D0A000000007774353838685F7395
:1089B000656E645F73746570203D20340D0A00009D
:1089C00010402DE9FF1CA0E3001401E0201481E019
:1089D00024009FE5BE10C0E10010A0E30810C0E530
:1089E0000910C0E5021BA0E3020CA0E3E77FFFEB48
:1089F0001040BDE804009FE54D1200EA02F90200B4
:108A00008813000070402DE980509FE50000C5E507
:108A10007C409FE5100094E5000050E30700001A39
:108A2000070DA0E33D5EFFFA100084E52010A0E3EF
:108A30003B0000EB200080E2020180E30C0084E5B3
:108A4000180094E5000050E30700001A110DA0E3A0
:108A5000325EFFFA180084E52010A0E3300000EB3E
:108A6000200080E2020180E3140084E5100094E518
:108A7000000050E30200000A180094E5000050E3F3
:108A80000100001A0000A0E30000C5E57080BDE809
:108A9000E858040020FA020010402DE918D04DE2F9
:108AA000000090E5000090E50030A0E3C8C0A0E31E
:108AB00014408DE208E08DE204308DE518108EE858
:108AC0000228A0E12228A0E10138A0E100208DE5E4
:108AD0002338A0E10320A0E32310A0E3510E00EB14
:108AE00018D08DE21080BDE804109FE50300C1E5B9
:108AF0001EFF2FE198F8020004109FE50400C1E575
:108B00001EFF2FE180F8020010109FE50120D1E543
:108B1000000052E30000001A0700C1E51EFF2FE12C
:108B200002F9020070402DE90050A0E10140A0E1EF
:108B30000410A0E10500A0E15066FFEB000051E346
:108B40000200000A010044E0050080E07080BDE8FA
:108B50000500A0E17080BDE81C009FE5001090E5D5
:108B6000001091E514209FE5011881E3001282E5D1
:108B70000110A0E30510C0E51EFF2FE1F00209007F
:108B8000006000B81C009FE5081090E5001091E51A
:108B900014209FE5011881E3001382E50110A0E392
:108BA0000D10C0E51EFF2FE1F0020900006000B8C3
:108BB00038109FE5800181E0001090E5002091E5EC
:108BC000020812E30600000A0500D0E5000050E3A9
:108BD0000100000A0000A0E31EFF2FE10100A0E356
:108BE0001EFF2FE1000091E5010000E21EFF2FE1D2
:108BF000F002090070402DE95C509FE5000050E351
:108C00000040A0E30B00000A50209FE53410A0E3D1
:108C10000500A0E3C70400EB3400A0E3720200EB00
:108C2000084085E50C4085E57F00A0E3FE0400EBED
:108C30000000A0E37080BDE824209FE53310A0E38E
:108C40000500A0E3BB0400EB3300A0E3660200EBE9
:108C5000004085E5044085E5F2FFFFEAF0020900E7
:108C6000848B0200588B02000130A0E110402DE9F6
:108C70000210A0E1000050E30300000A010050E3ED
:108C80000100000A0000E0E31080BDE858239FE5E2
:108C9000800182E00420D0E5000052E30F00000ACA
:108CA0000D0053E303F18F30C80000EA0D0000EA25
:108CB000130000EA1E0000EA1F0000EA330000EA89
:108CC0003E0000EA490000EA520000EA5B0000EAC8
:108CD0007C0000EA940000EAAA0000EAB50000EA7D
:108CE0000200E0E31080BDE80010A0E30510C0E53D
:108CF000000090E5001090E5011081E3001080E590
:108D0000B20000EA010051E30400000A000090E50F
:108D1000001090E50218C1E3001080E5AB0000EA06
:108D2000000090E5001090E5021881E3001080E556
:108D3000A60000EAFA0000EBA40000EA000051E3FC
:108D40000700000A010051E30A00000A000090E554
:108D5000001090E50616C1E3021681E3001080E5DD
:108D60009A0000EA000090E5001090E50616C1E3C5
:108D7000001080E5950000EA000090E5001090E505
:108D80000616C1E3011581E3001080E58F0000EABB
:108D9000000051E30400000A000090E5001090E597
:108DA000011681E3001080E5880000EA000090E5EC
:108DB000001090E50116C1E3001080E5830000EA91
:108DC000000051E30400000A000090E5001090E567
:108DD000011B81E3001080E57C0000EA000090E5C3
:108DE000001090E5011BC1E3001080E5770000EA68
:108DF000040051E30500002A000090E5002090E502
:108E0000032CC2E3011482E1001080E56F0000EA48
:108E10000300E0E31080BDE8200051E30500002AD4
:108E2000000090E5002090E5F820C2E3811182E186
:108E3000001080E5650000EA0300E0E31080BDE873
:108E4000030051E30100009A0300E0E31080BDE855
:108E5000000051E30900000A010051E30D00000A7F
:108E6000020051E31100000A000090E5001090E5B7
:108E70001A11C1E30A1181E3001080E5530000EAF2
:108E8000000090E5001090E51A11C1E3041081E3A1
:108E9000001080E54D0000EA000090E5001090E52C
:108EA0001A11C1E3021081E3001080E5470000EAD7
:108EB000000090E5001090E51A11C1E3121181E362
:108EC000001080E5410000EA000051E30500000ABF
:108ED000010051E30900000A020051E30D00000AFD
:108EE0000300E0E31080BDE8000090E5081090E585
:108EF0000310C1E3011081E3081080E5330000EAAC
:108F0000000090E5081090E50310C1E3021081E332
:108F1000081080E52D0000EA000090E5081090E5BB
:108F2000031081E3081080E5280000EA000051E307
:108F30000500000A010051E30800000A020051E3A5
:108F40000B00000A0300E0E31080BDE8000090E59C
:108F5000081090E50110C1E3081080E51B0000EA4D
:108F6000000090E5081090E50210C1E3081080E5CC
:108F7000160000EA000090E5081090E50310C1E338
:108F8000081080E5110000EA000051E30400000A27
:108F9000000090E5081090E5081081E3081080E5D6
:108FA0000A0000EA000090E5081090E50810C1E30F
:108FB000081080E5050000EA000051E30500000A02
:108FC000000090E5081090E5041081E3081080E5AA
:108FD0000000A0E31080BDE8000090E5081090E5D7
:108FE0000410C1E3081080E5F8FFFFEAF002090071
:108FF00030402DE9020050E30100003A0000E0E3B8
:109000003080BDE8F0109FE5801181E00420D1E5BB
:10901000000052E30100000A0100E0E33080BDE8F7
:10902000000050E30B22A0E31E00000A1C3292E570
:10903000203083E31C3282E55930A0E316C0A0E360
:109040008840A0E3FC3182E5FCC182E5FC4182E579
:10905000FC5192E5010055E3F9FFFF1A000050E3CF
:109060001400000A683092E5203083E3683082E51E
:10907000683092E52030C3E3683082E5683092E5DD
:10908000200013E3FCFFFF1A0030A0E3FC3182E56F
:10909000003081E5043081E5000050E30F00000A54
:1090A00058009FE50E0000EA1C3292E5103083E381
:1090B0001C3282E5DFFFFFEA683092E5103083E37F
:1090C000683082E5683092E51030C3E3683082E5AD
:1090D000683092E5100013E3FCFFFF1AE9FFFFEA96
:1090E0001C009FE5000081E50100A0E30400C1E54C
:1090F0000530C1E50000A0E33080BDE8F0020900C2
:10910000006300B8006200B810209FE5800182E093
:10911000000090E5010180E0100090E51EFF2FE1C6
:10912000F002090070402DE90040A0E130509FE5B9
:109130008110A0E10500A0E1D064FFEB010040E256
:109140000018A0E12118A0E1000094E5041080E5DA
:10915000010081E28010A0E10500A0E1C764FFEBFF
:109160007080BDE8C068780410309FE5800183E01E
:10917000000090E5010180E0102080E51EFF2FE156
:10918000F002090070402DE90060A0E10140A0E17B
:109190000250A0E10518A0E12118A0E11A0084E224
:1091A0002E0000EB0000D6E5030050E30300001A98
:1091B0002518A0E1140084E27040BDE8270000EA11
:1091C0007080BDE8012080E20010C0E52104A0E12C
:1091D000011082E20000C2E52004A0E10000C1E528
:1091E0002004A0E10100C1E51EFF2FE10020C0E541
:1091F0002224A0E1032C82E12334A0E10120C0E578
:109200002224A0E1032C82E12334A0E10220C0E566
:109210002224A0E1032C82E12334A0E10320C0E555
:109220002224A0E1032C82E12334A0E10420C0E544
:109230002224A0E1032C82E12334A0E10520C0E533
:109240002224A0E1032C82E12334A0E10620C0E522
:109250002224A0E1032C82E10720C0E51EFF2FE1BC
:10926000012080E20010C0E52104A0E10000C2E579
:109270001EFF2FE114009FE50110A0E30310C0E5DD
:109280000010A0E30410C0E50510C0E51EFF2FE1AB
:1092900002F9020018009FE50010A0E3081080E525
:1092A0000110C0E50C109FE50100A0E30200C1E53C
:1092B0001EFF2FE160F8020064F8020010402DE963
:1092C00028009FE5BDFDFFEB24009FE50010A0E313
:1092D000B610C0E10010C0E518009FE50110A0E342
:1092E0000010C0E53210A0E3B011C0E11080BDE86D
:1092F000FEFF00008863040002F90200F0412DE93E
:109300000050A0E1000095E5106090E50600A0E1A6
:10931000451200EB0010A0E1020086E2CFFFFFEB58
:109320000100D6E5017080E24C1095E50500A0E152
:1093300010CDFFEB0040A0E1130000EA000095E52E
:10934000381095E597EEFFEB0040A0E1000054E3F4
:109350000F00001A3C0095E52020A0E30610A0E1D4
:10936000765EFFEB001095E50100A0E30300C1E588
:10937000017057E20600000A206086E20010A0E3B8
:109380000500A0E179CBFFEB0040A0E1000054E331
:10939000E9FFFF0A000054E30300000A010054E360
:1093A0000100000A0200A0E3F081BDE80400A0E192
:1093B000F081BDE80010A0E10000A0E30B20A0E3D5
:1093C000A030A0E1800383E00130D1E4030080E01D
:1093D000FF0000E2012052E2F8FFFF1A1EFF2FE11A
:1093E00070402DE90040A0E10400A0E1300000EB56
:1093F0000050A0E1000055E32800001A0000D4E569
:10940000030050E31E00001A0400D4E5010050E3FD
:109410001B00001A021CA0E33C0084E2A95EFFEBE3
:10942000020C84E27C109FE53A0080E28BFFFFEBA8
:1094300074109FE53C0084E261FFFFEB6C109FE538
:10944000220E84E25EFFFFEB181094E5890F84E2A0
:109450005BFFFFEB141094E58A0F84E258FFFFEBEB
:10946000240094E5012080E2382084E50100D4E561
:109470000130A0E33C1084E287CDFFEB0000A0E3C5
:109480000400C4E50020A0E30100D4E50210A0E13F
:109490003BCDFFEB000050E30000000A0150A0E3C9
:1094A0000500A0E17080BDE855AA0000525261415C
:1094B0007272416170402DE90040A0E10050A0E3CC
:1094C0000300D4E5000050E30700000A382094E5CB
:1094D0000100D4E50130A0E33C1084E26ECDFFEB47
:1094E000000050E30200000A0150A0E30500A0E1E3
:1094F0007080BDE80000A0E30300C4E5380094E5F7
:10950000281094E5012040E0201094E5010052E18C
:10951000F5FFFF2A0220D4E5020052E3F2FFFF1A12
:10952000012080E00100D4E50130A0E33C1084E29A
:1095300059CDFFEBECFFFFEA10402DE9E065FFEBB2
:109540000000A0E3150F07EE160F07EE9A0F07EEC7
:10955000100F11EE0100C0E3100F01EE10009FE5A7
:109560000010A0E30010C0E50010E0E3081080E563
:109570001080BDE814FD0200011040E23E0051E3FE
:109580000100003A0100A0E31EFF2FE128109FE533
:10959000200050E30120A0E30200002A1200A0E115
:1095A000380181E5020000EA200040E21200A0E15B
:1095B0003C0181E50000A0E31EFF2FE1002000B880
:1095C00010402DE90040A0E10400A0E15B0100EBA8
:1095D00010109FE50120A0E30020C1E5084081E5CF
:1095E0000000A0E31080BDE814FD0200011040E27D
:1095F0003E0051E30100003A0100A0E31EFF2FE10D
:1096000028109FE5200050E30120A0E30200002A7B
:109610001200A0E1300181E5020000EA200040E2F2
:109620001200A0E1340181E50000A0E31EFF2FE15C
:10963000002000B81F502DE90CD04DE250409FE5AE
:10964000180194E5000CA0E1200DA0E108008DE5D3
:10965000200194E504008DE508009DE5000050E33D
:109660000800000A04009DE5000050E30300000A22
:1096700020009FE508109DE5010190E730FF2FE1F4
:109680000100A0E3500184E50CD08DE21F50BDE83D
:1096900004F05EE2002000B8B8FB020010402DE9A3
:1096A000060050E30800000A070050E30900000A22
:1096B000080050E30300001A8165FFEB0000A0E3FF
:1096C000150F07EE9A0F07EE1080BDE80000A0E32B
:1096D000150F07EE1080BDE87965FFEB0000A0E3F1
:1096E0009A0F07EE1080BDE804009FE50000D0E56A
:1096F0001EFF2FE114FD020070402DE90030A0E1B3
:1097000058029FE5080053E30150A0E3042040E223
:109710000B12A0E303F18F308E0000EA8D0000EA07
:10972000050000EA060000EA080000EA1E0000EA60
:10973000350000EA500000EA6B0000EA7040BDE826
:10974000870000EA7040BDE80200A0E1840000EA62
:10975000204291E5181014E20500000A100051E3C0
:109760000500000A180051E30600000A0000A0E30B
:109770007080BDE80C00A0E3030000EA0200A0E155
:10978000770000EB000000EA750000EB071004E230
:10979000011081E20F2C04E2224485E03763FFEBE5
:1097A0000410A0E13563FFEB7080BDE8204291E535
:1097B000181014E20500000A100051E30500000A29
:1097C000180051E30600000A0000A0E37080BDE825
:1097D0000C00A0E3030000EA0200A0E1600000EB3F
:1097E000000000EA5E0000EB071004E2011081E2D5
:1097F0000F2C04E2224485E02063FFEB0410A0E17B
:109800001E63FFEBA000A0E17080BDE8204291E55F
:10981000181014E20500000A100051E30500000AC8
:10982000180051E30600000A0000A0E37080BDE8C4
:109830000C00A0E3030000EA0200A0E1480000EBF6
:10984000000000EA460000EB071004E2011081E28C
:109850000F2C04E2226485E00F2604E2224A85E010
:109860000663FFEB0610A0E10463FFEBA000A0E19C
:109870000410A0E10163FFEB7080BDE8204291E598
:10988000181014E20500000A100051E30500000A58
:10989000180051E30600000A0000A0E37080BDE854
:1098A0000C00A0E3030000EA0200A0E12C0000EBA2
:1098B000000000EA2A0000EB071004E2011081E238
:1098C0000F2C04E2226485E00F2404E2224C85E0A0
:1098D000EA62FFEB0610A0E1E862FFEBA000A0E166
:1098E0000410A0E1E562FFEB7080BDE8204291E545
:1098F000181014E20500000A100051E30500000AE8
:10990000180051E30600000A0000A0E37080BDE8E3
:109910000C00A0E3030000EA0200A0E1100000EB4D
:10992000000000EA0E0000EB071004E2011081E2E3
:109930000F2C04E2226485E00F2804E2224885E02F
:10994000CE62FFEB0610A0E1CC62FFEB0410A0E1B9
:10995000CA62FFEB7080BDE80000A0E37080BDE844
:10996000640200B010402DE9001090E57F1001E284
:10997000012081E2001090E50130A0E37E1D01E2AC
:10998000A11383E0000090E50E0A00E2A00683E048
:10999000810061E1820082E00001A0E1B762FFEB9B
:1099A0001080BDE80C402DE90000A0E300008DE52B
:1099B00050019FE5000090E5070000E204008DE5FE
:1099C00004009DE5080050E300F18F301B0000EA21
:1099D0001A0000EA050000EA070000EA090000EAB0
:1099E0000B0000EA0D0000EA0F0000EA110000EA97
:1099F0000200A0E300008DE5100000EA0400A0E3EF
:109A000000008DE50D0000EA0800A0E300008DE5F0
:109A10000A0000EA1000A0E300008DE5070000EA5C
:109A20002000A0E300008DE5040000EA4000A0E370
:109A300000008DE5010000EA8000A0E300008DE554
:109A4000C4009FE5000090E5070000E204008DE5FA
:109A500004009DE5080050E300F18F30220000EA89
:109A6000210000EA050000EA080000EA0B0000EA15
:109A70000E0000EA110000EA140000EA170000EAF4
:109A800000009DE5020080E200008DE5160000EA7E
:109A900000009DE5040080E200008DE5120000EA70
:109AA00000009DE5080080E200008DE50E0000EA60
:109AB00000009DE5100080E200008DE50A0000EA4C
:109AC00000009DE5200080E200008DE5060000EA30
:109AD00000009DE5400080E200008DE5020000EA04
:109AE00000009DE5800080E200008DE500009DE51E
:109AF000000050E30100000A00009DE50C80BDE875
:109B00000100A0E30C80BDE8101800B0141800B0EC
:109B100024109FE5000050E30300000A010050E319
:109B20000300000A0000A0E31EFF2FE1280091E5DA
:109B30001EFF2FE1100091E51EFF2FE1B0FC020097
:109B4000F14F2DE908D04DE218929FE50100D9E5CB
:109B5000000050E37800001A91FFFFEB08129FE528
:109B600004108DE50010A0E300629FE504209DE550
:109B7000012A82E1012186E7011081E2010A51E315
:109B8000F9FFFFBA800050E3010000DA8050A0E343
:109B9000000000EA0050A0E10070A0E308309DE55D
:109BA0000126A0E30710A0E10700A0E100708DE509
:109BB000700000EBB8B19FE504B08DE504009DE5B1
:109BC0001E0E80E304008DE504009DE5100080E397
:109BD00004008DE504009DE5010080E304008DE5AF
:109BE00004009DE5000086E50030E0E30126A0E3E7
:109BF0000010A0E30201A0E300708DE55D0000EB22
:109C000002A88BE204A08DE504009DE51E0E80E312
:109C100004008DE504009DE5100080E304008DE55F
:109C200004009DE5010080E304008DE504009DE54E
:109C3000021A4BE2000081E50140A0E30180A0E3AD
:109C4000160000EA04058BE004008DE504009DE5A4
:109C50001E0E80E304008DE504009DE5100080E306
:109C600004008DE504009DE5010080E304008DE51E
:109C7000040099E5000050E30D00000A040AA0E189
:109C800008309DE50126A0E30010A0E100808DE5ED
:109C9000380000EB04009DE5040186E7014084E202
:109CA000050054E1E6FFFFBA0140A0E302B1A0E3E2
:109CB0001E0000EA040AA0E108309DE50126A0E3A9
:109CC0000010A0E100708DE52A0000EBF0FFFFEA34
:109CD00004058AE004008DE504009DE51E0E80E386
:109CE00004008DE504009DE5100080E304008DE58F
:109CF00004009DE5010080E304008DE5040099E582
:109D0000000050E31000000A041AA0E1040A8BE1ED
:109D10000030E0E30126A0E300808DE5150000EBB4
:109D200004009DE5021B84E2010186E7014084E214
:109D3000050054E1E5FFFFBA0180C9E52C009FE56D
:109D4000D663FFEB0000A0E3FE8FBDE8041AA0E19C
:109D5000040A8BE10030E0E30126A0E300708DE50A
:109D6000040000EBEDFFFFEA14FD0200F20D00001D
:109D700000C0040000000500FE412DE924609DE5BF
:109D80000050A0E1020115E30100000A38419FE5FF
:109D9000000000EA34419FE552FEFFEB010050E372
:109DA0000000001A024184E302C1C5E302008CE016
:109DB000020350E30100009A0000E0E3FE81BDE8E9
:109DC0000C06B0E10100000A0000E0E3FE81BDE8FE
:109DD000020AB0E10100000A0000E0E3FE81BDE8F4
:109DE000C20FA0E1200A82E04076A0E1000053E328
:109DF0000A00000A010053E30A00000A0030A0E351
:109E0000000056E30900000A020081E0010A40E276
:109E100008008DE5011AA0E30000A0E3220000EA9B
:109E20000C30A0E3F5FFFFEA0830A0E3F3FFFFEA00
:109E300008108DE5F6FFFFEA00268CE004208DE592
:109E400004209DE5222AA0E104509DE5FF5A05E289
:109E50002556A0E108809DE52886A0E10886A0E1BE
:109E600000808DE500809DE5FF8E88E300808DE514
:109E700000809DE5038088E100808DE500809DE500
:109E8000028088E300808DE500809DE5022584E066
:109E9000058182E7000056E30700000A08209DE5DF
:109EA000012042E008208DE5010080E2070050E13A
:109EB000E0FFFFBA0000A0E3FE81BDE808209DE5B9
:109EC000012082E008208DE5F6FFFFEA0000070090
:109ED0000000050010109FE50000A0E3381080E5A9
:109EE00008109FE53C1080E51EFF2FE1C49F020093
:109EF000349602000B02A0E3181290E5011881E3EA
:109F0000181280E5901090E5FF10C1E3991081E3ED
:109F1000901080E52E03A0E30C1090E5071081E37C
:109F20000C1080E508109FE5241080E50000A0E3F8
:109F30001EFF2FE16600003030402DE90040A0E117
:109F40000130A0E168509FE50000D5E5000050E336
:109F50000200001ADEFFFFEB0100A0E30000C5E5F0
:109F600050109FE50300C3E3001081E0030FA0E160
:109F7000A0CDA0E1FF0004E2004091E50750A0E37E
:109F8000154CC4E110CC84E100C081E5070010E36A
:109F90000300000A20109FE5030191E7032181E7F8
:109FA0003080BDE814109FE5030191E7032181E7AC
:109FB0003080BDE8BCFA0200002000B8C0FA020000
:109FC000B8FB02001F502DE90CD04DE250409FE538
:109FD000180194E5000CA0E1200DA0E108008DE53A
:109FE000200194E504008DE508009DE5000050E3A4
:109FF0000800000A04009DE5000050E30300000A89
:10A0000020009FE508109DE5010190E730FF2FE15A
:10A010000100A0E3500184E50CD08DE21F50BDE8A3
:10A0200004F05EE2002000B8C0FA0200800050E3B5
:10A030001000000A060000CA3F0050E30900000AB1
:10A04000400050E30B00000A7F0050E30C00001AB0
:10A05000040000EABF0050E30200000AC00050E321
:10A060000700001A030000EA00100FE1000001E001
:10A0700000F021E1020000EA00100FE1000081E1A0
:10A0800000F021E10000A0E31EFF2FE124209FE566
:10A09000000050E30200000A010050E30300001A30
:10A0A000010000EA041082E5000000EA081082E5E1
:10A0B0000000A0E31EFF2FE1B0FC0200F8432DE9F1
:10A0C0000160A0E10612A0E3825D81E128819FE5A5
:10A0D00028719FE5000050E30B12A0E30040A0E3CD
:10A0E0000200000A010050E33F00001A200000EACD
:10A0F000180291E5010C80E3180281E50100A0E35C
:10A100000200C8E52C6088E5004087E5600087E52F
:10A1100000408DE5E8009FE5040000EA00109DE5A1
:10A12000014280E700109DE5011081E200108DE5FD
:10A1300000109DE50A0051E3F7FFFFBAC4209FE538
:10A140001010A0E34400A0E37AFFFFEB200088E5B5
:10A150001000A0E324FDFFEB0C4088E5040098E527
:10A160000610A0E1C560FFEB040087E5005087E51D
:10A170001D0000EA180291E5020C80E3180281E557
:10A18000104087E50200A0E3600087E500408DE510
:10A1900074009FE5040000EA00109DE5014280E79D
:10A1A00000109DE5011081E200108DE500109DE595
:10A1B0000A0051E3F7FFFFBA50209FE51110A0E31A
:10A1C0004100A0E35BFFFFEB240088E51100A0E362
:10A1D00005FDFFEB104088E5080098E50610A0E1BA
:10A1E000A660FFEB140087E5105087E57F00A0E331
:10A1F0008DFFFFEB0000A0E3F883BDE8B0FC020098
:10A20000001000B8889F040014A2020028A00400D7
:10A2100000A3020038402DE9CC009FE50000D0E506
:10A22000010050E31500000AC0509FE5600095E56D
:10A23000010010E31300000AB4409FE5280094E5F4
:10A24000010080E2280084E5A8009FE5001090E569
:10A25000011081E2001080E526F2FFEB0100A0E38F
:10A26000600085E50000D4E5000050E30500000A29
:10A270000000A0E300008DE57C409FE5160000EAA9
:10A280000200A0E317FAFFEB3880BDE800009DE56F
:10A29000000294E7000050E30C00000A00009DE576
:10A2A000002284E0081092E5011041E2081082E5E6
:10A2B000000051E30500001A0C0092E530FF2FE189
:10A2C00000009DE5000284E0041090E5081080E5A0
:10A2D00000009DE5010080E200008DE500009DE5A5
:10A2E0000A0050E3E8FFFFBA3880BDE89BF802009F
:10A2F000001000B8B0FC0200A8F70200889F04001C
:10A3000038402DE9AC109FE5600091E5020010E3B4
:10A310002700000AA0009FE5102090E5012082E2BE
:10A32000102080E50220A0E3602081E5102090E568
:10A330000010A0E31F0272E30000003A101080E555
:10A340000100D0E5000050E31900000A00108DE57F
:10A3500068409FE5130000EA00009DE5000294E7D5
:10A36000000050E30C00000A00009DE5002284E09C
:10A37000081092E5011041E2081082E5000051E367
:10A380000500001A0C0092E530FF2FE100009DE56A
:10A39000000284E0041090E5081080E500009DE5CF
:10A3A000010080E200008DE500009DE50A0050E319
:10A3B000E8FFFFBA3880BDE8001000B8B0FC02002A
:10A3C00028A004001EFF2FE1F0412DE90060A0E16C
:10A3D000001096E50040D1E5015081E20400A0E1C3
:10A3E000E4B6FFEB000050E30700000A0170D5E47B
:10A3F0000700A0E1E5B6FFEB000050E30D00000A06
:10A40000040487E00048A0E12448A0E1000054E3F0
:10A410000500000A2C109FE50400A0E1E5D2FFEB47
:10A420000040A0E1000054E30400000A0400A0E1A1
:10A43000005086E5F081BDE80000E0E3F081BDE872
:10A440000000E0E3F081BDE8B5010000F0412DE936
:10A450000050A0E1284095E5006095E50308A0E3E1
:10A460000600D0E10F00000A261EA0E1000051E323
:10A470000500000A090051E30300000A6B0F8FE298
:10A48000CFFFFFEBC800E0E3780084E5030816E2A5
:10A490003500000A010850E34600000A020850E3B4
:10A4A0004C00001A430000EA0688A0E12888A0E1D9
:10A4B000240095E51000D0E562D7FFEBB272D4E13D
:10A4C0000010A0E1070048E0010880E20008A0E1D8
:10A4D0002008A0E1CD5AFFEB0060A0E1080056E3A0
:10A4E000040000BA0720A0E10810A0E1550F8FE298
:10A4F000B3FFFFEB370000EAB001D5E10008A0E1AF
:10A50000200EA0E10F0050E30800000A000050E315
:10A510000D00000A090050E30B00000A460F80E21C
:10A52000000060E2061184E0540081E5290000EAA1
:10A530000810A0E14A0F8FE2A1FFFFEB010CE0E35E
:10A54000061184E0540081E5220000EA0000A0E347
:10A55000061184E0540081E5B001D5E1861084E065
:10A560003E0BC0E3B402C1E11A0000EA020916E39F
:10A570001800000A040095E5000050E30500000AF9
:10A58000201095E5010040E01C1094E5010080E0FA
:10A590001C0084E50F0000EA0C0095E5201095E50D
:10A5A000010040E01C1094E5010080E0010080E221
:10A5B0001C0084E5070000EA040095E5000050E374
:10A5C0001100000A201095E5010040E01C1094E500
:10A5D000010080E01C0084E5740094E5010040E285
:10A5E000740084E5000050E30F00001A0100A0E3AE
:10A5F0001400C4E5841094E5000051E30A00000A49
:10A600000400A0E1F041BDE811FF2FE10C0095E549
:10A61000201095E5010040E01C1094E5010080E069
:10A62000010080E21C0084E5EAFFFFEAF081BDE85A
:10A630005444206572726F722C204343203D2030B9
:10A640007825780A0000000049534F20696E766132
:10A650006C696420696E64657821212025642C2052
:10A6600025640A0049534F2046202564204E2F417F
:10A67000210A00000100A0E31AF9FFEA10402DE9C9
:10A6800020009FE50300D0E5020050E30200001A1D
:10A690000000A0E313F9FFEBDDFEFFEB1040BDE887
:10A6A0000000A0E30FF9FFEA98F80200411040E231
:10A6B000190051E30000008A200080E21EFF2FE114
:10A6C000F05F2DE90040A0E30050A0E30060A0E3AC
:10A6D00080939FE50200D9E50070A0E3000050E3FD
:10A6E0000E00000A0180A0E3000089E20180C0E5BD
:10A6F0000010A0E30210C0E55C139FE52A20A0E350
:10A700000000A0E38973FFEB4C039FE50010D0E548
:10A71000407080E25A0051E31000000A860000EA0F
:10A72000080099E516D7FFEB640050E30A00009A91
:10A7300028039FE5041280E0B070C1E1011084E2BB
:10A74000FF4001E20A0054E3F9FFFF3A10039FE5DE
:10A75000000090E5080089E50170C9E5F09FBDE8BB
:10A7600000139FE500E39FE50010D1E532CEA0E3A2
:10A770001E9EA0E3000051E33A00000AD8029FE5C4
:10A78000041180E00120D1E50200D1E5F03002E2C1
:10A79000030280E00310D1E50F2002E2021481E001
:10A7A000C8229FE5020050E12900002A020051E181
:10A7B0002700002A00A0DEE500005AE30C00001A82
:10A7C00000B8A0E14BB8A0E1052187E0B0B0C2E13C
:10A7D0000138A0E14338A0E1B230C2E1320E5BE3C0
:10A7E000000000DAB0C0C2E11E0E53E3000000DA40
:10A7F000B090C2E101005AE31300001A322EA0E328
:10A80000920000E0A025A0E1050187E0B020C0E1B2
:10A81000011261E08112A0E1A115A0E1B210C0E136
:10A82000320E52E3000000DAB0C0C0E11E0E51E368
:10A83000000000DAB090C0E1F020D0E1322E62E2F8
:10A84000B020C0E11E1E61E2B210C0E1010085E24D
:10A85000FF5000E2010084E2FF4000E20A0054E3FE
:10A86000C5FFFF3A340000EAEC019FE5041180E0E7
:10A870000120D1E50200D1E5F03002E2030280E0E0
:10A880000310D1E50F2002E2021481E0DC219FE5F4
:10A89000020050E12400002A020051E12200002AB7
:10A8A00000A0DEE501005AE30E00001A322EA0E3FC
:10A8B000900202E0A2B5A0E1052187E0B0B0C2E1BC
:10A8C000013261E08332A0E1A335A0E1B230C2E100
:10A8D000320E5BE3000000DAB0C0C2E11E0E53E3AB
:10A8E000000000DAB090C2E100005AE30C00001A48
:10A8F0000028A0E14228A0E1050187E0B020C0E1E6
:10A900000118A0E14118A0E1B210C0E1320E52E3FB
:10A91000000000DAB0C0C0E11E0E51E3000000DA12
:10A92000B090C0E1010085E2FF5000E2010084E246
:10A93000FF4000E20A0054E3CAFFFF3A000055E37B
:10A9400085FFFF0A919FFFEB00A0A0E31F0000EA34
:10A950000040A0E304B19FE50A9187E004028BE088
:10A96000B010D0E1000051E30A00000AF430D0E159
:10A97000F220D0E1F210D9E1F000D9E1F7A9FFEB24
:10A98000000050E30300000A180486E10068A0E11B
:10A990002668A0E1030000EA010084E2FF4000E233
:10A9A0000A0054E3ECFFFF3A0A0054E30500001AE2
:10A9B000F210D9E1F000D9E1DEA7FFEB180086E143
:10A9C0000068A0E12668A0E101008AE2FFA000E2A1
:10A9D00005005AE1DDFFFF3A0000A0E37C309FE56F
:10A9E0000040A0E3180016E10600001A001283E000
:10A9F000F020D1E1020052E30100000A030052E31B
:10AA00000000001AB040C1E1010080E2FF0000E256
:10AA10000A0050E3F2FFFF3A5E9FFFEB34009FE530
:10AA20000310D0E5000051E34BFFFF1A0380C0E59F
:10AA30000180C0E50040C0E560ABFFEB20009FE572
:10AA4000000090E528109FE5000081E55D9FFFEB89
:10AA5000F05FBDE8719FFFEA80F8020084560400B1
:10AA600084550400D8FC020095F802005CF702004F
:10AA7000FF0F0000A8F8020010402DE90000A0E33D
:10AA80009C409FE5B011D4E1000051E32300001A7F
:10AA900090C09FE5002084E2D010DCE10120D2E5E7
:10AAA000013041E200108CE2B610D1E10E0053E318
:10AAB0000500002A000051E30300001A000052E3E1
:10AAC0000100001A0030CCE50100A0E30030DCE515
:10AAD0000F0053E30400001A000052E30200001AC2
:10AAE000000051E30000001A0100A0E3000050E361
:10AAF0000800000A0100A0E30100C4E50010A0E383
:10AB00000610C4E50700C4E5B400DCE1B600CCE102
:10AB10001E9FFFEBD6FEFFEB1040BDE83FF7FFEABC
:10AB20001080BDE802F902008863040070402DE93E
:10AB30006C409FE50700D4E5000050E30A00001ACE
:10AB400060509FE5B600D5E1000050E30600000A22
:10AB5000080095E50AD6FFEBB610D5E1010050E1FB
:10AB60000100009A0000A0E3B600C5E10200D4E5B0
:10AB7000010050E30400001A0600D4E5000050E391
:10AB80000100000A010040E20600C4E5B001D4E182
:10AB9000000050E30100000A010040E2B001C4E1FE
:10ABA0007080BDE802F90200886304001C402DE9B2
:10ABB0002E43A0E31C0094E5FF0000E204008DE5B5
:10ABC00004009DE5020010E30100000A0000A0E37C
:10ABD000B1A6FFEB04009DE5110010E30100000A9F
:10ABE0000000A0E3F4A5FFEB04009DE5040010E3E2
:10ABF0000700000A180094E500008DE500009DE5BF
:10AC0000400010E30200000A08109FE50100A0E3E5
:10AC10000000C1E51C80BDE874FE02007F402DE904
:10AC2000E0009FE5000090E5FF0000E20C008DE5EC
:10AC3000D4009FE5000090E500008DE50C009DE547
:10AC4000020010E30100000A0A00A0E392A6FFEB55
:10AC500000009DE5030050E31C00000A00009DE594
:10AC6000010050E31C00000A0C009DE5110010E3F8
:10AC70000100000A0A00A0E3CFA5FFEB0C009DE550
:10AC800088409FE5080010E30150A0E30400000A9B
:10AC90001500D4E5000050E31200000A0A00A0E30A
:10ACA000B5A3FFEB0C009DE5040010E30600000ACD
:10ACB0005C009FE5000090E508008DE508009DE53B
:10ACC000400010E30000000A0A50C4E57F80BDE8A0
:10ACD0000A00A0E3E292FFEB7F80BDE80A00A0E358
:10ACE0006F7AFFEB7F80BDE828009FE5000090E5CC
:10ACF00004008DE504009DE5010010E3E8FFFF0A74
:10AD00001450C4E5E6FFFFEA1C0A00B8300A00B898
:10AD100074FE0200180A00B8140A00B87F402DE93A
:10AD20002E43A0E31C0194E5FF0000E20C008DE53A
:10AD3000300194E500008DE50C009DE5020010E374
:10AD40000100000A0100A0E353A6FFEB00009DE50F
:10AD5000030050E31B00000A00009DE5010050E3E2
:10AD60001B00000A0C009DE5110010E30100000A21
:10AD70000100A0E390A5FFEB0C009DE578509FE556
:10AD8000080010E30160A0E30400000A1500D5E507
:10AD9000000050E31100000A0100A0E376A3FFEBDE
:10ADA0000C009DE5040010E30500000A180194E57D
:10ADB00008008DE508009DE5400010E30000000A52
:10ADC0000160C5E57F80BDE80100A0E3A492FFEB30
:10ADD0007F80BDE80100A0E3317AFFEB7F80BDE812
:10ADE000140194E504008DE504009DE5010010E3E5
:10ADF000EAFFFF0A0B60C5E5E8FFFFEA74FE020008
:10AE00007F402DE92E43A0E31C0294E5FF0000E201
:10AE10000C008DE5300294E500008DE50C009DE509
:10AE2000020010E30100000A0200A0E31AA6FFEBF3
:10AE300000009DE5030050E32400000A00009DE5AA
:10AE4000010050E32400000A0C009DE5110010E30E
:10AE50000100000A0200A0E357A5FFEB0C009DE5EE
:10AE60009C509FE5040010E30160A0E30500000A88
:10AE7000180294E508008DE508009DE5400010E308
:10AE80000000000A0260C5E50C009DE5080010E323
:10AE90000400000A1500D5E5000050E31100000A87
:10AEA0000200A0E334A3FFEB0C009DE5040010E3D7
:10AEB0000500000A180294E508008DE508009DE5EC
:10AEC000400010E30000000A0260C5E57F80BDE895
:10AED0000200A0E36292FFEB7F80BDE80200A0E3E6
:10AEE000EF79FFEB7F80BDE8140294E504008DE567
:10AEF00004009DE5010010E3EAFFFF0A0C60C5E5D0
:10AF0000E8FFFFEA74FE020070402DE90030A0E186
:10AF1000FC409FE50120A0E30218A0E30400A0E1AB
:10AF20004592FFEB6D5F84E20020A0E30218A0E3EE
:10AF30000500A0E14092FFEB0020A0E30218A0E38F
:10AF40000400A0E13C92FFEB0120A0E30218A0E383
:10AF50000500A0E13892FFEB2C4084E20020A0E342
:10AF6000FF1CA0E30400A0E13392FFEB0120A0E36B
:10AF7000991CA0E30400A0E12F92FFEB94009FE551
:10AF800094409FE5000084E5043084E50100A0E3DF
:10AF90000800C4E50300A0E30900C4E50000A0E345
:10AFA0000A00C4E50B00C4E50C00C4E5000084E21F
:10AFB0006C0300EB000050E30100000A5C008FE22C
:10AFC000FFFCFFEB0120A0E30800D4E50030A0E384
:10AFD0000210A0E1F60100EB000050E30100000ABE
:10AFE00058008FE2F6FCFFEB0800D4E50030A0E348
:10AFF0000120A0E30210A0E3ED0100EB000050E30C
:10B000000200000A7040BDE864008FE2ECFCFFEA39
:10B010007080BDE8640000B0001BB700002D040084
:10B02000EFBFBDEFBFBDEFBFBDDAB4EFBFBDCAA775
:10B03000EFBFBDEFBFBD313135323030210A0000E6
:10B04000EFBFBDEFBFBDEFBFBDC3B7EFBFBDEFBF2C
:10B05000BDEFBFBDEFBFBDD0B6EFBFBDC4A3CABD7E
:10B06000CAA7EFBFBDEFBFBD313135323030210A45
:10B0700000000000EFBFBDEFBFBDEFBFBDC3BDEF20
:10B08000BFBDEFBFBDEFBFBDEFBFBDD0B6EFBFBD12
:10B09000C4A3CABDCAA7EFBFBDEFBFBD31313532B2
:10B0A0003030210A0000000010402DE90120A0E10D
:10B0B0000010A0E10100A0E3590300EB08109FE598
:10B0C0000100A0E30000C1E51080BDE868F70200C0
:10B0D0007F402DE92E43A0E31C0394E5FF0000E22E
:10B0E0000C008DE5300394E500008DE50C009DE536
:10B0F000020010E30100000A0300A0E366A5FFEBD5
:10B1000000009DE5030050E31B00000A00009DE5E0
:10B11000010050E31B00000A0C009DE5110010E344
:10B120000100000A0300A0E3A3A4FFEB0C009DE5CF
:10B1300078509FE5080010E30160A0E30400000AD6
:10B140001500D5E5000050E31100000A0300A0E35C
:10B1500089A2FFEB0C009DE5040010E30500000A46
:10B16000180394E508008DE508009DE5400010E314
:10B170000000000A0360C5E57F80BDE80300A0E38E
:10B18000B791FFEB7F80BDE80300A0E34479FFEBBC
:10B190007F80BDE8140394E504008DE504009DE57F
:10B1A000010010E3EAFFFF0A0D60C5E5E8FFFFEAD2
:10B1B00074FE02007F402DE9E0009FE5000090E56D
:10B1C000FF0000E20C008DE5D4009FE5000090E553
:10B1D00000008DE50C009DE5020010E30100000A6F
:10B1E0000400A0E32CA5FFEB00009DE5030050E365
:10B1F0001C00000A00009DE5010050E31C00000A4D
:10B200000C009DE5110010E30100000A0400A0E31A
:10B2100069A4FFEB0C009DE588409FE5080010E362
:10B220000150A0E30400000A1500D4E5000050E33B
:10B230001200000A0400A0E34FA2FFEB0C009DE502
:10B24000040010E30600000A5C009FE5000090E5A2
:10B2500008008DE508009DE5400010E30000000AAD
:10B260000450C4E57F80BDE80400A0E37C91FFEBBF
:10B270007F80BDE80400A0E30979FFEB7F80BDE893
:10B2800028009FE5000090E504008DE504009DE5A1
:10B29000010010E3E8FFFF0A0E50C4E5E6FFFFEAF5
:10B2A0001C0400B8300400B874FE0200180400B892
:10B2B000140400B87F402DE9E0009FE5000090E510
:10B2C000FF0000E20C008DE5D4009FE5000090E552
:10B2D00000008DE50C009DE5020010E30100000A6E
:10B2E0000500A0E3ECA4FFEB00009DE5030050E3A4
:10B2F0001C00000A00009DE5010050E31C00000A4C
:10B300000C009DE5110010E30100000A0500A0E318
:10B3100029A4FFEB0C009DE588409FE5080010E3A1
:10B320000150A0E30400000A1500D4E5000050E33A
:10B330001200000A0500A0E30FA2FFEB0C009DE540
:10B34000040010E30600000A5C009FE5000090E5A1
:10B3500008008DE508009DE5400010E30000000AAC
:10B360000550C4E57F80BDE80500A0E33C91FFEBFC
:10B370007F80BDE80500A0E3C978FFEB7F80BDE8D2
:10B3800028009FE5000090E504008DE504009DE5A0
:10B39000010010E3E8FFFF0A0F50C4E5E6FFFFEAF3
:10B3A0001C0500B8300500B874FE0200180500B88E
:10B3B000140500B87F402DE9E0009FE5000090E50E
:10B3C000FF0000E20C008DE5D4009FE5000090E551
:10B3D00000008DE50C009DE5020010E30100000A6D
:10B3E0000600A0E3ACA4FFEB00009DE5030050E3E2
:10B3F0001C00000A00009DE5010050E31C00000A4B
:10B400000C009DE5110010E30100000A0600A0E316
:10B41000E9A3FFEB0C009DE588409FE5080010E3E1
:10B420000150A0E30400000A1500D4E5000050E339
:10B430001200000A0600A0E3CFA1FFEB0C009DE57F
:10B44000040010E30600000A5C009FE5000090E5A0
:10B4500008008DE508009DE5400010E30000000AAB
:10B460000650C4E57F80BDE80600A0E3FC90FFEB3A
:10B470007F80BDE80600A0E38978FFEB7F80BDE810
:10B4800028009FE5000090E504008DE504009DE59F
:10B49000010010E3E8FFFF0A1050C4E5E6FFFFEAF1
:10B4A0001C0600B8300600B874FE0200180600B88A
:10B4B000140600B87F402DE9E0009FE5000090E50C
:10B4C000FF0000E20C008DE5D4009FE5000090E550
:10B4D00000008DE50C009DE5020010E30100000A6C
:10B4E0000700A0E36CA4FFEB00009DE5030050E320
:10B4F0001C00000A00009DE5010050E31C00000A4A
:10B500000C009DE5110010E30100000A0700A0E314
:10B51000A9A3FFEB0C009DE588409FE5080010E320
:10B520000150A0E30400000A1500D4E5000050E338
:10B530001200000A0700A0E38FA1FFEB0C009DE5BD
:10B54000040010E30600000A5C009FE5000090E59F
:10B5500008008DE508009DE5400010E30000000AAA
:10B560000750C4E57F80BDE80700A0E3BC90FFEB77
:10B570007F80BDE80700A0E34978FFEB7F80BDE84E
:10B5800028009FE5000090E504008DE504009DE59E
:10B59000010010E3E8FFFF0A1150C4E5E6FFFFEAEF
:10B5A0001C0700B8300700B874FE0200180700B886
:10B5B000140700B87F402DE9E0009FE5000090E50A
:10B5C000FF0000E20C008DE5D4009FE5000090E54F
:10B5D00000008DE50C009DE5020010E30100000A6B
:10B5E0000800A0E32CA4FFEB00009DE5030050E35E
:10B5F0001C00000A00009DE5010050E31C00000A49
:10B600000C009DE5110010E30100000A0800A0E312
:10B6100069A3FFEB0C009DE588409FE5080010E35F
:10B620000150A0E30400000A1500D4E5000050E337
:10B630001200000A0800A0E34FA1FFEB0C009DE5FB
:10B64000040010E30600000A5C009FE5000090E59E
:10B6500008008DE508009DE5400010E30000000AA9
:10B660000850C4E57F80BDE80800A0E37C90FFEBB4
:10B670007F80BDE80800A0E30978FFEB7F80BDE88C
:10B6800028009FE5000090E504008DE504009DE59D
:10B69000010010E3E8FFFF0A1250C4E5E6FFFFEAED
:10B6A0001C0800B8300800B874FE0200180800B882
:10B6B000140800B87F402DE9E0009FE5000090E508
:10B6C000FF0000E20C008DE5D4009FE5000090E54E
:10B6D00000008DE50C009DE5020010E30100000A6A
:10B6E0000900A0E3ECA3FFEB00009DE5030050E39D
:10B6F0001C00000A00009DE5010050E31C00000A48
:10B700000C009DE5110010E30100000A0900A0E310
:10B7100029A3FFEB0C009DE588409FE5080010E39E
:10B720000150A0E30400000A1500D4E5000050E336
:10B730001200000A0900A0E30FA1FFEB0C009DE539
:10B74000040010E30600000A5C009FE5000090E59D
:10B7500008008DE508009DE5400010E30000000AA8
:10B760000950C4E57F80BDE80900A0E33C90FFEBF1
:10B770007F80BDE80900A0E3C977FFEB7F80BDE8CB
:10B7800028009FE5000090E504008DE504009DE59C
:10B79000010010E3E8FFFF0A1350C4E5E6FFFFEAEB
:10B7A0001C0900B8300900B874FE0200180900B87E
:10B7B000140900B8F0472DE900C0A0E10190A0E114
:10B7C0000200A0E10310A0E10C34A0E10B005CE357
:10B7D0000100003A78059FE5F087BDE88C208CE0F9
:10B7E0008C4182E06C259FE5044182E01E20D4E577
:10B7F00064859FE5000052E30500001A080059E344
:10B800000300000A070059E30100000A0800A0E154
:10B81000F087BDE844559FE50C64A0E1200059E3A2
:10B820000070A0E30120A0E30BA0E0E32E6386E21A
:10B8300009F18F30440100EA430100EA1D0000EAEB
:10B84000270000EA370000EA3A0000EA3E0100EA79
:10B850003E0000EA460000EA490000EA3A0100EA38
:10B86000390100EA380100EAA50000EAB00000EA68
:10B87000BC0000EA530000EA930000EA430000EA3B
:10B88000E70000EAF90000EA2F0100EA2E0100EAD1
:10B890002D0100EA2C0100EAFB0000EAFD0000EAAD
:10B8A000FF0000EA060100EA120100EA190100EABD
:10B8B0001A0100EA1C0100EA010050E30400000A3A
:10B8C000000050E30400000A28A084E50800A0E17D
:10B8D000F087BDE81C20C4E5190100EA1C70C4E52E
:10B8E000170100EA010050E30400000A000050E3E1
:10B8F0000700000A28A084E50800A0E1F087BDE861
:10B900001D20C4E50110A0E30C00A0E179A1FFEB2C
:10B910000B0100EA1D70C4E50110A0E30C00A0E1DA
:10B9200069A1FFEB060100EA2C20A0E30410A0E1CE
:10B930000255FFEB020100EAD8A0FFEB000050E344
:10B94000FF0000AA280084E50800A0E1F087BDE818
:10B950000120A0E10010A0E10C00A0E140A2FFEB5B
:10B96000000050E3F60000AA280084E50800A0E1EA
:10B97000F087BDE8F047BDE80010A0E10C00A0E1B1
:10B9800062A1FFEA281094E5001080E5EC0000EACF
:10B99000000050E30300000A010050E30500000A24
:10B9A0000800A0E1F087BDE80810A0E30C00A0E1CA
:10B9B00050A1FFEBE20000EA0810A0E30C00A0E1B8
:10B9C00041A1FFEBDE0000EA01005CE31200000A87
:10B9D00002005CE31400000A03005CE31600000AA6
:10B9E00004005CE31800000A05005CE31A00000A8A
:10B9F00006005CE31C00000A07005CE31E00000A6E
:10BA000008005CE32000000A09005CE32200000A51
:10BA10000A005CE32400000A260000EA0B20D5E5BA
:10BA2000002080E50B70C5E5220000EA0C20D5E57A
:10BA3000002080E50C70C5E51E0000EA0D20D5E56C
:10BA4000002080E50D70C5E51A0000EA0E20D5E55E
:10BA5000002080E50E70C5E5160000EA0F20D5E550
:10BA6000002080E50F70C5E5120000EA1020D5E542
:10BA7000002080E51070C5E50E0000EA1120D5E534
:10BA8000002080E51170C5E50A0000EA1220D5E526
:10BA9000002080E51270C5E5060000EA1320D5E518
:10BAA000002080E51370C5E5020000EA1420D5E50A
:10BAB000002080E51470C5E5140096E5100000E252
:10BAC0002002A0E1000081E59D0000EA010050E3B2
:10BAD0000300000A000050E30500000A0800A0E18E
:10BAE000F087BDE8100096E50200C0E3100086E58F
:10BAF000930000EA100096E5020080E3100086E55E
:10BB00008F0000EA010050E30300000A000050E348
:10BB10000400000A0800A0E1F087BDE80C00A0E1E5
:10BB2000F4A0FFEB860000EA0C00A0E1E6A0FFEB2A
:10BB3000830000EA0C1096E5010050E30300000AC0
:10BB4000000050E30400000A0800A0E1F087BDE80F
:10BB5000400081E30C0086E5790000EA4000C1E383
:10BB60000C0086E5760000EA0B005CE30CF18F30F8
:10BB7000730000EA090000EA0B0000EA0D0000EA89
:10BB80000F0000EA110000EA130000EA150000EAC5
:10BB9000170000EA190000EA1B0000EA1D0000EA95
:10BBA0000010D5E5001080E5650000EA0110D5E53C
:10BBB000001080E5620000EA0210D5E5001080E583
:10BBC0005F0000EA0310D5E5001080E55C0000EAA4
:10BBD0000410D5E5001080E5590000EA0510D5E510
:10BBE000001080E5560000EA0610D5E5001080E55B
:10BBF000530000EA0710D5E5001080E5500000EA88
:10BC00000810D5E5001080E54D0000EA0910D5E5E3
:10BC1000001080E54A0000EA0A10D5E5001080E532
:10BC2000470000EA1500D5E5020050E30D00000AC8
:10BC30001520C5E50110A0E30C00A0E1ADA0FFEBCD
:10BC4000100096E5020C80E3100086E5140096E5EE
:10BC5000010C80E3140086E5040096E5030A80E306
:10BC6000040086E5360000EA0800A0E1F087BDE8A0
:10BC70000810A0E30C00A0E193A0FFEB1570C5E550
:10BC80001670C5E51770C5E52D0000EA047084E55F
:10BC9000007084E52A0000EA0C7084E5087084E5F1
:10BCA000270000EA0320A0E3302086E5107086E537
:10BCB0003B20A0E30C2086E5010C80E12C0086E50A
:10BCC0001F0000EA2E1383E2182091E5010212E31F
:10BCD000FCFFFF0A0C2091E52B30A0E30C3081E53E
:10BCE000000081E5180091E5010210E3FCFFFF0A66
:10BCF0000C2081E5120000EA081096E5010050E3EF
:10BD00000200000A010CC1E3080086E50C0000EA0D
:10BD1000010C81E3FBFFFFEA2C0086E5080000EA46
:10BD20002C1096E5001080E5050000EA302086E53D
:10BD30002C2096E5CF20C2E3010080E1020080E1E3
:10BD40002C0086E50000A0E3F087BDE810009FE529
:10BD5000F087BDE80217FFFF0C0109000317FFFF82
:10BD600074FE02000117FFFF10402DE90040A0E122
:10BD7000CA9FFFEB48209FE5001050E2080000AA90
:10BD8000050071E30400000A0800D4E5803080E07B
:10BD9000800183E0000182E0281080E524009FE517
:10BDA0001080BDE80800D4E50010A0E3803080E0FA
:10BDB000800183E0000182E0281080E50000A0E31C
:10BDC0001080BDE80C0109000317FFFF44C09FE588
:10BDD000803080E0803183E003318CE01E30D3E599
:10BDE00034C09FE5000053E30600000A2C309FE5B5
:10BDF000003193E7020053E10400003A000052E3EF
:10BE00000200000A37A1FFEA0C00A0E11EFF2FE1AB
:10BE10000C00A0E11EFF2FE10C0109000317FFFF3A
:10BE2000B8FE0200F0412DE90050A0E10180A0E140
:10BE30000260A0E194109FE5850085E0850180E027
:10BE4000004181E00000A0E3280084E51E00D4E565
:10BE50007C709FE5000050E30700000A780056E37D
:10BE60000700008A000056E30500000A1C00D4E524
:10BE7000010050E30400000A0A0000EA0700A0E104
:10BE8000F081BDE80700A0E1F081BDE8042094E561
:10BE9000001094E50630A0E10500A0E15B9FFFEBF8
:10BEA000000050E30500000A0620A0E10810A0E110
:10BEB0000500A0E12EA2FFEB0600A0E1F081BDE8A5
:10BEC0000A00E0E3280084E50700A0E1F081BDE876
:10BED0000C0109000317FFFFF14F2DE908D04DE2D7
:10BEE00008409DE50000A0E304008DE56960E0E303
:10BEF0000090A0E36B0000EA1190C4E5147084E2A6
:10BF00000050A0E3E4819FE50400A0E112E4FFEB10
:10BF10000060A0E10600B0E10400000A0800A0E112
:10BF20007FBFFFEB015085E2030055E3F5FFFFBA49
:10BF30000050A0E30400A0E1CEE4FFEB000050E3DA
:10BF40000900000A0400A0E183E4FFEB000050E3D5
:10BF50000500000A0800A0E171BFFFEB015085E277
:10BF6000030055E3F2FFFFBA4D0000EA0080A0E3B2
:10BF7000890EA0E120ACA0E144B084E22010A0E34F
:10BF80000700A0E1CF53FFEB8000A0E30C00C7E562
:10BF90000A00A0E30E00C7E52500A0E30F00C7E5F7
:10BFA00010A0C7E502518BE36400A0E300008DE51B
:10BFB0000130A0E30820A0E30510A0E10400A0E107
:10BFC000AFF1FFEB0060A0E10600B0E10600005A0F
:10BFD000470F76E30100001A0400A0E188E4FFEBBC
:10BFE000018088E2030058E3E3FFFFBA030058E34F
:10BFF0002B0000AA0000D5E50110D5E5000CA0E15A
:10C00000010880E10210D5E5010480E10310D5E5C7
:10C01000010080E1680084E50400D5E50510D5E560
:10C02000000CA0E1010880E10610D5E5010480E1E3
:10C030000710D5E5010080E16C0084E5BBCBFFEB88
:10C04000740084E5000050E3010000AA0960E0E309
:10C05000180000EA0400A0E1D9E3FFEB7400D4E586
:10C060008C109FE5300080E20000C1E50120A0E3D4
:10C07000780084E224C8FFEB0100A0E304008DE512
:10C08000AE0FA0E3700000EB0040A0E1000054E31D
:10C090001200000A08109DE5AE2FA0E30400A0E105
:10C0A0005B53FFEB019089E208009DE51000D0E5AD
:10C0B000090050E18FFFFFAA04009DE5000050E356
:10C0C0000800000A000054E30200000AAE1FA0E3CB
:10C0D0000400A0E13D0100EB0000A0E3FE8FBDE8FD
:10C0E0000960E0E3F3FFFFEA0600A0E1FE8FBDE890
:10C0F000A0860100D4FF020070402DE938609FE562
:10C1000030409FE50000D6E530509FE5001194E7F0
:10C11000FA0FE0E3000041E00520A0E10753FFEB48
:10C120000000D6E50520A0E1001194E7850081E03C
:10C130007040BDE80153FFEA000503005BFA02000E
:10C14000E90300000B02A0E3941090E5FF14C1E3A3
:10C15000941080E508109FE50000A0E30000C1E511
:10C160001EFF2FE1E0F7020070402DE90040A0E340
:10C1700020509FE5000095E5010050E30400000A0F
:10C18000050000EB010084E2FF4000E2050054E3FB
:10C19000F7FFFF3A7080BDE850FF020070402DE9C4
:10C1A00090309FE50000D3E5000050E32000001A26
:10C1B0000100A0E30000C3E57C009FE50020A0E3B0
:10C1C0000117A0E39C8DFFEB0B02A0E3101290E59A
:10C1D000011781E3101280E5941090E5FF14C1E38C
:10C1E000771481E3941080E550009FE5020180E31D
:10C1F0000C0083E5500000EB850300EB0040A0E35A
:10C200003C609FE53C509FE5DC0200EB000096E5BA
:10C21000010050E30200000A014084E2050054E1FD
:10C22000F8FFFF3A050054E10100003A7040BDE814
:10C23000C3FFFFEA7080BDE8E0F70200100200B023
:10C24000002D030050FF0200B80B000070402DE9E4
:10C250000050A0E11010A0E30500A0E13C9AFFEB24
:10C260000040A0E1000054E30600000A0510A0E130
:10C270000400A0E10353FFEB0500A0E132E1FFEB76
:10C280000400A0E17080BDE80510A0E108008FE285
:10C290004BF8FFEB0000A0E37080BDE875736268A7
:10C2A0005F616C6C6F635F6D656D206661696C6565
:10C2B00064212025640A0000001090E52C1091E50F
:10C2C000141091E511FF2FE130402DE91CD04DE213
:10C2D0000050A0E10140A0E10410A0E13C008FE289
:10C2E00037F8FFEB0020A0E36430A0E310308DE5C9
:10C2F00018C08DE20230A0E104208DE508208DE514
:10C300000120A0E30210A0E30500A0E10CC08DE530
:10C3100000408DE5430000EB1CD08DE23080BDE88D
:10C32000436C65617220656E64706F696E74203055
:10C330007825782068616C742E0A000010402DE981
:10C340001700A0E38BF4FFEB1800A0E389F4FFEBE8
:10C3500098009FE598409FE5000084E5020A40E2CE
:10C36000040084E58C109FE52020A0E388008FE284
:10C3700013F8FFEB7C009FE52010A0E3D152FFEB08
:10C380000000A0E3080084E50C0084E50C0100EB4C
:10C39000040094E5161EA0E3C41080E5521EA0E33D
:10C3A000C81080E5190100EB000094E5041290E547
:10C3B0000810C1E3041280E560209FE51810A0E397
:10C3C0004100A0E3DBF6FFEB54009FE5000090E5A1
:10C3D00030FF2FE11800A0E383F4FFEB0800A0E397
:10C3E000ADF4FFEB1040BDE87F00A0E30EF7FFEADD
:10C3F000007000B0C4FF0200800F0A005F64726921
:10C40000766572733D25582C73697A656F66285F6F
:10C4100064726976657273293D25580D0A00000023
:10C42000E8D0000084FF0200FF5F2DE948509DE541
:10C4300044809DE53C909DE50060A0E101A0A0E165
:10C4400002B0A0E10070A0E3007088E50600A0E162
:10C45000EBA1FFEB0040A0E10400B0E11700000AEF
:10C4600004A0C4E505B0C4E50C009DE5B600C4E138
:10C4700038009DE5B800C4E1BA90C4E140009DE5F4
:10C48000100084E5189084E51470C4E52C0096E54E
:10C49000101090E50400A0E131FF2FE10090A0E131
:10C4A000000059E3070000AA287086E50400A0E117
:10C4B000F3CCFFEB0900A0E110D08DE2F09FBDE8C6
:10C4C0000900E0E3FBFFFFEAABCFFFEB0090A0E148
:10C4D0000A0000EA0900A0E1A9CFFFEB050050E146
:10C4E0000600009A0400A0E1560200EB0400A0E15F
:10C4F000E3CCFFEB287086E5CA00E0E3EDFFFFEA3E
:10C500001400D4E5000050E3F1FFFF0A785094E5F1
:10C51000000055E30100001A1C0094E5000088E5C6
:10C520000400A0E1D6CCFFEB0500A0E1E1FFFFEAAB
:10C53000F0412DE90080A0E10170A0E10050A0E3EE
:10C540000040A0E37C609FE5840296E7000050E392
:10C550000500000A840286E00C0080E20810A0E1D9
:10C560006D52FFEB000050E30700000A014084E237
:10C57000080054E3F3FFFFBA000055E30400000A8B
:10C5800044009FE5000090E50A0000EA845286E03E
:10C59000F8FFFFEA0000A0E3F081BDE8141090E589
:10C5A000050051E10200001A1810D0E5070051E122
:10C5B000F8FFFF0A340090E5000050E3F6FFFF1A91
:10C5C0000000A0E3F081BDE82403090074FF02002D
:10C5D00010402DE90140A0E1D498FFEB000064E297
:10C5E0001040BDE858E0FFEAF0472DE918D04DE2D1
:10C5F0000090A0E10140A0E10280A0E104A0A0E140
:10C6000014608DE20900A0E351008DE9C850A0E359
:10C610000070A0E3023CA0E30620A0E38010A0E3AA
:10C620000900A0E110508DE500708DE57DFFFFEB66
:10C63000000050E3080000BA0300DAE50210DAE572
:10C64000001481E1080051E1050000DA0820A0E1B2
:10C6500048008FE25AF7FFEB7A0F45E218D08DE2DF
:10C66000F087BDE814108DE50108A0E12008A0E1E5
:10C6700051008DE9023CA0E30620A0E38010A0E376
:10C680000900A0E110508DE500708DE565FFFFEB1E
:10C69000000050E3F0FFFFBA0000A0E3EEFFFFEA66
:10C6A00044657669636520636F6E6669677572615C
:10C6B00074696F6E202564206C656E677468203E17
:10C6C000202564210A000000F04F2DE91CD04DE226
:10C6D00000B0A0E10170A0E11460A0E30040A0E37D
:10C6E0000080A0E318908DE212A0A0E310608DE519
:10C6F00008708DE50C908DE500058DE8013CA0E308
:10C700000620A0E38010A0E30B00A0E145FFFFEBB3
:10C710000050A0E1000055E30800000A0510A0E168
:10C7200020008FE226F7FFEB014084E2030054E390
:10C73000EDFFFFBA0500A0E11CD08DE2F08FBDE84F
:10C740000000A0E3FBFFFFEA47657420646576699B
:10C7500063652064657363726970746F72206661CB
:10C76000696C6564202D2025642C207265747279B3
:10C77000210A000010402DE918D04DE2C8C0A0E306
:10C7800014408DE208E08DE214108EE80338A0E139
:10C7900028209FE52338A0E10118A0E12118A0E19D
:10C7A00004308DE5033C81E300208DE50620A0E305
:10C7B0008010A0E31BFFFFEB18D08DE21080BDE8D6
:10C7C0000904000010402DE910009FE5011CA0E3C2
:10C7D000BC51FFEB1040BDE804009FE5A80100EA52
:10C7E0002403090054FF020010402DE90040A0E19D
:10C7F0000800A0E3A8F3FFEB000094E52C0090E50F
:10C80000181090E50400A0E11040BDE811FF2FE1F1
:10C8100010402DE90000A0E358209FE50010A0E3A0
:10C82000213B42E202C983E20010C2E7804383E079
:10C83000024184E300418CE7010080E2010C50E3F7
:10C84000F8FFFFBA30409FE5041084E5081084E546
:10C850000C1084E5001084E5101084E51C009FE5B1
:10C860008010A0E39751FFEB0100A0E3140084E5E2
:10C870001040BDE81F98FFEA008C090064FF020029
:10C88000008D090010402DE918409FE5043094E523
:10C890000C1094E5012CA0E30C008FE2C8F6FFEB2E
:10C8A000040094E51080BDE864FF02005553422067
:10C8B000737461746963206D656D6F72793A2025B8
:10C8C000642F25642C206865617020757365643A57
:10C8D0002025640A00000000F0412DE90080A0E15D
:10C8E0000170A0E10300D7E50220D7E5002482E132
:10C8F0000000D7E5015080E0004042E00060A0E386
:10C900001D0000EA0010D5E5040051E1010000CA55
:10C91000020051E30300002A8C008FE2A8F6FFEB2F
:10C920008800E0E3F081BDE80100D5E5040050E3B4
:10C930000800000A0120A0E10010A0E184008FE2BD
:10C940009FF6FFEB0000D5E5005085E0004044E095
:10C95000020054E3EAFFFF2A0420A0E10510A0E151
:10C960000800A0E15D0000EB000050E3ECFFFFBA1F
:10C97000005085E0004044E0016086E20400D7E515
:10C98000060050E1F1FFFFCA000054E3040000DAA2
:10C990000410A0E148008FE289F6FFEB8800E0E395
:10C9A000F081BDE80400A0E1F081BDE845525220CD
:10C9B00044455343524950544F5220434F4E4649E9
:10C9C00047205B25645D0A0069676E6F72652064AD
:10C9D000657363726970746F7220307825582025F2
:10C9E000640A000045525220444553435249505472
:10C9F0004F5220434F4E464947204C454E20256418
:10CA00000A00000070402DE90240A0E10050A0E3C0
:10CA1000110000EA0420A0E100C0D2E503005CE1BF
:10CA2000010000CA02005CE30500002A0110D2E503
:10CA30000C20A0E180008FE261F6FFEB8800E0E3CC
:10CA40007080BDE80160D2E5050056E30400000AED
:10CA50000C4084E00C5085E00C3043E0000053E3D0
:10CA6000EBFFFFCA0230D2E5811081E0010180E0D6
:10CA70000430C0E50310D2E50510C0E50610D2E58C
:10CA80000610C0E50510D2E50430D2E5011483E1BB
:10CA90003E3BC1E38119A0E101C0A0E3211F8CE06E
:10CAA000830161E1B810C0E10010A0E30C1080E543
:10CAB0000000D2E5050080E07080BDE845525220BC
:10CAC00044455343524950544F52204550204C4501
:10CAD0004E205B307825582025645D0A0000000058
:10CAE000F74F2DE90160A0E10240A0E10070A0E352
:10CAF00048029FE5D4FDFFEB0050A0E10500B0E146
:10CB00000600000A00009DE5000085E50C0085E2B6
:10CB1000080085E50200D6E50400C5E55A0000EAF4
:10CB20000900E0E3FE8FBDE80690A0E10100D9E531
:10CB30000960A0E1040050E30400000A0000D9E508
:10CB4000006086E0007087E0004044E04E0000EAAC
:10CB50000200D9E50410D5E5010050E14C00001AAF
:10CB60000400D9E5080050E30400009A0410D9E558
:10CB7000730F8FE212F6FFEB0E80E0E36A0000EA2B
:10CB80000000D9E5006086E0007087E0004044E0E6
:10CB90000510D5E50C0051E31700003A0A80E0E3E8
:10CBA000610000EA06A0A0E10020DAE50A60A0E149
:10CBB000040052E1010000CA020052E30400002A0E
:10CBC0000110DAE5630F8FE2FDF5FFEB8880E0E30B
:10CBD000550000EA0100DAE5020050E32C00000AEB
:10CBE000040050E30600000A050050E30400000AB8
:10CBF000026086E0027087E0024044E0000054E3F7
:10CC0000E7FFFFCA810181E0010280E0000185E0C9
:10CC10000C9080E50500D5E5010080E20500C5E542
:10CC2000000054E31A00000A0100DAE5040050E3B2
:10CC30001500000A00B0A0E3100000EA0500D5E5E9
:10CC40000430A0E10620A0E1010040E2801180E074
:10CC5000000281E0000185E00C0080E20B10A0E101
:10CC600067FFFFEB0080A0E1000058E32E0000BA50
:10CC7000086086E0087087E0084044E001B08BE27D
:10CC80000400D9E50B0050E1EBFFFFCA000054E3BC
:10CC9000A4FFFFCA0060A0E30040A0E3D8809FE5A6
:10CCA000040198E7000050E30400000A001090E53A
:10CCB0000500A0E131FF2FE1000050E31000000A61
:10CCC000014084E2080054E3F4FFFFBA000056E399
:10CCD0001000000A040198E7BC0485E50000A0E309
:10CCE000C40485E500009DE5300090E5000050E3B8
:10CCF0000500000AC40485E500009DE5305080E58C
:10CD0000070000EA0160A0E3EFFFFFEA00009DE5F5
:10CD1000305080E5020000EA20109FE50500A0E108
:10CD20002AFEFFEB0700A0E1FE8FBDE80C109FE597
:10CD30000500A0E125FEFFEB0800A0E1FE8FBDE8A5
:10CD4000C80400004946204550204C494D495445EF
:10CD50002025640A000000004552522044455343F8
:10CD6000524950544F52204946204C454E205B308A
:10CD70007825582025645D0A00000000800F0A0015
:10CD800070402DE90040A0E3A0009FE50000D0E541
:10CD9000000050E30800000A94009FE5280090E599
:10CDA00030FF2FE1000050E30000000A0140A0E343
:10CDB000010054E30200000A1A0000EA0000A0E3A8
:10CDC0007080BDE86C009FE5000090E5541090E590
:10CDD00064509FE5010011E30200001A580090E53D
:10CDE000010010E30600000A0100A0E3000085E551
:10CDF0004C009FE50120A0E340108FE2C2C4FFEB8E
:10CE0000080000EA000095E5010050E30000001A68
:10CE1000CBFCFFEB0000A0E3000085E50120A0E3D0
:10CE200018108FE2B8C4FFEB0400A0E17080BDE8E9
:10CE3000E0F7020084FF0200C4FF020050FF02007E
:10CE4000333A0000E82E0400000050E30600000A18
:10CE5000001090E5000051E30300000A2C1091E55A
:10CE6000202091E50010A0E312FF2FE16900E0E32C
:10CE70001EFF2FE12C0090E5202090E50000A0E3AC
:10CE800012FF2FE10010A0E338309FE5012193E766
:10CE9000000052E10100001A0000A0E31EFF2FE194
:10CEA000000052E30400000A011081E2080051E38F
:10CEB000F5FFFFBA0900E0E31EFF2FE1010183E760
:10CEC0000000A0E31EFF2FE1800F0A0070402DE953
:10CED00018D04DE20060A0E11900D6E5000050E353
:10CEE0000200000A8A00E0E318D08DE27080BDE8FD
:10CEF000AA9EFFEB0050A0E10510A0E160008FE2C8
:10CF00002FF5FFEB0000A0E36410A0E314208DE2F6
:10CF100010108DE50538A0E10010A0E104008DE5BA
:10CF200008008DE50C208DE500008DE52338A0E19B
:10CF30000520A0E30600A0E13AFDFFEB0040A0E1E0
:10CF4000000054E3030000AA0500A0E1D4C9FFEBF0
:10CF50000400A0E1E3FFFFEA1950C6E50000A0E3EA
:10CF6000E0FFFFEA6465765F6E756D3D25640A0D2E
:10CF70000000000030402DE91CD04DE20050A0E13F
:10CF80000140A0E1DA01D5E1040050E10200001AFD
:10CF90000000A0E31CD08DE23080BDE8010070E30A
:10CFA0000100000A9600E0E3F9FFFFEA0000A0E3B9
:10CFB0004B1FA0E318208DE210108DE50010A0E1BA
:10CFC00004008DE508008DE50C208DE500008DE561
:10CFD0000430A0E10920A0E30500A0E111FDFFEB72
:10CFE000000050E3EAFFFFBA1A40C5E50000A0E3E5
:10CFF000E7FFFFEA10402DE928C9FFEB000050E3EE
:10D000000100000A0000A0E31080BDE80200A0E3D8
:10D010001080BDE810402DE9E2C7FFEB10109FE53E
:10D020000000A0E3040081E51040BDE8100081E2AB
:10D0300093FFFFEAD4FF020070402DE90140A0E118
:10D040000250A0E115C9FFEB000050E30900000AFF
:10D05000000054E30900000A010054E30900000A3B
:10D06000020054E30B00000A030054E30D00000A21
:10D0700040009FE57080BDE83C009FE57080BDE802
:10D080000000A0E37080BDE8680090E5000085E541
:10D090000000A0E37080BDE86C0090E5000085E52D
:10D0A0000000A0E37080BDE86C0090E5000085E51D
:10D0B0000000A0E37080BDE8F2FBFFFFF1FBFFFF83
:10D0C000F8432DE90160A0E10270A0E10380A0E136
:10D0D000F2C8FFEB0050A0E1000055E32100000A78
:10D0E000144085E22010A0E30400A0E1754FFFEB9F
:10D0F0008000A0E30C00C4E50A00A0E30E00C4E534
:10D100002800A0E30F00C4E51100D5E58002A0E1EE
:10D110001000C4E5260CA0E11100C4E52608A0E13A
:10D120001200C4E52604A0E11300C4E51460C4E5C0
:10D130004704A0E11600C4E51770C4E57D0FA0E325
:10D1400000008DE58724A0E10130A0E30810A0E1F4
:10D150000500A0E14AEDFFEB000050E30000001ADB
:10D160000000A0E3F883BDE800009FE5F883BDE878
:10D17000F1FBFFFFF8432DE90160A0E10270A0E19F
:10D180000380A0E1C5C8FFEB0050A0E1000055E31B
:10D190002400000A144085E22010A0E3140085E278
:10D1A000484FFFEB0000A0E30C00C4E50A00A0E339
:10D1B0000E00C4E52A00A0E30F00C4E51100D5E588
:10D1C0008002A0E11000C4E5260CA0E11100C4E536
:10D1D0002608A0E11200C4E52604A0E11300C4E57E
:10D1E0001460C4E54704A0E11600C4E51770C4E567
:10D1F0007D0FA0E300008DE58724A0E10030A0E3CF
:10D200000810A0E10500A0E11DEDFFEB0010A0E17A
:10D21000000051E3050000AA18008FE268F4FFEB5C
:10D2200028009FE5F883BDE824009FE5F883BDE86A
:10D230000000A0E3F883BDE872756E5F73637369E5
:10D240005F636F6D6D616E643D25580D0A000000CF
:10D25000F7FBFFFFF1FBFFFF70402DE90040A0E16D
:10D260000160A0E10950A0E3000054E30E00000AB1
:10D27000000094E5000050E30B00000A0010D0E528
:10D28000000051E30800000AB410D4E1B620D0E158
:10D29000020051E10400001A0100D0E5F2BDFFEBED
:10D2A000010010E30000001A0050A0E3000055E365
:10D2B0000300000A0000A0E3000086E50500A0E1ED
:10D2C0007080BDE8000094E5FAFFFFEA10402DE908
:10D2D00050009FE50120A0E38010A0E35689FFEBFA
:10D2E0000F20A0E30010A0E30300A0E38D67FFEB95
:10D2F0000300A0E35467FFEB2C209FE53210A0E36E
:10D300000000A0E30BF3FFEB3F00A0E346F3FFEBCD
:10D310003200A0E3B4F0FFEB10109FE50100A0E3A2
:10D32000000081E51080BDE8180200B054730000D1
:10D33000101700B810402DE90040A0E10300A0E361
:10D34000DE67FFEB0F20A0E30010A0E30300A0E3E3
:10D350007467FFEB14109FE5840084E00001A0E1F6
:10D36000000081E51040BDE80300A0E3B567FFEAD7
:10D37000081700B80300A0E3D067FFEA10402DE9CA
:10D38000A0009FE5001090E5000051E30C00000AAA
:10D39000042090E5000052E30900000A140040E276
:10D3A000000090E5020C50E31C00000A060000CAD1
:10D3B000000050E31700000A010C50E30600001AB9
:10D3C000140000EA0000A0E31080BDE8030C50E365
:10D3D0001200000A010B50E30E00000A0200A0E355
:10D3E000920101E0910000E0400080E2CB4BFFFAA7
:10D3F0002010A0E3CAEDFFEB200080E228109FE59B
:10D40000020180E3240081E52C2091E50321C2E3A1
:10D410002C2081E51080BDE80200A0E3EFFFFFEAC9
:10D420000400A0E3EDFFFFEAD4000900008000B093
:10D4300010402DE90040A0E10B12A0E3102291E57D
:10D44000022482E3102281E584009FE53810A0E3E6
:10D450009C4EFFEB7C109FE574009FE5041191E763
:10D460003820A0E36A4EFFEB64009FE5081090E5CA
:10D470000C2090E5021081E1102090E5021081E17E
:10D48000142090E5021081E1182090E5021081E15E
:10D490001C2090E5021081E1202090E5012082E12E
:10D4A00034109FE5042081E5242090E5102081E5DB
:10D4B000282090E5142081E52C2090E5182081E5B6
:10D4C000302090E51C2081E5340090E5200081E5C6
:10D4D0001080BDE8D400090000FE0200008000B00A
:10D4E00010402DE9E4109FE5000081E5E0209FE574
:10D4F000001092E5071CC1E3001082E5000050E334
:10D500000300000A001092E5001081E1001082E59E
:10D51000020000EA001092E5071CC1E3001082E55A
:10D52000B4109FE5AC309FE5001091E5020C50E38C
:10D530000F00000A030C50E30D00000A2CC092E516
:10D54000A140A0E103C00CE004C88CE1A1C08CE1C3
:10D550002CC082E5020C50E31A00000A0A0000CA3F
:10D56000000050E31500000A010C50E30A00001A05
:10D57000120000EA2CC092E503C00CE001C88CE167
:10D5800001C08CE12CC082E5F1FFFFEA030C50E3FF
:10D590000C00000A010B50E30800000A0200A0E39F
:10D5A000910000E02001A0E12C1092E5031001E0C1
:10D5B000001881E1010080E12C0082E51080BDE8C7
:10D5C0000200A0E3F5FFFFEA0400A0E3F3FFFFEA97
:10D5D000C0000900008000B000F800F8D400090085
:10D5E00010402DE908C09DE56740A0E3940101E0EB
:10D5F000000581E0930401E0021581E0010880E16B
:10D6000008109FE50C0080E1300081E51080BDE846
:10D61000008000B030009FE5001090E5800011E32D
:10D620000200000A001090E5020011E3FCFFFF1A5F
:10D63000001090E5081081E3001080E5001090E5EF
:10D64000021081E3001080E51EFF2FE1008000B092
:10D650001EFF2FE1F84F2DE90080A0E3F4739FE552
:10D66000140097E5000050E30300001AE8039FE56B
:10D670002A4BFFFA100087E5140087E5140097E5B0
:10D68000000050E31700000AD0439FE52010A0E3FC
:10D69000000094E522EDFFEB000094E5020180E339
:10D6A000100087E5FF20A0E30218A0E3F14DFFEB97
:10D6B0000040A0E3A8B39FE51F0054E33000008AB8
:10D6C0000410A0E1E70F8FE23DF3FFEB00009BE5C4
:10D6D000849184E0090080E00860D0E5000054E314
:10D6E0000200000A020000EA0000A0E3F88FBDE893
:10D6F0000860A0E3080056E30000009A0860A0E379
:10D700000610A0E1DA0F8FE22DF3FFEB0050A0E34B
:10D710000000A0E3101097E5841181E0070000EA03
:10D7200000209BE5092082E00020D2E70020C1E72D
:10D73000012085E2FF5002E2010080E2FF0000E2EA
:10D74000060050E1F5FFFF3A0510A0E1330E8FE22D
:10D750001BF3FFEB100097E5FF10A0E3840180E0CE
:10D76000020000EA0510C0E7012085E2FF5002E256
:10D77000080055E3FAFFFF3A0510A0E1C30F8FE25E
:10D780000FF3FFEB200054E31700001A0060A0E342
:10D790000050A0E3860186E000A1A0E1060185E03B
:10D7A000019C80E2030065E280008AE0120E80E2C4
:10D7B0000008A0E12008A0E100109BE5010080E046
:10D7C000D35BFFEB101097E50900C1E7010085E28C
:10D7D000FF5000E2040055E3EFFFFF3A010086E24C
:10D7E000FF6000E2100056E3E8FFFF3A300054E328
:10D7F0002000001A0060A0E30050A0E3860186E04C
:10D800000001A0E100008DE5060185E005AD80E2A4
:10D8100000009DE5031065E2811080E04A0FE0E31F
:10D82000000041E00098A0E12998A0E100009BE5FC
:10D83000091080E00120D1E50910D0E7960F8FE2B2
:10D84000DFF2FFEB00009BE5090080E0B05BFFEB3F
:10D85000101097E50A00C1E7010085E2FF5000E2E1
:10D86000040055E3E7FFFF3A010086E2FF6000E2B3
:10D87000100056E3DFFFFF3A400054E31800001A9F
:10D880000060A0E30050A0E3860186E000A1A0E1D3
:10D89000060185E0069D80E2030065E280008AE0E3
:10D8A000010C80E23B0080E20008A0E12008A0E13A
:10D8B00000109BE5010080E0955BFFEB101097E501
:10D8C0000900C1E7010085E2FF5000E2040055E3D2
:10D8D000EEFFFF3A010086E2FF6000E2100056E32F
:10D8E000E7FFFF3A500054E31D00001A0060A0E378
:10D8F0000050A0E3860186E000A1A0E1060185E0DA
:10D90000079D80E2030065E280008AE0010C80E26E
:10D91000320080E20008A0E12008A0E100109BE5B1
:10D92000010080E07A5BFFEB101097E5FF0000E25A
:10D930000900C1E7FF0050E30100001A0000A0E366
:10D940000900C1E7010085E2FF5000E2040055E351
:10D95000E9FFFF3A010086E2FF6000E2100056E3B3
:10D96000E2FFFF3A620054E30500001A3C019FE524
:10D97000101097E50800D0E50802C1E50000E0E1DD
:10D980000902C1E5630054E30500001A1C019FE58C
:10D99000101097E50000D0E50C02C1E50000E0E1C1
:10D9A0000D02C1E5700054E31600001A0060A0E308
:10D9B0000050A0E386A186E0060185E0099D80E293
:10D9C000030065E280008AE03F0E80E20008A0E1EB
:10D9D0002008A0E100109BE5010080E04C5BFFEB1C
:10D9E000101097E50900C1E7010085E2FF5000E251
:10D9F000040055E3EFFFFF3A010086E2FF6000E21A
:10DA0000300056E3E9FFFF3AA20054E32B00001A6E
:10DA10000000A0E3101097E50020D1E7028088E025
:10DA2000010080E20108C0E3C20F50E3F9FFFF3AB2
:10DA3000088381E5322EA0E3050A81E2BF4CFFEBAB
:10DA4000101097E5322EA0E3010881E2BB4CFFEBFA
:10DA5000322EA0E3160000EAF8F9020040000200AE
:10DA6000E8F70200DCF8020054705F693D25780D8C
:10DA70000A00000054705F6C6F6E673D25780D0AD8
:10DA80000000000054705F6B5F303D25780D0A0088
:10DA900054705F6B5F313D25780D0A0064617461DD
:10DAA000313D25782C64617461323D25780D0A0082
:10DAB000382C0300101097E5150A81E29F4CFFEB0C
:10DAC000010084E2FF4000E2A40054E3F9FEFF3AC3
:10DAD000140097E5000050E30100000A0100A0E3F4
:10DAE000F88FBDE80000A0E3F88FBDE870402DE995
:10DAF000E0509FE5D0409FE5000095E50020D4E58B
:10DB0000030C80E2C4108FE27B0080E2F84AFFFA47
:10DB1000000095E5B820D4E1030C80E2AC108FE260
:10DB2000720080E2F24AFFFA0600D4E59C108FE210
:10DB3000012000E2000095E5030C80E29F0080E2F6
:10DB4000EB4AFFFA000095E50120D4E5030C80E2E2
:10DB500078108FE2960080E2E54AFFFA000095E532
:10DB60000220D4E5050C80E260108FE2A90080E27B
:10DB7000DF4AFFFA000095E5DA3FE0E30320D4E551
:10DB800048108FE2030040E0D94AFFFA000095E513
:10DB90000420D4E534108FE2360E80E2D44AFFFA36
:10DBA000000095E50520D4E520108FE2E10F80E22A
:10DBB000CF4AFFFA000095E50A20D4E57040BDE8A1
:10DBC00008108FE2EA0F80E2C74AFFEA382C030010
:10DBD0002530385800000000DCF80200001080E515
:10DBE000000052E30C00000A000053E30A00000AA0
:10DBF0000210A0E1041080E5000052E30800000AD2
:10DC0000000053E30600000A032082E0012042E204
:10DC10000C2080E5201080E51EFF2FE10010A0E31E
:10DC2000F3FFFFEA0020A0E3F8FFFFEA0030A0E1E5
:10DC30000100D3E5010080E280C2A0E10000A0E382
:10DC40000010A0E10D0000EA020051E30300000A09
:10DC5000010010E30300000A0229A0E3020000EA29
:10DC60000310A0E3040000EA0020A0E3A00082E08B
:10DC70000120D3E7020080E00308C0E3011081E245
:10DC80000C0051E1EFFFFF3A1EFF2FE170402DE93C
:10DC90000050A0E10040A0E3130000EAF0C4FFEB55
:10DCA0000008A0E12008A0E1010014E30100000A3F
:10DCB0000219A0E3000000EA0010A0E3A41081E034
:10DCC000FF2000E2021081E00318C1E3010011E32C
:10DCD0000100000A0229A0E3000000EA0020A0E3FE
:10DCE000A11082E0200481E00348C0E3B200D5E047
:10DCF000000050E3E8FFFF1A0400A0E17080BDE8D7
:10DD00000030A0E10000A0E30020A0E3030000EA4F
:10DD100002C0D3E70C0020E0012082E2FF2002E2F3
:10DD2000010052E1F9FFFF3A1EFF2FE110402DE9FB
:10DD3000000051E30900000A0000D1E5000050E3B3
:10DD40000600000A20009FE500008FE0724CFFEB08
:10DD5000000050E30100000A0000B0E31080BDE8BD
:10DD600008009FE500008FE01080BDE8D01800009B
:10DD7000BC18000010402DE9000051E30900000A22
:10DD80000000D1E5000050E30600000A20009FE5F6
:10DD900000008FE0604CFFEB000050E30100000A40
:10DDA0000000B0E31080BDE808009FE500008FE0B0
:10DDB0001080BDE8A4180000901800000221C1E303
:10DDC0000E2342E2010652E3FFC67222023101E253
:10DDD0000500009A00C2B0E1822183E1A00EA2E01A
:10DDE0001EFF2F110100C0231EFF2FE1010652E389
:10DDF0000300A0B11EFF2FB181C0A0E102067CE3A9
:10DE00000100002A0100A0E1630200EA70402DE950
:10DE10003D0100EB00000089F9FFFFEA0201A0E3E9
:10DE2000010540E21EFF2FE1C0412DE930002DE940
:10DE3000B8C29FE52142DCE12342DC117A00000AEE
:10DE4000035021E021421CE0A54F84E123521C1025
:10DE50006600000A054044E00251A0E3811585E117
:10DE6000833585E1A01A81E1A23A83E1030051E103
:10DE7000FF4784E28005A0E18225A0E10200500175
:10DE8000024884E24F00000A235CA0E1576F8FE252
:10DE90000560D6E72358A0E1960507E0017467E224
:10DEA000960707E0A777A0E1976388E0006076E235
:10DEB0000188E8E297C68EE097E826E000E0A0E35C
:10DEC0000070A0E396828CE096C3AEE000C07CE2D6
:10DED00002E1EEE2965C88E00050A0E3968EA7E0B7
:10DEE00091C886E090C78EE00E6096E00050A5E2F3
:10DEF0009167A5E007E295E28660B071014844723F
:10DF00000550A570807096E20050A5E22774A0E14C
:10DF1000066CA0E1057C87E16F6446E2010256E3EE
:10DF20002554A0E11100009A0700A0E101C0C4E35C
:10DF30007F065CE3841F85E0F000BD980C1281E051
:10DF40000081BD98040014E101E68152840F3E5126
:10DF5000F000BD580081BD58040014E11E00004AC5
:10DF6000F000BDE8061241E20041BDE8140100EAFC
:10DF7000A225A0E1832A82E1A335A0E1978286E071
:10DF80000E001EE1A005A0E1976326E0810A80E172
:10DF9000A2E0A0E1956226E083EF8EE1A115A0E169
:10DFA000006A4650006A56E00EE098E0A3E0B6E052
:10DFB000DCFFFF5A028098E00360B6E0017097E250
:10DFC0000050B5E2D7FFFFEA0156A0E30070A0E3DE
:10DFD0000060A0E30080A0E3D2FFFFEAF000BDE80C
:10DFE0000000A0E3061281E2021101E20081BDE817
:10DFF0000C0211E123520CE00000000A060000EAC6
:10E000000C0213E11400000A0000A0E3F000BDE8D8
:10E01000031021E0021101E20081BDE8F000BDE83B
:10E02000031021E00041BDE8E50000EAF000BDE892
:10E030000041BDE870402DE9B30000EB097EFC3ED5
:10E04000030000EA031021E00000A0E3021101E256
:10E050001EFF2FE1031021E0D90000EAF000BDE827
:10E060000000A0E388109FE50041BDE81EFF2FE1FE
:10E07000FFFDFBF9F7F5F4F2F0EEEDEBE9E8E6E48D
:10E08000E3E1E0DEDDDBDAD8D7D5D4D3D1D0CFCD14
:10E09000CCCBCAC8C7C6C5C4C2C1C0BFBEBDBCBB4D
:10E0A000BAB9B8B7B6B5B4B3B2B1B0AFAEADACAB48
:10E0B000AAA9A8A8A7A6A5A4A3A3A2A1A09F9F9E22
:10E0C0009D9C9C9B9A9999989797969595949393D4
:10E0D000929191908F8F8E8E8D8C8C8B8B8A89896B
:10E0E00088888787868585848483838282818180EE
:10E0F0000000FF070000F87F213AA0E1013B43E266
:10E100001E3073E220C073A2040000BA0221A0E313
:10E11000812582E1A02A92E13203B0E11EFF2FE1C6
:10E12000010011E10700004A100053E30000A0C302
:10E130001EFF2FC13ECE83E201007CE30300000AF4
:10E140000000E0E31EFF2FE10000A0E31EFF2FE12F
:10E1500070402DE96C0000EB922449800000A0E3A0
:10E160001EFF2FE1F5FFFFEA103F6FE11013B0E152
:10E170000500000A1D3063E2013B83E2810AA0E151
:10E18000032AA0E1A11582E01EFF2FE10000A0E319
:10E190001EFF2FE164C19FE570402DE921E21CE0E4
:10E1A00023521C100C003E110C0035113C00000ADB
:10E1B000034021E08C32C3E1A4EF8EE18C12C1E177
:10E1C000011681E3013683E305E08EE091428CE0A5
:10E1D000906385E0FFE74EE2046096E00C50B5E006
:10E1E00091438CE00030ACE290128CE00C6096E041
:10E1F0000450B5E00030B3E2010011E10160861384
:10E20000020C13E30600001A0316A0E10506A0E1C4
:10E210000646B0E1251A81E1260A80E10320E0E309
:10E22000050000EA8315A0E18505A0E18645B0E17F
:10E23000A51A81E1A60A80E10220E0E34E2882E0EF
:10E24000025A81E08E1F25E00400000A84C0B0E17C
:10E250000241C4130000B0E20010A1E2A40FC0E12B
:10E260009CC09FE50C0052E10000002A7080BDE8D0
:10E27000050050E10141A0130341A003000056E353
:10E280000040A00301035EE37040BDE8061241A216
:10E290004B0000AA0000A0E3061281E2021101E295
:10E2A0001EFF2FE10C003EE123520CE00C00351163
:10E2B0000300000A0000A0E303E021E002110EE2E7
:10E2C0007080BDE8100000EB8900013E030000EA09
:10E2D000040000EA83C0A0E1ACCAB0E10400000A77
:10E2E000031021E0360000EA81C0A0E1ACCAB0E131
:10E2F000FAFFFF1A0000A0E308109FE51EFF2FE1C0
:10E300000000FF07FE0700000000F87F04609EE4A5
:10E31000060016E10300004A010052E30350A3E0A7
:10E32000020675E30A00008A010050E301C0A1E083
:10E3300002067CE30600008A0700001AA1CFA0E1D4
:10E34000020675E38CC08CE002C08CE2A3CFAC0067
:10E35000020000EA08C0A0E3000000EAA3CFA0E1A9
:10E360008C508CE03665A0E1076006E204C056E2FE
:10E370000200002A06C18EE07040BDE81CFF2FE1BC
:10E380000CF18FE00000A0E1050000EA060000EAC1
:10E39000FFFFFFEA0211A0E30000A0E3021741E241
:10E3A0007080BDE80310A0E10200A0E1010050E38D
:10E3B0000140B1E0024674120000A0830211018204
:10E3C0007080BDE82100B0E1021640E26110A0E1DA
:10E3D0001EFF2FE18030B0E1A3C1A0E16CC0A0E13D
:10E3E000003033E0800EA0110E138C127F04131343
:10E3F0001EFF2F1102031CE30200001A0000B0E30D
:10E4000002110CE21EFF2FE102310CE2A00E83E1AB
:10E4100010402DE98C0180E1B70000EB0000009274
:10E420000010A0E1E6FFFFEA0211A0E30000A0E374
:10E43000021741E21EFF2FE100009FE5DE0000EA27
:10E440000000C07FFFC8A0E3A0231CE0A1331C1084
:10E450000C0032110C0033114200000A010030E1BF
:10E4600002C580E3020581E3FF14CCE3FF04C0E3AF
:10E4700000402DE911CE8FE2A0E85CE7012C824339
:10E48000000051E1000060E28EE0A0E1032042E0E4
:10E49000900E0CE08110A0317D2882E24CC2A0E1F8
:10E4A0004228A2E09C0E03E08EE3A0E121C4A0E19B
:10E4B0008115A0E1C3EA8EE09E0C0CE02C3AA0E1AD
:10E4C000901321E021C4A0E10116A0E19E0C0CE014
:10E4D0000040BDE8ACC9A0E1901C21E0000071E162
:10E4E000001081200336ACE0811090E0820BA3E0A5
:10E4F0003F0752E31EFF2F311400005AF00012E3D1
:10E5000006028012020100121EFF2FE100818283A9
:10E510008485868788898B8C8D8E8F919293959632
:10E5200097999A9C9D9FA0A2A3A5A7A8AAACAEB0BC
:10E53000B2B3B5B7B9BCBEC0C2C5C7C9CCCED1D4C1
:10E54000D7D9DCDFE2E6E9ECF0F3F7FAFE000000F1
:10E5500080C0A0E101C48CE2FE045CE31EFF2F2119
:10E56000060250E28C0000EA010030E1012C8243F7
:10E570000C0052E1A1330CE00C0053310400002ADE
:10E58000FF0813E30C00000A010020E0020100E292
:10E590001EFF2FE110402DE9570000EB097EFC3EE5
:10E5A000020000EA010020E0020100E21EFF2FE16C
:10E5B000010020E0020100E2770000EAFF0812E318
:10E5C00008009F051EFF2F01010020E0720000EAF5
:10E5D0000000C07F103F6FE11023B0E19D3063E287
:10E5E0001EFF2F01831BB0E1823CB0E12204A1E0B9
:10E5F0001EFF2F310100C0031EFF2FE1FFC8A0E363
:10E60000A0231CE0A1331C100C0032110C003311AC
:10E610002000000A010030E102C1A0E3012C824386
:10E6200000048CE101148CE1032082E0901183E06E
:10E63000022542E2000051E3013083138330B0E150
:10E640004228A2E06330A02123C4B0E17F0013235D
:10E65000820BACE03F0752131EFF2F310100C003B5
:10E660003F0752E31EFF2F310500005AFF2022E230
:10E67000010872E31EFF2FC1060280E2020100D2F0
:10E680001EFF2FE102C580E28CC0B0E11EFF2F41CA
:10E69000060250E2400000EA010030E1012C824312
:10E6A0000C0052E1A1330CE00C0053310200002AAF
:10E6B000010020E0020100E21EFF2FE110402DE9E1
:10E6C0000D0000EB8900013E030000EA040000EAAF
:10E6D00081C0B0E12CCCB0E10400000A010020E0D0
:10E6E0002D0000EA80C0B0E12CCCB0E1FAFFFF1AA7
:10E6F0000201A0E3010540E21EFF2FE104409EE479
:10E70000040014E10200004A8120A0E1FF0452E36A
:10E710000900008A8030A0E1FF0453E30600008A6C
:10E720000700001AA0CFA0E1FF0452E38CC08CE0E8
:10E7300002C08CE2A1CFAC00020000EA08C0A0E356
:10E74000000000EAA1CFA0E18C308CE03443A0E1CE
:10E75000074004E204C054E20200002A04C18EE033
:10E760001040BDE81CFF2FE10CF18FE00000A0E19C
:10E77000040000EA040000EAFFFFFFEA0201A0E350
:10E78000010540E21080BDE80100A0E18020B0E179
:10E7900001247212020100821080BDE8FF10B0E374
:10E7A000A00B81E1800BB0E11EFF2FE10000A0E390
:10E7B0001EFF2FE14F51FFEAD54CFFEA0F300CE26C
:10E7C000090053E30800A0032F00000A0A0053E3E6
:10E7D0000600000A080053E31EFF2F1140001C032F
:10E7E0000500000A0000A0E30010A0E31EFF2FE1D7
:10E7F00040001CE30201A0131EFF2FE110001CE3E8
:10E800000400000A0F32C0E3FF2400E2A31182E1FA
:10E81000830EA0E11EFF2FE10E0200E2FF24C1E300
:10E82000002082E1FF0401E2E20E80E11EFF2FE101
:10E83000FF20A0E3A02B12E0FF30321201005311A1
:10E84000020071C1810B80C01EFF2FC1000052E386
:10E850000600000A000053E30600000A000051E32E
:10E86000020100E27F0480A3020580A31EFF2FE1C6
:10E87000020100E21EFF2FE18034B0E10BC0A0E3F3
:10E8800001C38C13EBFEFF1A1EFF2FE101061CE3F0
:10E890000A00000A07081CE30200000A8C17E0E1E6
:10E8A0008110B0E11EFF2FE10302A0E300200FE181
:10E8B0000F22C2E3002082E102F028E11EFF2FE1D7
:10E8C0000000A0E31EFF2FE1000000000000000098
:10E8D00000000000000000000000001010101010E8
:10E8E0001010000018180000001236244800000024
:10E8F0000000000000000000000000242424FE4866
:10E900004848FE4848480000000010385454503031
:10E91000181414545438101000000044A4A8A8A8D7
:10E92000541A2A2A2A44000000000030484848505F
:10E930006EA494888976000000606020C00000000A
:10E940000000000000000000000204080810101081
:10E9500010101008080402000040201010080808D9
:10E960000808081010204000000000001010D638E1
:10E9700038D6101000000000000000001010101029
:10E98000FE10101010000000000000000000000049
:10E9900000000000606020C00000000000000000D7
:10E9A0007F000000000000000000000000000000E8
:10E9B0000000000060600000000001020204040882
:10E9C000081010202040400000000018244242425D
:10E9D0004242424224180000000000107010101043
:10E9E00010101010107C00000000003C4242420455
:10E9F00004081020427E00000000003C424204183F
:10EA00000402024244380000000000040C142424D4
:10EA100044447E04041E00000000007E4040405834
:10EA200064020242443800000000001C24404058A8
:10EA300064424242241800000000007E444408085A
:10EA400010101010101000000000003C4242422440
:10EA500018244242423C0000000000182442424276
:10EA6000261A0202243800000000000000001818D6
:10EA70000000000018180000000000000000001056
:10EA80000000000000101020000000020408102008
:10EA90004020100804020000000000000000FE00FA
:10EAA0000000FE00000000000000004020100804EC
:10EAB00002040810204000000000003C42426202B4
:10EAC000040808001818000000000038445AAAAAD8
:10EAD000AAAAB442443800000000001010182828E8
:10EAE000243C444242E70000000000F844444478DB
:10EAF0004442424244F800000000003E424280800E
:10EB00008080804244380000000000F844424242C5
:10EB10004242424244F80000000000FC424848786B
:10EB20004848404242FC0000000000FC424848784F
:10EB30004848404040E000000000003C44448080E1
:10EB4000808E844444380000000000E74242424284
:10EB50007E42424242E700000000007C101010108C
:10EB600010101010107C00000000003E080808087B
:10EB700008080808080888F0000000EE44485070B3
:10EB80005048484444EE0000000000E0404040404F
:10EB90004040404042FE0000000000EE6C6C6C6C97
:10EBA0005454545454D60000000000C762625252BC
:10EBB0004A4A4A4646E20000000000384482828207
:10EBC0008282828244380000000000FC42424242BD
:10EBD0007C40404040E000000000003844828282D7
:10EBE0008282B2CA4C380600000000FC4242427CDD
:10EBF0004848444442E300000000003E42424020B6
:10EC000018040242427C0000000000FE9210101026
:10EC10001010101010380000000000E7424242427D
:10EC200042424242423C0000000000E7424244248B
:10EC30002428281810100000000000D6929292920A
:10EC4000AAAA6C4444440000000000E742242418AF
:10EC50001818242442E70000000000EE444428284D
:10EC600010101010103800000000007E8404080806
:10EC70001020204242FC0000001E10101010101046
:10EC80001010101010101E00000040402020101026
:10EC9000100808040404020200780808080808089C
:10ECA0000808080808087800001C2200000000007E
:10ECB0000000000000000000000000000000000054
:10ECC00000000000000000FF000000102020404075
:10ECD0000000000000000000000000000000003CF8
:10ECE000421E2242423F0000000000C04040405807
:10ECF0006442424264580000000000000000001C12
:10ED000022404040221C0000000000060202021EB9
:10ED100022424242261B0000000000000000003C8E
:10ED2000427E4040423C00000000000F1110107E67
:10ED300010101010107C0000000000000000003EC9
:10ED4000444438403C42423C000000C04040405CEB
:10ED50006242424242E70000000000303000007092
:10ED600010101010107C00000000000C0C00001CA3
:10ED70000404040404044478000000C04040404EF1
:10ED80004850684844EE0000000000701010101059
:10ED900010101010107C000000000000000000FEA9
:10EDA0004949494949ED000000000000000000DC2D
:10EDB0006242424242E70000000000000000003CC6
:10EDC00042424242423C000000000000000000D8E5
:10EDD00064424242447840E0000000000000001E0F
:10EDE00022424242221E020700000000000000EE04
:10EDF0003220202020F80000000000000000003E2B
:10EE000042403C02427C0000000000000010107CE8
:10EE100010101010100C000000000000000000C6D0
:10EE200042424242463B000000000000000000E772
:10EE3000422424281010000000000000000000D729
:10EE40009292AAAA44440000000000000000006E54
:10EE5000241818182476000000000000000000E7C5
:10EE600042242428181010E0000000000000007E5A
:10EE700044081010227E0000000304040404040867
:10EE80000404040404040300080808080808080827
:10EE9000080808080808080800601010101010087A
:10EEA000101010101010600000000200000002009E
:10EEB000000002000000020000000200000002004A
:10EEC000000002000000020000000200000002003A
:10EED000000002000000020000000200000002002A
:10EEE00000000200000002005500000000000000C9
:10EEF0000100000000000000407E0100807E010053
:10EF0000C07E0100007F010080EB0100C0EB01002A
:10EF1000333A2F42454C4D4F4E545F4845582F547D
:10EF2000425858585858582E48455800000000007C
:10EF300000000000000000000000000000000000D1
:10EF4000000000000000000000000000333A2F42E3
:10EF5000454C4D4F4E545F4845582F5442585858D1
:10EF60005858582E48455800000000000000000086
:10EF70000000000000000000000000000000000091
:10EF8000000000000000000001030507090E101238
:10EF90001416181C1E809A45418E418F80454545A8
:10EFA0004949498E8F9092924F994F555559999A48
:10EFB0009B9C9D9E9F41494F55A5A5A6A7A8A9AA80
:10EFC000ABACADAEAFB0B1B2B3B4B5B6B7B8B9BA19
:10EFD000BBBCBDBEBFC0C1C2C3C4C5C6C7C8C9CA09
:10EFE000CBCCCDCECFD0D1D2D3D4D5D6D7D8D9DAF9
:10EFF000DBDCDDDEDFE0E1E2E3E4E5E6E7E8E9EAE9
:10F00000EBECEDEEEFF0F1F2F3F4F5F6F7F8F9FAD8
:10F01000FBFCFDFEFF00C700FC00E900E200E4008D
:10F02000E000E500E700EA00EB00E800EF00EE009A
:10F03000EC00C400C500C900E600C600F400F600FC
:10F04000F200FB00F900FF00D600DC00A200A300E4
:10F05000A500A7209201E100ED00F300FA00F10005
:10F06000D100AA00BA00BF001023AC00BD00BC0054
:10F07000A100AB00BB0091259225932502252425F4
:10F0800061256225562555256325512557255D2582
:10F090005C255B251025142534252C251C250025F1
:10F0A0003C255E255F255A25542569256625602562
:10F0B00050256C2567256825642565255925582523
:10F0C000522553256B256A2518250C25882584256E
:10F0D0008C2590258025B103DF009303C003A30393
:10F0E000C303B500C403A6039803A903B4031E22F7
:10F0F000C603B50329226122B100652264222023C0
:10F100002123F7004822B0001922B7001A227F20DD
:10F11000B200A025A00061001A03E0001703F80068
:10F120000703FF00010078010001300132010601F0
:10F13000390110014A012E017901060180014D00BB
:10F1400043028101820182018401840186018701D9
:10F15000870189018A018B018B018D018E018F014D
:10F1600090019101910193019401F601960197019B
:10F17000980198013D029B019C019D0120029F0185
:10F18000A001A001A201A201A401A401A601A7015E
:10F19000A701A901AA01AB01AC01AC01AE01AF010D
:10F1A000AF01B101B201B301B301B501B501B701BE
:10F1B000B801B801BA01BB01BC01BC01BE01F70135
:10F1C000C001C101C201C301C401C501C401C7011D
:10F1D000C801C701CA01CB01CA01CD011001DD017F
:10F1E00001008E01DE011201F3010300F101F401BF
:10F1F000F401F8012801220212013A020900652CEB
:10F200003B023B023D02662C3F02400241024102AA
:10F2100046020A015302400081018601550289011C
:10F220008A0158028F015A0290015C025D025E025F
:10F230005F02930161026202940164026502660248
:10F240006702970196016A02622C6C026D026E02DF
:10F250009C01700271029D01730274029F0176028B
:10F260007702780279027A027B027C02642C7E02A9
:10F270007F02A60181028202A90184028502860220
:10F280008702AE014402B101B20145028D028E0235
:10F290008F0290029102B7017B030300FD03FE037E
:10F2A000FF03AC0304008603880389038A03B103C8
:10F2B0001103C2030200A303A303C4030803CC0386
:10F2C00003008C038E038F03D8031801F2030A0096
:10F2D000F903F303F403F503F603F703F703F90364
:10F2E000FA03FA03300420035004100760042201DB
:10F2F0008A043601C1040E01CF040100C004D00409
:10F3000044016105260400007D1D0100632C001EE0
:10F310009601A01E5A01001F0806101F0606201F96
:10F320000806301F0806401F0606511F0700591F18
:10F33000521F5B1F541F5D1F561F5F1F601F080673
:10F34000701F0E00BA1FBB1FC81FC91FCA1FCB1FCB
:10F35000DA1FDB1FF81FF91FEA1FEB1FFA1FFB1F45
:10F36000801F0806901F0806A01F0806B01F040093
:10F37000B81FB91FB21FBC1FCC1F0100C31FD01F75
:10F380000206E01F0206E51F0100EC1FF31F01004B
:10F39000FC1F4E2101003221702110028421010046
:10F3A0008321D0241A05302C2F04602C0201672CF5
:10F3B0000601752C0201802C6401002D260841FFF6
:10F3C0001A03000030313233343536373839414290
:10F3D00043444546403058003031323334353637B7
:10F3E0003839616263646566403078000400000863
:10F3F00000000000000000020001000010000000FA
:10F400000000000000000000303132333435363760
:10F410003839616263646566787000303132333444
:10F42000353637383941424344454658500000008C
:10F4300002400000000000A00000000005400000A5
:10F44000000000C8000000000C4000000000409CCC
:10F4500000000000194000000020BCBE00000000B9
:10F4600034400000BFC91B8E00000004B5400000FE
:10F47000504BCFD06607E2CF010000006C41000086
:10F480003E8251AADFEEA73401000000D9420000FD
:10F49000DCB5A0E23A301F97FFFFFFFFB445000044
:10F4A000FD25A0C8E9A3C14FFFFFFFFFFF3F0000FC
:10F4B0000000008000000000FF3F0000000000800E
:10F4C0000000000055706461746520536F667477A6
:10F4D0006172652020202020202020202020202054
:10F4E000202020202020202020202020202020201C
:10F4F000202020202020202020202020202020200C
:10F50000202020202020200020202020202020201B
:10F5100020202020202020202020202020202020EB
:10F5200020202020202020202020202020202020DB
:10F5300020202020202020202020202020202020CB
:10F5400020202020202020202020202020202020BB
:10F55000200000005553425F6672656528292C2003
:10F560007761726E696E67202D2074727920746FD6
:10F57000206672656520616E20756E6B6E6F7720F8
:10F58000626C6F636B206174206164647265737375
:10F590003A25782E0A0000000A5553425F6D616CCF
:10F5A0006C6F63202D20696E636F727265637420C7
:10F5B0006D61676963206E756D6265722120433AE3
:10F5C000257820463A25782C2077616E7465643A58
:10F5D00025642C20426173653A307825782C2045CB
:10F5E0006E643A307825780A0000000048F702007F
:10F5F000FCFF0200400100009C010000FCFF020033
:10F6000048F70200B40800004001000088F802003A
:10F61000FCFF0200BC0F0700C40100001C0000003A
:10F6200043000000F8FFFFFF0C0000000E00000088
:10F630000F0000002E000000100100004300000039
:10F64000F8FFFFFF00404040404040404040414103
:10F6500041414140404040404040404040404040A7
:10F660004040404040050202020202020202020241
:10F67000020202020220202020202020202020023E
:10F6800002020202020290909090909010101010CE
:10F69000101010101010101010101010101010106A
:10F6A00002020202020288888888888808080808FE
:10F6B00008080808080808080808080808080808CA
:10F6C00002020202400000000000000000000000F2
:10F6D000000000000000000000000000000000002A
:10F6E000000000000000000000000000000000001A
:10F6F000000000000000000000000000000000000A
:10F7000000000000000000000000000000000000F9
:10F7100000000000000000000000000000000000E9
:10F7200000000000000000000000000000000000D9
:10F7300000000000000000000000000000000000C9
:10F7400000000000000000007201E4FFFFFF021A49
:10F7500020192C3901012C0431FFFF0F092E6401FF
:10F760006C0217010A1F03350950D4095052016A6F
:10F77000380F323031372F30352F30372C30303A88
:10F78000030A132C15291801770009505442323509
:10F79000313731310CEF9C1A010409FAF8114B1B77
:10F7A000B70401272480DE284BEA2408BB8D2708F4
:10F7B000091214C12320035AE077B172043303C045
:10F7C0003016CF030F022003E00121035103780319
:10F7D000A803E301E601F04A40382A800BD9383B00
:10F7E00001E0061A6028144001F51AFA0212FC2DF5
:10F7F00045015001700B1C5802701C2504807018C4
:10F800000E58022A032F032A03340362026C1009E4
:10F810001BA82A01385CA0030DA81C250348AA10C8
:10F8200008ED01F00120FD021A58041A90041AC8CC
:10F8300004017C2AF4C019B22908092204110A25FE
:10F840000828016F140C39020429EC370214E4581B
:10F8500002149061021AB8041BC05E0C1356021405
:10F860008C540214A4590214405B0214745D0214F7
:10F87000A060020B241C5F54E3333A144450028B03
:08F88000C84E3C458843E2102C
:0400000500000000F7
:00000001FF
