:020000040000FA
:10000000140000EA18F09FE518F09FE518F09FE54E
:1000100018F09FE50000000018F09FE518F09FE53C
:1000200058000000400000004400000048000000AC
:100030004C000000000000005000000054000000D0
:10004000FEFFFFEAFEFFFFEAFEFFFFEAFEFFFFEA18
:10005000FEFFFFEAFEFFFFEA90009FE50010E0E3ED
:10006000001080E588009FE5001080E584209FE572
:10007000103092E5073003E20210A0E30100A0E394
:10008000030050E10200000A8110A0E1010080E2BB
:10009000FAFFFFEA010AA0E1DBF021E300D0A0E1D2
:1000A000010A40E2D7F021E300D0A0E1010A40E2DA
:1000B000D2F021E300D0A0E1060940E2D1F021E333
:1000C00000D0A0E1020A40E2DFF021E300D0A0E18D
:1000D000010540E2D3F021E300D0A0E1030940E2B2
:1000E000100F11EE020AC0E3100F01EE020000EA49
:1000F000382100B83C2100B8001800B0000000EB27
:10010000750000EB2C008FE2000C90E800A08AE064
:1001100000B08BE001704AE20B005AE10000001AC7
:100120006D0000EB0F00BAE818E04FE2010013E3A6
:1001300003F0471013FF2FE198FD0200C8FD0200F5
:1001400001C08FE21CFF2FE18A18037801305C07A1
:10015000640F01D1047801301D1101D105780130FF
:10016000013C05D0067801300E700131013CF9D117
:100170001E0706D42E1C0ED0013E8C55FCD1491909
:1001800009E0047801300C1B0135267801340E702B
:100190000131013DF9D59142D7D37047102052E289
:1001A0007800B0287800A128FBFFFF8A822EB0E1FA
:1001B0003000B0283000A128004090450040814523
:1001C0001EFF2FE10030B0E30040B0E30050B0E389
:1001D0000060B0E3102052E27800A128FCFFFF8A03
:1001E000822EB0E13000A128003081451EFF2FE1B2
:1001F0006E0051E34504000A700051E38C01000ACF
:10020000660051E3A3BB000A650051E3A1BB000AED
:10021000670051E39FBB000A610051E39EBB000AE7
:10022000003090E52334B0E180108123690051E370
:100230006201000A640051E36001000A750051E3A5
:100240005E01000A6F0051E3A604000A780051E342
:100250009E0A000AE90051E38404000AE40051E325
:100260008204000AF50051E38004000AEF0051E324
:10027000980A000AF80051E3980A000A003090E555
:10028000A333B0E180108123630051E33A04000AF4
:10029000730051E3930A000AE30051E3D406000A15
:1002A000F30051E3910A000A0000B0E31EFF2FE1C2
:1002B0001FB50098019900F088FF01F0DCEF040001
:1002C000002000212EF0C8E9401C606000200021C1
:1002D0002EF09EE9E0601FBD10B510BDB94E00EBD9
:1002E0000210A0E1F1FFFFFA1CC09FE50FC08CE0F7
:1002F00001001CE30DE08F120FE0A0011CFF2FE1B5
:1003000001C08FE21CFF2FE102F06AF84C470200A7
:1003100003002DE9EFFFFFFA0300BDE8B54E00EB47
:1003200070B5060000F032EF056830000B30C408ED
:10033000E400B44201D8002070BD68682A0000289B
:1003400018D00168A14211D30B00210008318B4263
:1003500008D3436801194B6003681B1B0B60516095
:10036000046001E041685160001D70BD02004068FA
:100370000028E6D12100280000F012FF0028DCD17F
:1003800070BD000001C08FE21CFF2FE170B50400BA
:10039000051F00F0FCEE0068002C1AD0446801E054
:1003A00020006468002C01D0AC42F9D301680A181F
:1003B000AA4204D12A6889180500016000E045605E
:1003C00028684119A14205D1616869602168401817
:1003D000286070BD6C6070BD70402DE90340A0E1E5
:1003E0000250A0E10130A0E10020A0E1000054E3B0
:1003F00004C0A01105C0A0011CEF6FE101008EE256
:100400001CC0A0E13FE07E121FE07E028500004A92
:10041000000053E3131F6F11121F6F013F10711281
:100420001F1071020E6051E08300004A04007652F2
:100430008400005A20004EE2040050E335C08CD105
:100440002CCEA0E18F1F8FE20CC191E71F005EE36D
:1004500020E04E8220606EE24000008A9C0581E030
:100460001116A0E1301E81E11006A0E1000070E24B
:100470000010E1E29C0181E001C08CE09C0581E07C
:100480001116A0E1301E81E11006A0E1000070E22B
:100490000010E1E2000053E39C0181E001C08CE028
:1004A0000700000A9C0581E01116A0E1301E81E1E1
:1004B0001006A0E1000070E20010E1E29C0181E082
:1004C00001C08CE09C1280E00010A0E39C03A1E03E
:1004D000300EA0E1110680E1906584E0311EA0E1BC
:1004E000914524E0062052E00430C3E0010053E3CC
:1004F000050052317080BD389C4286E00040A0E388
:100500009C63A4E00030A0E320C06EE2366EA0E160
:10051000146C86E1344EA0E196E58CE0060090E094
:100520000410A1E00E2042E0050052E17080BD38C9
:10053000010090E20010A1E2052042E005C052E077
:100540000C20A0210000B0E20010A1E205C052E0A2
:100550000C20A0210000B0E20010A1E27080BDE8F4
:100560009C1580E00010A0E39C04A1E01116A0E11E
:10057000301E81E11006A0E1000070E20010E1E20F
:100580009C0181E001C08CE09C1580E00010A0E39C
:100590009C04A1E01116A0E1301E81E11006A0E14B
:1005A000000070E20010E1E29C0181E001C08CE0FB
:1005B00001C04CE29C1280E00010A0E39C03A1E08B
:1005C000310EA0E1906581E0062052E0901421E018
:1005D0000130C3E0040053E1050052010010A033D4
:1005E0007080BD389C6281E00060A0E39C13A6E0AF
:1005F0000010A0E3366EA0E196E58CE0060080E0F6
:100600000E2052E096C42EE00E30C3E0040053E109
:10061000050052017080BD38010080E2052052E0E3
:100620000430C3E07080BDE80C002DE90010A0E3A9
:100630000000A0E30000A0E17C80BDE80010A0E382
:100640000000A0E37080BDE820E066E20000A0E3C7
:100650000010A0E31446A0E1354E84E11556A0E158
:1006600005E052E004C0D3E00000A0E00C30A0217F
:100670000E20A021016056E27080BD38A440B0E198
:100680006550A0E1F5FFFFEAF0F0F0F0E3388EE30B
:10069000E53594D7CCCCCCCCC3300CC3A28B2EBACE
:1006A000C84216B2AAAAAAAA3D0AD7A39DD8899D74
:1006B000ED25B4979224499208CB3D8D888888888F
:1006C00042082184000000801CB5074B0C007B44CD
:1006D00069460090200000F038FE040069460020C2
:1006E00000F046FE20001CBD9F0C000001C08FE200
:1006F0001CFF2FE10FB41CB5084B06AA7B446946CA
:100700000090059800F021FE04006946002000F0EA
:100710002FFE20001CBC08BC04B01847710C000060
:1007200070B5856904000068C10601D5302600E077
:100730002026C00707D070BD6268A16830009047CE
:10074000206A401C20626D1EF6D570BD70B58569AB
:1007500004000078C00707D170BD6268A16820203E
:100760009047206A401C20626D1EF6D570BD70B5A2
:100770000C000500012A05D02878800600D5EA691A
:10078000002302E0012305E05B1C934202D2E05CFF
:100790000028F9D1A869E618C01AA861286AC0180B
:1007A00028622800FFF7BCFF04E06A682078A96887
:1007B000641C9047B442F8D32800FFF7C7FF70BD10
:1007C00001C08FE21CFF2FE1F7B5002575291068E5
:1007D000009914A611D000F02CFD002802DA404246
:1007E00011A608E0009909688A0701D50FA602E062
:1007F000490704D50EA6012501E000F025FD009F64
:100800000024243704E000F0F6EE30313955641C42
:100810000028F8D100982B003200210000F01FFDC5
:10082000FEBD0000000000002D0000002B000000B5
:10083000200000007FC08FE21CFF2FE1F8B50F0001
:100840000188090502D5224C7C4402E0204C7C44FE
:100850000E3400210500243508E016071209360F72
:10086000A65D6E541E0732431B09491C16001E4329
:10087000F3D1220004780023240705D5702F06D079
:10088000002901D00223113200F0E9FCF8BD012358
:100890001032F9E770B504000D001068210000F077
:1008A000D3FC0200002329002000FFF7C7FF70BD22
:1008B000D21DD308DB000CCBC0E730B40368202482
:1008C0001268234303600823C36130BC0023B5E7EB
:1008D0005CF40200F3B50400002081B02062E168FE
:1008E00020008847002872D0252802D06268A168BD
:1008F000ABE0594F00267F44E1682000884705009F
:10090000202808DB312D06D27819203800780028FD
:1009100001D00643F0E7B00701D50420864300204C
:10092000E0610700A0612A2D0AD0280013F05CFACC
:10093000002827D0B8000019303D0090856119E0EB
:100940000298BA00121902C891610290E168200071
:1009500088470500012F17D1E06900281FDA202001
:1009600086431CE000980A21806948430099401999
:1009700030388861E16820008847050013F034FAB8
:100980000028EFD1012F0AD02E2D08D1E1682000D8
:1009900088470500202006437F1C022FC3DBA06987
:1009A000002803DA4042A06101200643F00701D08D
:1009B000102086436C2D0BD0682D09D04C2D3CD0D7
:1009C0006A2D38D0742D38D07A2D36D016E040E01C
:1009D000E1682F00200088470500B84209D16C2F3C
:1009E00029D001208002E1680643200088470500E5
:1009F00004E06C2F1DD0FF2001300643002D28D0CD
:100A000028004138192803D80120C00206432035A8
:100A10002660029A290020001600FFF7EAEB002862
:100A200010D001280BD0F61DF008C000083002904D
:100A300055E74020E1E78020D5E70020D3E7361DC9
:100A400002964CE76268A16828009047206A401C23
:100A500044E7206AFEBD0000D6F302000FB400B5E3
:100A60008DB010A909900B900020C04300910A900E
:100A700000200C90074878440690074878446A465E
:100A800007900F9909A800F081FD0DB008BC04B0D3
:100A900018470000370B0000510B0000FFB500277E
:100AA0001D00FF4383B05C68002001909E68A96927
:100AB00004987F1C88470090296A88470028F6D14F
:100AC0000098401C0CD0032040028443002E19DD06
:100AD000600614D500982B2809D02D280FD103E0EB
:100AE0000020C04307B0F0BD012080020443A96983
:100AF00004987F1C8847761E002E009002DD009827
:100B0000302803D00598002825D035E00120A969B8
:100B100040020443761E04987F1C8847002E0090F4
:100B200003DD782805D0582803D00598002810D078
:100B300022E00598002801D010281DD10120A969C4
:100B400040028443761E04987F1C88470090102042
:100B500002E0082000E00A2005900DE00121059A3E
:100B600049020C430199761E514308180190A96966
:100B700004987F1C88470090002E05DD0599009899
:100B800000F0EEFC0028E9DAE96904988847A0053E
:100B900002D40120C043A5E7E00722D1600611D5A9
:100BA0006005019800D5404229680A1D2A6009683D
:100BB000220501D5087014E0220701D5088010E055
:100BC00008600EE02868011D29600068210502D533
:100BD0000199017005E02107019901D5018000E02C
:100BE000016038007EE70A06120E401E4178401C64
:100BF0008A4202D00029F9D10020704730B50500A3
:100C00002A000B0010781C78521C5B1C002801D0B5
:100C1000A042F7D0002C03D0002802D06D1CEFE7D3
:100C2000280030BD03000B4310B59B071CD1042ADC
:100C30001AD308C810C9121FA342F8D018062106FB
:100C4000000E090E401A0ED118042104000C090CE4
:100C5000401A08D118022102000A090A401A02D1DA
:100C6000180E210E401A10BD002A03D0D30703D05E
:100C7000521C07E0002010BD03780C78401C491C72
:100C80001B1B07D103780C78401C491C1B1B01D18E
:100C9000921EF1D1180010BD020013000B4370B575
:100CA0009B0710D10E4CE60100E008C208C91D1BCD
:100CB0009D433542F9D01906090E1170521C0029C6
:100CC0000DD01B0AF7E70B78491C1370521C002B40
:100CD00005D00B78491C1370521C002BF3D170BD4A
:100CE0000101010130B5441C03E00178401C0029DA
:100CF0000DD08107F9D10B4BDD0104C8D11A914306
:100D00002940FAD0001B0A0603D0C01E30BD001BCC
:100D100030BD0A0401D0801E30BD0902FCD0401E47
:100D200030BD000001010101421E5378521C002B0E
:100D3000FBD10B78491C1370521C002BF9D1704762
:100D4000030052E32A00009A03C010E20800000AE0
:100D50000130D1E402005CE30C2082E001C0D194B8
:100D60000130C0E40130D13401C0C094042042E21B
:100D70000130C034033011E22500000A042052E2A1
:100D80001B00003A03C031E7020053E30800000AE9
:100D90000F00008A2C34A0E104C0B1E5042052E227
:100DA0000C3C83E1043080E4F9FFFF2A011081E26A
:100DB0000F0000EA2C38A0E104C0B1E5042052E2A3
:100DC0000C3883E1043080E4F9FFFF2A021081E24D
:100DD000070000EA2C3CA0E104C0B1E5042052E287
:100DE0000C3483E1043080E4F9FFFF2A031081E230
:100DF0000000A0E1822FB0E10130D12401C0D12454
:100E00000120D1440130C02401C0C0240120C044CD
:100E10001EFF2FE110402DE9202052E20500003A8C
:100E20001850B1E8202052E21850A0E81850B1E85C
:100E30001850A0E8F9FFFF2A02CEB0E11850B128FF
:100E40001850A0281800B1481800A0481040BDE86C
:100E500002CFB0E104309124043080241EFF2F0122
:100E6000822FB0E1B230D1200120D144B230C02075
:100E70000120C0441EFF2FE1FF3002E2032483E182
:100E8000022882E1000000EA0020A0E3040051E310
:100E90000700003A03C010E20B00000A04C06CE235
:100EA00002005CE30120C0140C1041E0B220C0A09D
:100EB000050000EA81CFB0E10120C0240120C02458
:100EC0000120C0441EFF2FE10020A0E300402DE9D7
:100ED0000230A0E102C0A0E102E0A0E1201051E256
:100EE0000C50A0280C50A02820105122FBFFFF2AF4
:100EF000011EB0E10C50A0280C00A0480040BDE845
:100F00000111B0E1042080241EFF2F01B220C04057
:100F1000010111E30120C0141EFF2FE1012020E098
:100F2000030012E32C00001A030010E31200000A71
:100F30000120D0E40130D1E4010052E3030052214A
:100F40002F00001A030010E30B00000A0120D0E478
:100F50000130D1E4010052E3030052212800001ABD
:100F6000030010E30400000A0120D0E40130D1E4C2
:100F7000010052E3030052212100001A00402DE934
:100F800084E09FE5042090E4043091E40EC042E048
:100F900002C0CCE18EC31CE003005201F8FFFF0A3F
:100FA0000040BDE8030CA0E1020C50E0FF0E1C0362
:100FB0000700001A0308A0E1020850E0FF0C1C0320
:100FC0000300001A0304A0E1020450E0FF081C0320
:100FD000020053006000A0111EFF2FE10120D0E4A9
:100FE0000130D1E4010052E3030052210400001A51
:100FF0000120D0E40130D1E4010052E3030052218A
:10100000F5FFFF0A030042E01EFF2FE1010101018D
:10101000013090E12100004A0020B0E3A03071E0EF
:101020001A00003A203271E00F00003A203471E0DB
:101030000100003A00C0A0E3200000EAA03371E004
:10104000810340200220B2E0203371E00103402000
:101050000220B2E0A03271E0810240200220B2E022
:10106000203271E0010240200220B2E0A03171E0A4
:10107000810140200220B2E0203171E001014020D6
:101080000220B2E0A03071E0810040200220B2E0F6
:10109000011050E00010A0310200A2E01EFF2FE17D
:1010A000022111E20010614240C032E000006022E3
:1010B000203271E01D00003A203471E00F00003A48
:1010C0000113A0E1203471E03F2382E30B00003ADA
:1010D0000113A0E1203471E03F2682E30700003ACB
:1010E0000113A0E1203471E03F2982E30113A02124
:1010F0003F2C8223003071E21D00002A2113A02121
:10110000A03371E0810340200220B2E0203371E07F
:10111000010340200220B2E0A03271E081024020B1
:101120000220B2E0203271E0010240200220B2E051
:10113000A03171E0810140200220B2E0203171E055
:10114000010140200220B2E0EBFFFF2AA03071E055
:10115000810040200220B2E0011050E00010A031D8
:101160000200A2E0CCCFB0E100006042001061229A
:101170001EFF2FE1CCCFB0E10000604201402DE91D
:101180000000B0E30000A0E10280BDE800009FE5A0
:101190001EFF2FE1A00F0A0070477047704770478D
:1011A00038B504000A006946002001F03DF8002827
:1011B00005D002000099200000F032FA012038BD6D
:1011C00010B5012001F01EF810BDF8B501F020F8AF
:1011D00005000C0000201020C0460600A819A042FF
:1011E0000DD969463200002001F01EF8070001D138
:1011F00001F008F80098A04200D00500C419FFF7DC
:10120000C6EFF61D07000560F008C000461928006B
:1012100000F008F8B44204D03868A21B310000F096
:10122000FFF9F8BD00210160416080607047102027
:10123000704709684A0502D5000600167047C905BF
:10124000FCD500040014704709684A0502D5000661
:10125000000E7047C905FCD50004000C7047FFB5AF
:10126000040081B024300D0000902168880604D568
:101270001022E0699143216000E00120A84201DDD5
:10128000471B00E000270498A1697A191018081A72
:10129000A0612078C00602D42000FFF741FA0026A2
:1012A00008E003986268A168805D9047206A401C4E
:1012B000761C206204988642F3DB2078C0060AD5AB
:1012C0002000FFF72DFA06E06268A1683020904701
:1012D000206A401C206238007F1E0028F4DC07E0F2
:1012E00000986268A168405D9047206A401C2062B7
:1012F00028006D1E0028F3DC2000FFF727FA207875
:10130000000602D5022005B0F0BD0120FBE7000079
:1013100001C08FE21CFF2FE111680268006A5305CB
:1013200001D5087009E0D30501D5088005E0130652
:1013300002D5C21705C100E0086001207047000017
:1013400001694A1C02610878704700B58FB00291AC
:1013500000210591054901937944039111000490FE
:101360006846FFF7B7FA0FB000BD0000E5FFFFFFCA
:101370000A681070521C0A607047000017C08FE2A4
:101380001CFF2FE110B54369002B02D0C046C046B8
:1013900001E0FFF7ECF9012010BD127801002431C3
:1013A0000A7000224A700122ECE711680022D24341
:1013B000E8E70000F7B5150004002C4886B0784433
:1013C000002703C83E000090019111E007986A468B
:1013D0007100415A02A800F0F5FE411C07D02178A7
:1013E000890603D5E269391891420ED83F18761C58
:1013F0002078800602D5E069B84206DDAE42E5DB22
:1014000007987100405A0028E0D1A069C01BA06174
:101410002000FFF785F9154878445A3803C8009032
:101420000020019116E041006A460798415A02A83F
:1014300000F0C8FE0590401C0AD0002505E0626857
:1014400002A8A168405D90476D1C05988542F6D3BF
:101450000498401CB0420490E5DB206AC019206269
:101460002000FFF773F909B0F0BD000022E9020087
:1014700001C08FE21CFF2FE1F7B5D21D0025D20875
:1014800015A6D200F52905CA11D0002A05DA0021D7
:10149000404291410A0011A608E0009909688B07B3
:1014A00001D50FA602E0490701D50EA60125009F30
:1014B00011000024243704E000F0CCE830323A5523
:1014C000641C02000A43F7D100982B00320021006F
:1014D000FFF7C5FEFEBD0000000000002D0000006B
:1014E0002B0000002000000045C08FE21CFF2FE110
:1014F00070B500210400243408E05507D2086D0FB0
:10150000303565545D072A43DB08491C15001D432F
:10151000F3D10468002310A2250708D5A40601D43E
:10152000002904D0C46901230CA2641EC461FFF722
:1015300096FE70BD10B5040010682100FFF784FE10
:10154000020000232000FFF7D3FF10BDD21DD108F9
:10155000C9000CC9CCE7000000000000300000000A
:101560003A2800D23038202302009A43412A01D37E
:1015700010003738884201D30020C0437047000074
:1015800002685118137801601800704710B5D160D7
:10159000054979445161054979441162002111617D
:1015A000110000F043FC10BDEBFFFFFF51010000F4
:1015B0004268002A08D001680B78491C002B03D030
:1015C000521E06C0180070470121C160881E704776
:1015D0004268002A0BD0C3680168002B07D18368DA
:1015E0008B4204D0491E521C06C0002070470020C8
:1015F000C04370470A1040E2200140E0200280E032
:10160000200480E0200880E0A001A0E1002180E02B
:10161000821051E0010080520A1081421EFF2FE12A
:1016200010B50300406801E003004068002801D0C5
:101630008842F9D31868C3188B4206D0CB1CD8084F
:10164000C000001D411A521A0100081D0A60FEF771
:101650009DFE10BD30402DE90A2050E220E1A0E1BE
:101660000030D1E201EF8EE10E0050E02111C1E027
:1016700020E2A0E101EE8EE10E0090E02112A1E057
:1016800020E4A0E101EC8EE10E0090E02114A1E045
:1016900020E8A0E101E88EE10E0090E02118A1E031
:1016A000010090E00010A1E2A001A0E1810E80E124
:1016B000A111A0E1005190E00141A0E1204F84E19F
:1016C0000140A4E0055095E00440A4E0052052E06C
:1016D0000430D3E00030A0E30A2082423080BD48CD
:1016E000010090E20010A1E23080BDE810B50400D6
:1016F00000F0B6ED0068005DC007C00F10BD00002F
:101700007047FFB50C008FB01E0003CA0890099106
:101710004F007D0D00D16D1E002108002DF0B8ECAA
:101720000321099A89050840002A03DA82008018FB
:1017300040080840800D01280A9002DD0020C043C7
:101740000A90089807430DD0EF48F04928184843FD
:101750000714189800281DD07542291E1DDD0A980F
:1017600042421BE01898012802D00020302104E0FA
:101770000020F24305E02154401CB042FBDB300066
:101780000022189B002121540F998B600A60486049
:1017900013B0F0BDBD1B6D1CDFE70A9A002900DA0B
:1017A00069420BA800F0B0FD0BAB07CB03AB07C33E
:1017B0000899099800F076EE6B4607C30100D448FB
:1017C0000918002D00910BDDD14903980A9A49426E
:1017D0004018002303A90390684601F0FCE808E0E4
:1017E00003990A9A0023081803A90390684601F098
:1017F0000CE96B4607C3000403D00020C043410836
:1018000000E01000189A002A03D000221500009270
:101810001EE0751E05D4FFF71EEF303262556D1EB7
:10182000F9D501220843079602D000227F1C04E06C
:101830002078302801D100227F1E002A069788D008
:101840001EE0112D07DAFFF706EF303262556D1CEE
:1018500002000A43F5D1084303D00098002819D0AC
:101860000EE00021681E05E0235C625C6354225494
:10187000401E491C8142F7DBA81B401E07950690BD
:10188000079A18990020A0540F98079B069A816028
:101890000CC07DE71126002018905AE7F0B5D21D44
:1018A0000D00D1080400C90093B003C90C900D913C
:1018B00012F072EA02000D98C00F01D02D2007E04F
:1018C0002068810701D52B2002E04007C00F4001AE
:1018D000032A0F9001D0072A05DB0300290020000E
:1018E00000F0CEFC0EE12078800601D5E76900E02B
:1018F00006272800652D04D0662814D0672D69D1ED
:101900002DE00020112F009001DB112300E07B1C53
:101910000CAA03A910A8FFF7F4FE1199002610984D
:101920007D1C0E9142E001203B00C0070B9001207E
:1019300000900CAA03A910A8FFF7E3FE119D1298CE
:101940001099002600280E9501D1781C0D18781BDF
:1019500002D446427D1C761EE81B00903AE0012F1F
:1019600000DA01270020112F009001DD112300E093
:101970003B000CAA03A910A8FFF7C3FE1199109809
:1019800000260E9121783D0009070BD40E99A9423B
:1019900000DA0D0003A9012D04DD4A19203AD27F97
:1019A000302A06D0B84201DA011D04DA0121009183
:1019B0000FE06D1EEFE7002802DC86192D1A03E008
:1019C000411CA94200DD0D00801B401C009001203D
:1019D000C0070B902078000705D40098A84202DBCE
:1019E0000020C043009069460020C8720B98012176
:1019F00002AF0337C907884225D0022010902B2060
:101A000011900B9800280BDA40420B902D2011907A
:101A100006E00B98FFF7EEED30317F1E0B9039702A
:101A20001099481E00291090F3DC0B980028F0D183
:101A300011987F1E38702088000501D5452000E0F0
:101A400065207F1E387001A8C01BC01D0B900F9829
:101A5000002800D0012041190098C01709180B98E0
:101A60000818A169081A401EA0612078C00602D497
:101A70002000FEF755FE0F98002805D06268A16887
:101A80009047206A401C20622078C00625D520009F
:101A9000FEF746FE21E0002E07DB0E98B04204DD83
:101AA00003A86268805DA16802E06268A1683020D6
:101AB0009047206A761C401C20620098401E002837
:101AC00000900AD100F0D6EBC06862680168405C03
:101AD000A1689047206A401C206228006D1E0028E3
:101AE000D9DC07E062683878A1687F1C9047206ADB
:101AF000401C20620B99481E00290B90F2DC20004C
:101B0000FEF724FE032043E601FCFFFF104D00001A
:101B1000E1DFFFFF01C08FE21CFF2FE1F0B5D21D16
:101B20000400D0080D00C0008DB046680768310081
:101B3000380012F032E90200F00F01D02D2307E047
:101B40002068810701D52B2302E04007C00F430125
:101B50006846002B037001D0012000E00020032A1A
:101B60000A9001D0072A04DB2900200000F088FB3E
:101B70002DE12078800601D40D2500E0E569700094
:101B8000400D0D2D01904BDA300D00210B90080017
:101B90002DF07EEA032189050840002E05DA820037
:101BA0008018C20F1018401008408015012801DD70
:101BB0000020C043A9000023182906D39C460A0030
:101BC0000123183A1B07D34003E001221205CA4043
:101BD00094460C31202902D33A00203900E032002B
:101BE0008A40002802DD002A06D119E0002817D11A
:101BF0000121C9078A4213D3190063467F185E4149
:101C0000002806D10120C007824202D10800874384
:101C10009E430B98310D814202D00198401C0190E7
:101C20002088000502D57149794402E06F49794462
:101C300019396B460A9830221A540A980A7C401CBB
:101C40001A54401C0A900198002801DC302000E062
:101C500031201872019A0120002A02D0644BD21858
:101C600004E072003A4302D0614A521C0192002DF6
:101C700002DC2278120703D56A462E205072022019
:101C80000022864694460CE032033601120F6D1E88
:101C90008B5C02AA13546246521C401C9446052ACF
:101CA00001DA002DF0DC002202AE08E03B0F3F011C
:101CB000CB5C521C6D1E3354401C082A01DA002DE7
:101CC000F4DC23689A0601D511E0401E704504DD5E
:101CD0003218203AD27F302AF7D0002807DD321898
:101CE000203AD27F2E2A02D11A0700D4401E002D9E
:101CF00003DD3E223254401C6D1E497C3154019953
:101D0000401C002906DA2D21471C3154019840421D
:101D1000019003E02B21471C315401987D21C9001B
:101D2000884206DBFFF774E93030F0557F1C0191E3
:101D300001E0642808DB01986421FFF76AE930308C
:101D4000F0557F1C019101E00A2806DB01980A2169
:101D5000FFF75EE93030F0557F1C01980A21FFF74C
:101D600058E93031F1550A98A1697F1C7A19101889
:101D7000081AA0612078C00602D42000FEF7D0FC2B
:101D8000216A6E460A980818206204E0626830787A
:101D9000A168761C90470A98401E0A90401CF5D115
:101DA0002078C00602D52000FEF7BAFC02AE09E09A
:101DB0003078761C3E280DD06268A1689047206A72
:101DC000401C20627F1EF3D22000FEF7BFFC0DB046
:101DD0000320F0BD206A4019206203E06268A16818
:101DE000302090476D1EEDD3F8E70000D3E00200ED
:101DF00001FCFFFF17C08FE21CFF2FE110B5436904
:101E0000002B02D0C046C04601E0FFF7D3FA012004
:101E100010BD12880100243182840022C284012274
:101E2000ECE711680022D243E8E70000F3B58FB079
:101E300000200C9001200E900C00002608000C30B1
:101E400003906269039801219047051E2ED0252D2D
:101E50002DD0216A8847002818D062690398012193
:101E60009047216A88470028F7D16269411E03988C
:101E7000904700E0761CA1690F988847216A88473F
:101E80000028F7D1E1690F988847DAE7A1690F9830
:101E900088470700A84201D1761CD2E7E1690F9874
:101EA00088477F1C02D10C98002877D078E16269BE
:101EB00000273D000398390090472A280CD1626919
:101EC000039801219047012506E00A214F433F185E
:101ED000303FEBD4102005436269039801219047FD
:101EE000010030390A2903D2B3498F42DEDCECE726
:101EF000E90600D4B14F6C280AD04C2810D06828CD
:101F000024D06A282ED074280CD07A280AD00DE06C
:101F100062690398012190476C2823D004211CE0BA
:101F2000202005436269039801219047A760652836
:101F3000656051D026DC582839D01ADC45284BD0B2
:101F400012DC252834D04128B0D145E062690398DD
:101F500001219047682802D008210D43E6E70120BF
:101F6000C002DEE70220DCE7462835D047289DD1B5
:101F700032E05B2873D061282ED063286FD06428AC
:101F800094D165E06F2852D009DC662824D06728F8
:101F900022D0692828D06E2888D131E0FCE0702852
:101FA00051D0732872D0752852D078280DD157E0BF
:101FB000A1690F9888470500252800D16CE7E169E1
:101FC0000F9888476D1C00D16DE7E9E023000A22D5
:101FD0004EE023000A2253E001206A460F992300B5
:101FE000C043C046C046D0E028004021084360609E
:101FF000A80702D5230000223AE0230000223FE098
:10200000E80700D01DE72068011D21600068290550
:1020100001D5067015E7290701D5068011E7A90744
:1020200003D5F117066041600BE7066009E7280059
:10203000402108436060A80702D52300082217E06A
:10204000230008221CE05E4928000840606015E07B
:102050002800402108436060A807BAD5B6E715E01C
:102060002800402108436060A80707D523001022FC
:1020700001200F99C043C046C04686E023001022CD
:1020800001200F99C043FEF709FD7EE000210B00FF
:1020900063280191009102910D9102D05B2807D035
:1020A0003BE0E80601D40120A0600120009034E06C
:1020B000E06801210D906269039890475E2807D17E
:1020C00001200190E06801210D906269039890471A
:1020D0002169002906D10B0004AA8F00491C082998
:1020E000D351FADB00285BD02169002927D0029860
:1020F000401C029062690398012190475D28F1D14C
:102100000198002808D0002004AB8100401C5A58D8
:10211000D24308285A50F8DB04AB20690028207904
:102120001DD04007029A00980D9B0092029026D580
:1021300001200F992200C043C046C04625E0C117C8
:10214000C90E09184A114909930004AA9A184901AD
:10215000411A13680120884003431360CAE740070F
:1021600006D501200F992200C043C046C0460CE0AE
:1021700001200F992200C043C046C04605E001205F
:102180000F992200C043C046C04600280ADA401C0E
:1021900006D10E98002803D00020C04311B0F0BD36
:1021A0000C98FBE7E90702D10C99491C0C913618F1
:1021B00000200E9045E60000CCCCCC0CFFFFFF7F4A
:1021C000F1F7FFFF70B516000C00050000F048E8BD
:1021D0000368FF200230C05C012807D0FF2C0ED816
:1021E000185D00280BD001202C7070BDFF33083320
:1021F000320018682100C3182800984770BD0020DD
:10220000C04370BD10B500F0F9F800F0F1F810BD52
:1022100001226946114B120382188A421A6001D8C2
:10222000110070471960704770B50C4C6D4601265F
:1022300036032368AD1B9A18AA420ED8AD1A90191E
:10224000EE0F75196D10AA18904200D91000C01D2C
:102250000B60C208D200D01A226070BDD8080300FB
:1022600010402DE9020000EB040090E21080BDE870
:10227000E8C3020000009FE51EFF2FE1A40F0A0043
:10228000F8B5040000681F0001230100DB020326EB
:102290001840072A05DB002801D017A506E017A57E
:1022A00004E0002801D016A500E016A51020814307
:1022B0002160A069C01E002FA06101D0401EA06156
:1022C0002000FEF72DFA002F09D06268A1683800BF
:1022D0009047206A401C2062C01C206206E0206AF1
:1022E000FAE762682878A1686D1C9047761EF8D2DC
:1022F0002000FEF72BFAF8BD4E414E006E616E00D5
:10230000494E4600696E6600F7B516008AB033483C
:1023100078446C4603007C33C06F5A689B680DC4D8
:102320002E487844763003AC0DC80DC43720C00168
:10233000081837211B30FEF76CEE0500803D0C00BD
:102340001B3C02D56442012000E0002000270990D8
:1023500010E0E0070CD00C202049784379444C3938
:10236000411868460123320000F04EEB6B4607C36C
:1023700064107F1C002CECD1184F7F442E3F16E0D8
:10238000E80712D02001C0190EC8069108930792E1
:102390000068F04201D1981908900123320006A983
:1023A00003A800F032EB03AB07C36D10641C002DD3
:1023B000E6D10998002806D069460123320003A817
:1023C00000F008EB05E001236946320003A800F0A5
:1023D0001CEB0A9B07C30DB0F0BD000000DA020041
:1023E00010B50400C046C0462000FDF792EF10BDB6
:1023F00010B5002801D011F000ED10BD10B5012876
:1024000005D0002103A000F021F8012010BD09A192
:10241000F8E7000053494752544D454D3A204F7557
:1024200074206F662068656170206D656D6F7279CC
:10243000000000003A2048656170206D656D6F7284
:102440007920636F727275707465640070B50C00EA
:1024500005000A2000E06D1C11F0D0EC002D06D024
:1024600028780028F7D102E0641C11F0C8EC002C99
:1024700002D020780028F7D10A2011F0C0EC70BDFE
:102480000020B0E3203171E0FDFAFF3AA03271E0A4
:10249000F2FAFF3A203471E0E7FAFF3A00C0A0E315
:1024A00006FBFFEA80C0B0E1000031032C0AA0E186
:1024B0000C35A0E18125A0E11E0B8012A11A83E159
:1024C0006000A0E102118113CCCAB0E11700000A3C
:1024D00001007CE3010180031EFF2FE12238B0E1FF
:1024E0000228A00110C0A00300C0A0131F0040E2FA
:1024F000223CB0E10224A00108C08C02223EB0E1DF
:102500000222A00104C08C02223FB0E10221A001FE
:1025100002C08C02A23FB0E18220A00101C08C0267
:102520000210A0E10020A0E30C0040E01EFF2FE11C
:10253000020111E31EFF2F010211D1E3E6FFFF0AA2
:102540002138B0E10118A00110C0A00300C0A01301
:10255000213CB0E10114A00108C08C02213EB0E191
:102560000112A00104C08C02213FB0E10111A001C1
:1025700002C08C02A13FB0E101C08C0220306CE2AD
:102580008110A001321381E1122CA0E10C0040E087
:10259000010080E21EFF2FE1FFC4C0E3030020E042
:1025A000FF74C3E307304CE03F3C83E2020100E2EA
:1025B000FF3083E280492DE9226E8FE209002DE988
:1025C0002438A0E125B8A0E12364D6E70BE8C5E1F3
:1025D0000388C4E1A110B0E1936627E06220B0E176
:1025E0000201A0230000A033027567E2970606E00F
:1025F000A476A0E1A669A0E1026086E297662CE0DD
:1026000002C26CE22C78A0E107C8CCE1970604E096
:102610009C0605E0A177A0E1256884E02663A0E19F
:1026200096070CE02CC8A0E19C0B07E00C48A0E149
:10263000072052E0930C07E00710C1E09C0E07E072
:10264000070850E02728D2E09C0807E0072842301E
:10265000072852202718C1E02171A0E196070CE05D
:102660002CC8A0E19C0B07E0870950E0A726D2E028
:10267000930C07E08729423087295220A716C1E032
:102680009C0E07E08C4184E0870150E0A72ED2E049
:102690009C0807E08721423087215220A71EC1E015
:1026A0000C709DE5011DA0E1221381E1022DA0E146
:1026B000A177A0E1202382E196070CE0000DA0E1C4
:1026C0002CC8A0E19C0B07E00C5BA0E12C4584E04A
:1026D000072052E0930C07E00710C1E09C0E07E0D2
:1026E000070850E02728D2E09C0807E0072842307E
:1026F000072852202718C1E02171A0E196070CE0BD
:102700002CC8A0E19C0B07E0870950E0A726D2E087
:10271000930C07E08729423087295220A716C1E091
:102720009C0E07E0870150E0A72ED2E09C0807E04E
:102730008721423087215220A71EC1E0011DA0E160
:10274000221381E18C5495E0A177A0E1022DA0E154
:1027500096070CE0202382E10040A4E2000DA0E1F6
:102760002CC8A0E19C0B07E00C6EA0E1072052E012
:10277000930C07E00710C1E09C0E07E0070850E04B
:102780002728D2E09C0807E007284230072852207B
:102790002718C1E02C5295E00117A0E1221981E130
:1027A0000227A0E1202982E10007A0E10040A4E285
:1027B000033888E10B888EE100E0A0E300B0A0E3DD
:1027C00008C052E00370D1E00EE0AEE00C20A02182
:1027D0000710A021000090E00220B2E00110B1E05B
:1027E0000BB0ABE008C052E00370D1E000B0DBE218
:1027F00000B0A0E30EE0AEE00C20A0210710A02165
:10280000000090E00220B2E00110B1E00BB0ABE0BC
:1028100008C052E00370D1E000B0DBE20C20A02140
:102820000710A0210EE0AEE0027091E10160861376
:102830000E6E96E00020B5E20010B4E28901BD48BA
:102840000088BD48066096E08901BDE80220B2E03C
:102850000048BDE80110A1E0013043E21EFF2FE176
:1028600080807F7E7D7C7B7A7978777676757473CD
:10287000727171706F6E6E6D6C6C6B6A6A6968688C
:10288000676666656464636362616160605F5F5E22
:102890005E5D5D5C5C5B5B5A5A5959585857575698
:1028A00056555555545453535252525151505050FD
:1028B0004F4F4F4E4E4D4D4D4C4C4C4B4B4B4A4A4F
:1028C0004A49494948484847474747464646454593
:1028D00045444444444343434342424242414141CC
:1028E000000053E303C0A0E11B00004A8670B0E182
:1028F0001600000A1C402DE96770A0E103002DE9D5
:102900001000A0E31010A0E300005AE30200000A48
:1029100000005CE3080080D3081080D30000A0E32F
:102920000F00BDE801B08BE201005BE32770B0014E
:102930001040BDE801209222011091220211A02333
:102940000030A3E2020100E2000083E11EFF2FE15C
:10295000FBFFFF3AA270B0E1E5FFFFEA066886E1FF
:10296000400073E32668A0E10F0000DA200073E363
:10297000026086D10120A0D10010A0D3203083D2E4
:10298000003073E2D8FFFF0A066886E1207063E238
:102990002668A0E1126786E13223A0E1112782E1D7
:1029A0003113A0E10030A0E3CFFFFFEA026086E12F
:1029B0000030A0E30020A0E3066886E12668A0E1DD
:1029C000016086E10010A0E3066886B12668A0B128
:1029D000C5FFFFEA804C2DE903A0A0E102B0A0E111
:1029E00070002DE9380091E8070090E880C0D1E13F
:1029F00083C0D4410100005AE6FEFFEBB7FFFFEBB6
:102A0000F000BDE8008CBDE8804C2DE903A0A0E1FA
:102A100002B0A0E170002DE9380091E8070090E8CD
:102A2000010110E3010113030100001A020000EB91
:102A3000AAFFFFEBF000BDE8008CBDE8FF74C0E327
:102A4000030020E0FFC4C3E30C3087E03F3C43E2D7
:102A5000020100E2FE3043E2000032E35D00000AC2
:102A6000000035E33D00000A01492DE92108A0E1FD
:102A70002468A0E10088C1E190060CE00678C4E17A
:102A8000980606E0970808E0900707E0068898E0B7
:102A900026C8ACE022B8A0E1078898E02568A0E14C
:102AA0002708ACE00BE8C2E19B060CE00678C5E124
:102AB0009E0606E0970E0EE09B0707E006E89EE004
:102AC00026C8ACE00060A0E307E89EE027B8ACE0D1
:102AD0000B8098E00000A0E20EB098E00080B8E023
:102AE0000000A0E2027051E00010A0E30110E0310C
:102AF0000560443004C055102748A0E10010A00331
:102B0000076046300458C7E12C78A0E10110E0319D
:102B1000946722E007C8CCE1950707E09C0506E032
:102B2000940C0CE0076896E02728A2E00C6896E079
:102B30002C28A2E006609BE00EE18EE10220B8E0C6
:102B40000110B0E02E6186E10189BD48066096E083
:102B50000220B2E00110A1E0013043E20189BDE8AA
:102B60002458A0E12178A0E10568C4E107C8C1E1CB
:102B7000950704E0960707E09C0601E0950C0CE041
:102B8000071891E02748A4E02278A0E10C1891E012
:102B90002C48A4E007C8C2E1950702E0960707E0C9
:102BA0009C0606E0950C0CE0076896E02728A2E05A
:102BB0000C6896E02C58A2E0012095E00010B4E2E9
:102BC0001EFF2F41066096E00220B2E00110A1E056
:102BD000013043E21EFF2FE1000035E31D00000A33
:102BE0002128A0E12478A0E10268C1E107C8C4E17E
:102BF000920701E0960707E09C0604E0920C0CE0C7
:102C0000074894E02718A1E02578A0E10C4894E05B
:102C10002C18A1E007C8C5E1920705E0960707E078
:102C20009C0606E0920C0CE0076896E02758A5E0A9
:102C30000C6896E02C28A5E0042092E00010B1E298
:102C40001EFF2F41066096E00220B2E00110A1E0D5
:102C5000013043E21EFF2FE12458A0E12178A0E1DA
:102C60000568C4E107C8C1E1950701E0960707E0E0
:102C70009C0602E00060A0E3950C0CE0072892E0BF
:102C80002718A1E00C2892E02C18B1E01EFF2F417C
:102C9000022092E00110A1E0013043E21EFF2FE18B
:102CA0000010A0E1101F02EE0111A0E3101F03EEBF
:102CB000101F11EE011A81E3051081E3101F01EED0
:102CC0001EFF2FE17EFF17EEFDFFFF1A1EFF2FE113
:102CD00004F01FE59508000004F01FE54D15000005
:102CE00004F01FE5B108000004F01FE5AB1300007D
:102CF00004F01FE5231E000004F01FE59D180000EE
:102D000010402DE9A54700EBC0409FE50020A0E35F
:102D10003810A0E30400A0E1773300EB0120A0E32A
:102D20000810A0E30400A0E1733300EB0020A0E34F
:102D3000011CA0E30400A0E16F3300EB0120A0E33D
:102D40000115A0E30400A0E16B3300EB0120A0E338
:102D5000C010A0E30400A0E1673300EB0120A0E372
:102D60000410A0E30400A0E1633300EB0120A0E322
:102D70000F18A0E30400A0E15F3300EB011BA0E308
:102D80000120A0E3C10384E15B3300EB0210A0E368
:102D90008140C4E10020A0E30400A0E1563300EB31
:102DA0000110A0E3001084E50120A0E3011CA0E3D2
:102DB0000400A0E1503300EB0C1094E5010011E396
:102DC000FCFFFF0A0C0094E50C0084E51080BDE8D0
:102DD00004A000B870402DE9704700EBB0509FE5AB
:102DE0000120A0E3011CA0E30500A0E1423300EBB9
:102DF0000120A0E30115A0E30500A0E13E3300EBB4
:102E00000020A0E3C010A0E30500A0E13A3300EBEE
:102E10000020A0E33810A0E30500A0E1363300EB6A
:102E20000120A0E30F18A0E30500A0E1323300EB7E
:102E30000210A0E38140C5E10120A0E30400A0E16D
:102E40002D3300EB0020A0E30410A0E30500A0E177
:102E5000293300EB031BA0E30120A0E3410484E13C
:102E6000253300EB0110A0E3001084E50120A0E36E
:102E7000011CA0E30400A0E11F3300EB0C1094E55B
:102E8000010011E3FCFFFF0A0C0094E50C0084E54F
:102E90007080BDE804A000B810402DE90020A0E13A
:102EA0000040A0E38F1800EB000050E30500000A8B
:102EB000000052E30B00000A010052E31000000A78
:102EC0000000A0E31080BDE844009FE5001090E5FD
:102ED000021981E3001080E538008FE21D9F00EBAE
:102EE0000000A0E31080BDE80400A0E18D1A00EB13
:102EF000014084E2100054E3FAFFFFBA0100A0E3AE
:102F00001080BDE80100A0E1861A00EB0100A0E3FB
:102F10001080BDE8B0010300555342204E4F5420AD
:102F2000636F6E6E6563740D0A000000F0472DE953
:102F300020609DE500C0A0E10340A0E1100051E346
:102F4000010000BA0000A0E3F087BDE848029FE559
:102F5000013190E744929FE5010289E0080090E585
:102F6000000050E30200000A030050E37B00001A57
:102F7000780000EA07005CE37800001AA40052E33E
:102F8000720000AA18829FE5000052E3827182E07D
:102F90001000000A010042E21F0050E308A0A0E375
:102FA0003050A0E32000002A00A086E5000098E54C
:102FB0001F1E8FE2003087E00820D3E50400A0E167
:102FC000CBF5FFFA0000A0E30010D4E7200051E3A6
:102FD0000E00000A0E0000EA0050A0E3000098E591
:102FE000851084E0070080E00500D0E7000D00EBCD
:102FF000010085E2FF5000E2060055E3F6FFFF3ACC
:103000000C00A0E3000086E50100A0E3F087BDE826
:103010000050C4E7010080E2FF0000E2080050E336
:10302000E8FFFF3A0100A0E3F087BDE8200042E29C
:10303000400050E32F00002A70519FE50008A0E1F6
:103040002008A0E1B200C5E1030010E30500001A6A
:103050002001A0E1002299E7042085E5151E8FE2FA
:103060000400A0E1A2F5FFFAB200D5E10E1100E2E2
:10307000010051E30600001A2001A0E1000289E0EE
:10308000042090E5042085E5491F8FE20400A0E1BB
:1030900097F5FFFAB200D5E10E1100E2020051E30C
:1030A0000600001A2001A0E1000289E0082090E556
:1030B000042085E5011C8FE20400A0E18CF5FFFAF5
:1030C000B200D5E10E1100E2030051E30600001A40
:1030D0002001A0E1000289E00C2090E5042085E5B4
:1030E000D4108FE20400A0E181F5FFFA00A086E58C
:1030F0000100A0E3F087BDE8600042E2440050E335
:103100001600002A6A7100EB00A086E5000098E531
:103110000820A0E3003087E088108FE20400A0E1DF
:1031200073F5FFFA0000A0E30010D4E7200051E39C
:103130000000001A0050C4E7010080E2FF0000E236
:10314000080050E3F7FFFF3A0100A0E3F087BDE875
:103150000000A0E3F087BDE808005CE30100000A7E
:103160000000A0E3F087BDE8FA0F52E3080000AAD0
:103170004C009FE5003080E50110A0E3001086E5DB
:10318000000090E50200D0E70000C4E50100A0E3E4
:10319000F087BDE80000A0E3F087BDE8E00D030084
:1031A000E00B0300C001030025382E2A732C000019
:1031B0003003030025303858000000002530386403
:1031C0000000000008020300F0412DE918509DE5C1
:1031D0000240A0E10370A0E1100051E3010000BA39
:1031E0000000A0E3F081BDE830019FE5010280E02E
:1031F000082090E5FF0052E30900000A20019FE546
:10320000010190E71C319FE5030052E3011044E205
:1032100002F18F303F0000EA030000EA2B0000EAD1
:10322000330000EA0000A0E3F081BDE8080055E3A8
:10323000380000CA200054E3360000AAE8809FE569
:10324000846184E0000098E5060080E00850C0E555
:10325000000098E50810A0E3060080E009F7FFEB06
:10326000000098E50520A0E1060080E00710A0E13D
:10327000B2F6FFEB594000EB554700EBB0509FE52D
:10328000A8109FE5000095E50120A0E3003A00EBBF
:10329000A0109FE5000095E50120A0E3FC3900EBBC
:1032A000030054E30500000A040054E30300000A8D
:1032B0000C0054E30100000A0D0054E30100001A61
:1032C0000800A0E3CA4100EB0100A0E3F081BDE8E3
:1032D000020C54E30F0000CA000083E5810080E087
:1032E000B810D0E1011081E2B810C0E10100A0E304
:1032F000F081BDE8020C54E3060000CA040083E537
:10330000010180E0081090E5071081E0081080E5D9
:103310000100A0E3F081BDE80000A0E3F081BDE87A
:10332000E00B0300E00D03000C020300C0010300EA
:10333000C0EB0100CC000300407F010030402DE9CC
:103340004C409FE54C209FE5081094E5020051E1B8
:103350000E00001A40309FE50010A0E30310C3E503
:103360000CC094E5060000EA812084E0B051D2E16F
:10337000000055E10000001AB00BD2E1011081E21B
:103380000310C3E50310D3E501005CE1F5FFFF8AFC
:103390003080BDE8F4610400393837369801030005
:1033A00010402DE970409FE50C1094E5811084E0F9
:1033B000B001C1E10C0094E57B1E80E2800084E056
:1033C000B01BC0E10C0094E54F0050E30400003A4C
:1033D00048009FE5001090E5021181E3001080E5B0
:1033E0001080BDE8010080E25010A0E323FCFFEB59
:1033F0000C1084E528009FE50820A0E3280090E554
:10340000A825C0E50120A0E118108FE25A0E80E245
:10341000B7F4FFFA1040BDE8A72100EAF461040008
:10342000B001030098010300253038580000000067
:10343000F05F2DE974539FE574639FE574439FE546
:1034400074939FE574839FE501A0A0E3000094E5D9
:10345000050C80E2BB0080E27A0600EB00C0A0E130
:103460000010A0E30000A0E3003094E50020D3E7C3
:10347000021081E0010080E20108C0E3050050E194
:10348000F9FFFF3A01005CE10500001A0520A0E108
:10349000151A83E20300A0E1E1F5FFFA000050E312
:1034A0004F00000A000094E5550C80E2BB0080E26A
:1034B000640600EB00C0A0E10010A0E30000A0E360
:1034C000003094E50470A0E1002083E0052A82E248
:1034D0000020D2E5021081E0010080E20108C0E393
:1034E000050050E1F7FFFF3A01005CE10500001A1A
:1034F0000520A0E1051A83E2010883E2C8F5FFFA7E
:10350000000050E33B00000A000097E5B0129FE581
:10351000010080E04B0600EB00C0A0E10010A0E33A
:103520000000A0E3003097E5002083E0012882E25C
:103530000020D2E5021081E0010080E20108C0E332
:10354000050050E1F7FFFF3A01005CE10500001AB9
:103550000520A0E1151A83E2010883E2B0F5FFFA25
:10356000000050E32900000A000097E554129FE58F
:10357000010080E0330600EB00C0A0E10010A0E3F2
:103580000000A0E3003097E50520A0E100B083E053
:1035900015BA8BE200B0DBE50B1081E0010080E2A0
:1035A0000108C0E3020050E1F7FFFF3A01005CE1CF
:1035B0000400001A051A83E2150A83E298F5FFFA5F
:1035C000000050E31700000A000098E5100080E3B7
:1035D000000088E50400D9E5010050E31700000A67
:1035E000170000EAE0219FE5001094E5000096E551
:1035F000D2F5FFEB120000EA000097E5C8219FE535
:10360000051A80E2000096E5CCF5FFEB0C0000EA1D
:10361000000097E5B0219FE5011880E2000096E5E3
:10362000C6F5FFEB060000EA000097E598219FE54C
:10363000151A80E2000096E5C0F5FFEB000000EAF5
:1036400005A0C9E5CB3500EB80719FE5000097E54B
:10365000FA0480E2020B50E30200002A040097E51E
:10366000020850E30600000A000098E5100080E31D
:10367000000088E50400D9E5010050E30000001ACD
:1036800005A0C9E50000D8E5100010E30200000A1B
:103690000400D9E5000050E30300000A0500D9E565
:1036A000010050E30600000A220000EA04A0C9E578
:1036B0001C119FE5000094E50120A0E30B2100EB25
:1036C00061FFFFEA010CA0E3B70600EB0000A0E3F6
:1036D00000319FE50010A0E3FFC0A0E3002287E0D7
:1036E00008C082E5001287E7041082E50C1082E52D
:1036F000802080E0021183E7022183E0081082E548
:10370000041082E5010080E20108C0E3100050E3EC
:10371000F1FFFF3A0604A0E3000087E50208A0E3FA
:10372000040087E5081087E50800A0E3514000EB9E
:10373000554100EBDE6F00EB8E3500EB418C00EB6A
:10374000B76F00EB000096E50850A0E31A50C0E503
:1037500084109FE50520A0E1120080E277F5FFEBE1
:10376000000096E5A855C0E5DF7100EB0020A0E160
:10377000000096E564108FE25A0E80E2DCF3FFFA57
:10378000000098E5100010E30200000A1000C0E3FA
:10379000000088E5F09FBDE80D4600EB000094E5D1
:1037A000F05FBDE828109FE50120A0E3B83800EAEB
:1037B000BB050000C0010300CC0003003C03030074
:1037C000B0010300BB050100BB550100C4050000AA
:1037D000E00B0300C0EB0100787404005003030009
:1037E0002530385800000000FE402DE9FF0060E25F
:1037F00095AC00EB44419FE50020A0E30430A0E13C
:103800009CAC00EB38319FE50020A0E3BEAB00EBA1
:10381000A2AB00EB2C519FE5180085E528119FE530
:10382000AEAD00EB23AD00EB0020A0E30430A0E13F
:10383000B5AB00EB68AC00EB140085E50B02A0E330
:103840001C1290E5021381E31C1280E50040A0E306
:1038500000408DE50440CDE5598F00EB0100A0E369
:103860004A9000EB0430A0E30020A0E30210A0E3A4
:103870000100A0E3199000EB0230A0E30020A0E3D8
:103880000310A0E30100A0E3149000EB0030A0E3DC
:103890000320A0E10410A0E30100A0E30F9000EBDF
:1038A0000030A0E30320A0E10510A0E30100A0E3A5
:1038B0000A9000EB0130A0E30020A0E30610A0E393
:1038C0000300A0E1059000EB0030A0E30320A0E19D
:1038D0000810A0E30100A0E3009000EB0120A0E3AA
:1038E0000530A0E30910A0E30200A0E1FB8F00EB8C
:1038F00058609FE5B860CDE1BA40CDE10420A0E377
:1039000008108DE20100A0E31F9200EB0030A0E35D
:103910000320A0E10310A0E10100A0E3EF8F00EB82
:10392000B860CDE1B401D5E1BA00CDE10420A0E357
:1039300008108DE20100A0E3139200EBFE80BDE8C9
:103940000000594000E06F404401030000C079448A
:10395000E7030000F04F2DE99CD04DE20070A0E39A
:103960002C708DE530708DE534708DE55C439FE5FE
:10397000080094E5000050E30800001A210DA0E3C0
:1039800066F2FFFA0C0084E5080084E52010A0E34D
:10399000B79500EB200080E2020180E3080084E597
:1039A0000C0094E5000050E30D00000A0120A0E3A4
:1039B000C71F8FE20000A0E3F66A00EB14039FE547
:1039C0000120A0E3C21F8FE2F26A00EBC21F8FE268
:1039D00048008DE2216C00EB050050E30300000A73
:1039E000070000EA0100A0E39CD08DE2F08FBDE863
:1039F000B90F8FE21A6A00EBB71F8FE248008DE221
:103A0000166C00EBE8029FE50020A0E3B71F8FE2F1
:103A1000E06A00EBDC029FE5ED0800EBD4129FE5C5
:103A20000A20A0E3530E81E2FB6A00EBC8629FE527
:103A3000000050E30400000A000096E5010280E364
:103A4000000086E50000A0E3E6FFFFEAEB3800EBAC
:103A50000020A0E3A4029FE50230A0E1236900EB6F
:103A60009C029FE5180084E53C708DE540708DE573
:103A7000180094E544008DE5B270C4E1B200D4E1D1
:103A8000010080E20108C0E3B200C4E1870F50E307
:103A9000F9FFFF3A44009DE5082094E5023BA0E3CE
:103AA0000010A0E3192500EB50029FE5081094E5F3
:103AB00038308DE2022BA0E3806D00EB0010A0E116
:103AC000000051E30200001AB803DDE1020B50E3ED
:103AD0000600000AB823DDE18A0F8FE21D9C00EB8F
:103AE000000096E5010280E3000086E5040000EA9C
:103AF000180094E5010080E2180084E57B0B50E398
:103B0000D8FFFF3AF4019FE5E06800EB000050E3C6
:103B10000400000A000096E5010280E3000086E54B
:103B20000000A0E3AFFFFFEAC8019FE57F1F8FE21F
:103B3000EFF2FFFABC119FE50A20A0E3530E81E2E9
:103B4000B56A00EB000050E30400000A000096E5AF
:103B5000010280E3000086E50000A0E3A1FFFFEA88
:103B60000020A0E394019FE50230A0E1DF6800EBB4
:103B7000080094E5021BA0E3C2F4FFEBC4919FE5AB
:103B80000820A0E3001099E52C008DE26BF4FFEB18
:103B90003100DDE55A1500EB28008DE53000DDE54C
:103BA000571500EB24008DE52F00DDE5541500EBE3
:103BB00020008DE52E00DDE5511500EB0050A0E161
:103BC0002D00DDE54E1500EB00B0A0E12C00DDE599
:103BD0004B1500EB0030A0E124009DE528109DE589
:103BE0000DA0A0E30C208DE2030482E820009DE5F7
:103BF0000A80A0E318808DE508008DE504508DE56E
:103C000000B08DE5080094E50020A0E34E1F8FE290
:103C1000B7F2FFFA080094E531F4FFFA0020A0E1C2
:103C2000D8009FE5081094E538308DE2236D00EB55
:103C30000100A0E3180084E5080094E5021BA0E35E
:103C400090F4FFEB185094E5001099E5850185E0AC
:103C5000001081E00820A0E32C008DE237F4FFEB98
:103C600004808DE500A08DE5080094E52C308DE200
:103C70000520A0E1F8108FE29DF2FFFA080094E51C
:103C800017F4FFFA0020A0E170009FE5081094E50A
:103C900038308DE2096D00EB180094E5010080E2F8
:103CA000180084E5A40050E3E2FFFF3A4C009FE5D2
:103CB000766800EB000050E33100000A000096E552
:103CC000010280E3000086E50000A0E345FFFFEA73
:103CD000DC020300333A0000C8370400333A2F42B5
:103CE000454C4D4F4E545F4241434B5550000000F0
:103CF00000000000089C040080A00400B001030044
:103D0000B0A50400407F01005820636F6D6D616EA7
:103D10006420665F77726974653D25582C627974FA
:103D20006573546F57726974653D25580D0A00001C
:103D3000333A2F42454C4D4F4E545F4241434B5511
:103D4000502F302E66696C00C001030025303364AB
:103D50003A253032642F253032642F253032642CDE
:103D6000253032643A253032643A25303264256396
:103D700025630000253033643A25387325632563B5
:103D8000000000000C0094E5000050E30200000A6F
:103D90007DF1FFFA087084E50C7084E50100A0E372
:103DA00010FFFFEAF04F2DE99CD04DE20060A0E348
:103DB0002C608DE530608DE534608DE5D4439FE562
:103DC000080094E5000050E30800001A210DA0E36C
:103DD00052F1FFFA0C0084E5080084E52010A0E30E
:103DE000A39400EB200080E2020180E3080084E558
:103DF0000C0094E5000050E30D00000A0120A0E350
:103E0000E51F8FE20000A0E3E26900EB8C039FE571
:103E10000120A0E30E1D8FE2DE6900EB0E1D8FE294
:103E200048008DE20D6B00EB050050E30300000A33
:103E3000070000EA0100A0E39CD08DE2F08FBDE80E
:103E4000D70F8FE2066900EBD51F8FE248008DE2A5
:103E5000026B00EB60039FE50020A0E3D51F8FE21B
:103E6000CC6900EB54039FE54A0800EB4C139FE537
:103E70000A20A0E37C0081E2E76900EB40739FE544
:103E8000000050E30400000A000097E5010280E30F
:103E9000000087E50000A0E3E6FFFFEAD73700EB6C
:103EA00024A800EB000050E34A00000A0020A0E331
:103EB00010039FE50230A0E10C6800EB08039FE5CA
:103EC0000130A0E3001090E50020A0E3BF0F8FE2D7
:103ED000E22700EB4000A0E31C0084E51C0094E511
:103EE00044008DE5B460C4E1B400D4E1010080E297
:103EF0000108C0E3B400C4E1870F50E3F9FFFF3AC3
:103F000044009DE5082094E5023BA0E30010A0E3F7
:103F1000FE2300EBAC029FE5081094E538308DE2FB
:103F2000022BA0E3656C00EB1C0094E5010080E22D
:103F30001C0084E5AC129FE5010050E1E6FFFF3A6A
:103F40001C6084E5A0529FE51C0094E5141095E5E3
:103F5000801181E0B020D1E1081094E5B020C1E1EA
:103F6000142095E5802182E0B220D2E1B220C1E1A7
:103F7000142095E5800182E0B400D0E1B400C1E1F5
:103F800040029FE538308DE20620A0E34B6C00EB49
:103F90001C0094E5010080E21C0084E5010850E368
:103FA000E8FFFF3A0309A0E31C0084E51C0094E548
:103FB000031940E2400051E30800002A100094E594
:103FC00038308DE2811580E0F8019FE5022BA0E3F7
:103FD0003A6C00EB170000EA0000A0E395FFFFEA4F
:103FE0003C608DE540608DE5020980E2FD0D80E2D8
:103FF00044008DE5B460C4E1B400D4E1010080E286
:104000000108C0E3B400C4E1870F50E3F9FFFF3AB1
:1040100044009DE5082094E5023BA0E30010A0E3E6
:10402000BA2300EB9C019FE5081094E538308DE23F
:10403000022BA0E3216C00EB000050E30200001A09
:10404000B803DDE1020B50E30300000A000097E52E
:10405000010280E3000087E5040000EA1C0094E50B
:10406000010080E21C0084E5FB0C50E3CEFFFF3A28
:1040700050019FE5856700EB000050E30400000A53
:10408000000097E5010280E3000087E50000A0E35F
:1040900068FFFFEA24019FE5151E8FE294F1FFFA05
:1040A00018119FE50A20A0E37C0081E25A6900EB29
:1040B000000050E30400000A000097E5010280E3DD
:1040C000000087E50000A0E35AFFFFEA0020A0E31C
:1040D000F0009FE50230A0E1846700EB080094E562
:1040E000021BA0E367F3FFEB18919FE50820A0E314
:1040F000001099E52C008DE210F3FFEB3100DDE5B7
:10410000FF1300EB28008DE53000DDE5FC1300EB2C
:1041100024008DE52F00DDE5F91300EB20008DE58F
:104120002E00DDE5F61300EB0050A0E12D00DDE5EB
:10413000F31300EB00B0A0E12C00DDE5F01300EB81
:104140000030A0E124009DE528109DE50DA0A0E32E
:104150000C208DE2030482E820009DE50A80A0E3A4
:1041600018808DE508008DE504508DE500B08DE5E3
:10417000080094E50020A0E38C108FE25CF1FFFAC8
:10418000080094E5D6F2FFFA0020A0E134009FE594
:1041900038308DE2260000EADC020300333A0000EA
:1041A000C8370400333A2F42454C4D4F4E545F42BE
:1041B00041434B555000000000000000BCA004002B
:1041C00034A50400B0010300B0A50400E00D030015
:1041D0002E2E2E2E2E4241434B5550444154412EFB
:1041E0002E2E2E2E0000000040BF0000A035030040
:1041F000333A2F42454C4D4F4E545F4241434B554D
:10420000502F302E66696C00C001030025303364E6
:104210003A253032642F253032642F253032642C19
:10422000253032643A253032643A253032642563D1
:1042300025630000081094E5A06B00EB0100A0E3EB
:104240001C0084E5080094E5021BA0E30DF3FFEBDE
:104250001C5094E5001099E5850185E0001081E08F
:104260000820A0E32C008DE2B4F2FFEB04808DE582
:1042700000A08DE5080094E52C308DE20520A0E13A
:1042800094108FE21AF1FFFA080094E594F2FFFA15
:104290000020A0E1D4001FE5081094E538308DE23D
:1042A000866B00EB1C0094E5010080E21C0084E5B5
:1042B000A40050E3E2FFFF3AF8001FE5F36600EBCD
:1042C000000050E30400000A000097E5010280E3CB
:1042D000000087E50000A0E3D6FEFFEA0C0094E5AD
:1042E000000050E30200000A27F0FFFA086084E5AE
:1042F0000C6084E5140094E5000050E30400000A1B
:1043000021F0FFFA106084E5146084E50100A0E369
:10431000C8FEFFEA0000A0E3C6FEFFEA25303364D2
:104320003A2538732563256300000000F0472DE926
:10433000A8519FE50090A0E3A4019FE5A4119FE58B
:10434000080081E5289D00EB9C719FE50040A0E3FB
:104350000110A0E3B410C7E10C0097E50010C0E520
:10436000B410D7E10360A0E3012081E2B420C7E1EB
:104370000160C0E7B410D7E19A30A0E3012081E2E8
:10438000B420C7E10130C0E7B410D7E1012081E2D9
:10439000B420C7E10140C0E7B410D7E13130A0E359
:1043A000012081E2B420C7E10130C0E7B410D7E1B9
:1043B000604300EBB420D7E10010A0E10C0097E5CA
:1043C0000210C0E7B410D7E1011081E20128C1E377
:1043D000011082E20118C1E3B410C7E10260C0E736
:1043E000B640C7E10340C7E5679D00EBFC809FE551
:1043F0007D1FA0E3000098E5A2F2FFEBF0A09FE58F
:10440000001098E50800DAE57D2FA0E3A7A000EBF7
:10441000260000EA000098E57D1FA0E399F2FFEB7B
:104420000800DAE5001098E57D2FA0E39FA000EBDF
:104430000068A0E12668A0E10040A0E30E0000EAC9
:10444000B610D7E1010081E27F2BD0E30800000A1B
:10445000002098E50420D2E7B600C7E1140097E5F4
:104460000120C0E7000098E50410D0E784008FE247
:10447000B89900EB010084E20148C0E3060054E172
:10448000EEFFFF3AB600D7E1070050E30200001A42
:10449000140097E5EC4F00EB0090A0E1015045E2DD
:1044A000000055E30500000A010059E30900000A75
:1044B000000055E3D6FFFF1A0000A0E3F087BDE837
:1044C00024009FE50010D0E5041081E30010C0E552
:1044D0000000A0E3F087BDE80100A0E3F087BDE89D
:1044E000558D290000C20100C861040004030300C7
:1044F00078000300E035040025780D0A0000000074
:1045000070402DE90010A0E1B8409FE50050A0E305
:104510000120A0E3B420C4E10C0094E50020C0E534
:10452000B420D4E104C0A0E3013082E2B430C4E19D
:1045300002C0C0E7B420D4E122C0A0E3013082E28F
:10454000B430C4E102C0C0E7B420D4E1013082E25B
:10455000B430C4E10210C0E7B420D4E12134A0E1BA
:1045600001C082E2B4C0C4E10230C0E72128A0E16A
:10457000B410D4E1013081E2B430C4E10120C0E7DD
:10458000B410D4E1EB4200EBB420D4E10010A0E180
:104590000C0094E50210C0E7B410D4E1011081E2F0
:1045A0000128C1E3011082E20118C1E30330A0E356
:1045B000B410C4E10230C0E7B650C4E10350C4E512
:1045C0007040BDE8F09C00EA04030300F05F2DE9B1
:1045D0000060A0E30CA19FE50C819FE500B0A0E383
:1045E000310000EA04519FE5B6B0C8E10600A0E141
:1045F000C2FFFFEB0090A0E3280000EA00009AE56C
:104600007D1FA0E31FF2FFEBE4009FE500109AE599
:104610000800D0E57D2FA0E324A000EB0078A0E106
:104620002778A0E10040A0E30E0000EAB610D8E130
:10463000010081E27F2BD0E30800000A00209AE508
:104640000420D2E7B600C8E1140098E50120C0E7D5
:1046500000009AE50410D0E798008FE23D9900EB46
:10466000010084E20148C0E3070054E1EEFFFF3A95
:10467000B600D8E1050050E30300001A03B0C8E516
:10468000140098E5704F00EB0090A0E1015045E266
:10469000000055E30A00000A010059E30E00000A79
:1046A000000055E3D4FFFF1A016B86E24C009FE542
:1046B000040090E5060050E1C9FFFF8A0100A0E375
:1046C000F09FBDE820009FE50010D0E5081081E3D1
:1046D0000010C0E50000A0E3F09FBDE820008FE2DD
:1046E0001C9900EBEFFFFFEA7800030004030300CE
:1046F000558D2900E035040025780D0A00000000E2
:10470000C861040045415253452041434B204F4B63
:104710000D0A000010402DE990C09FE590209FE514
:10472000BCC1C2E10010D0E5303041E2090053E3E2
:104730000200009A414041E2050054E31900008A5A
:104740000100D0E5304040E2090054E30200009A45
:10475000414040E2050054E31200008A410051E369
:104760000300003A371041E201120CE0BC11C2E133
:10477000010000EA03120CE0BC11C2E1410050E369
:104780000400003ABC11D2E1010080E0370040E2B1
:10479000BC01C2E1030000EABC11D2E1010080E0EB
:1047A000300040E2BC01C2E1BC01D2E11080BDE8B2
:1047B000FFFF000044000300F0412DE918C09DE513
:1047C0007C609FE50040A0E30140C6E50C448CE01E
:1047D0008CC484E06C409FE58C5084E006CCA0E360
:1047E000B5709CE1110000EA84C084E00CC185E052
:1047F000B080DCE1000058E10A00001AB280DCE180
:10480000010058E10700001AB880DCE1020058E11D
:104810000400001ABAC0DCE103005CE10100001AE8
:104820000100D6E5F081BDE801C084E201C0C6E523
:104830000140D6E5040057E1EAFFFF8A0000E0E30B
:10484000F081BDE82C0103006620030010009FE505
:104850000010A0E3BC10C0E1BE10C0E10710C0E52D
:104860001EFF2FE14400030070402DE90C539FE52B
:104870000C639FE50710D5E5000085E2600090E538
:10488000050051E30040A0E301F18F307080BDE8E6
:10489000030000EA0B0000EA2B0000EA4B0000EAEC
:1048A000650000EABC00D5E1BE10D5E1010050E191
:1048B000F5FFFF0A0100A0E30700C5E5000096E54B
:1048C000680085E57080BDE8BE10D5E10100D0E745
:1048D000400050E30500000ABE00D5E1010080E27F
:1048E0001E0AC0E3BE00C5E10740C5E57080BDE813
:1048F000BE10D5E1022AA0E3BC00D5E13B1000EBDD
:10490000B802C5E1030050E30200003A0200A0E350
:104910000700C5E57080BDE8680095E5BB6F00EB5A
:10492000030050E3D8FFFF9ABC00D5E1BE00C5E10B
:104930000740C5E57040BDE80330A0E30120A0E3D7
:104940000A10A0E33100A0E3064700EABE10D5E15B
:10495000011081E21E1AC1E30120D0E724129FE575
:104960000020C1E5BE20D5E1022082E21E2AC2E37A
:104970000200D0E70100C1E5000081E264FFFFEB27
:10498000B602C5E1FF1C40E2FF1051E20400000A3C
:10499000000096E5680085E50300A0E30700C5E593
:1049A0007080BDE8BE00D5E1010080E21E0AC0E3D0
:1049B000BE00C5E10740C5E57040BDE80330A0E397
:1049C0000120A0E30A10A0E33100A0E3E54600EADD
:1049D000BE10D5E1022AA0E3BC00D5E1031000EB34
:1049E000B802C5E1B612D5E1031081E2010050E141
:1049F0000200003A0400A0E30700C5E57080BDE8AE
:104A0000680095E5816F00EB640050E39EFFFF9A1C
:104A1000BE00D5E1030080E21E0AC0E3BE00C5E18E
:104A20000740C5E57040BDE80330A0E30120A0E3E6
:104A30000A10A0E33100A0E3CA4600EABE10D5E1A7
:104A4000B622D5E1021081E0021081E23E1AC1E3F4
:104A50000110D0E72A0051E30A00000ABE00D5E1A8
:104A6000010080E21E0AC0E3BE00C5E10740C5E5C3
:104A70007040BDE80330A0E30120A0E30A10A0E3EA
:104A80003100A0E3B74600EABE10D5E1021081E094
:104A9000031081E2020A51E31100009ABE10D5E131
:104AA000022A61E2BE10D5E1001081E0D8009FE546
:104AB000A2F0FFEBB602D5E1BE10D5E1010080E027
:104AC000BE10D5E11F2C40E2BC009FE5FD2042E274
:104AD000010040E0601095E5020A80E297F0FFEBEC
:104AE000040000EABE10D5E1032082E2001081E05C
:104AF00094009FE591F0FFEB2600D5E5030080E2EE
:104B0000FF1000E280009FE58A3C00EBB602D5E191
:104B10000020A0E3030080E20118C0E368009FE5E5
:104B2000554E00EB000050E30900000ABE00D5E13D
:104B3000B612D5E1010080E0030080E23E0AC0E346
:104B4000BE00C5E10740C5E57040BDE80800A0E330
:104B50003A9400EABE00D5E1010080E21E0AC0E3FB
:104B6000BE00C5E10740C5E50330A0E30120A0E396
:104B70000A10A0E33100A0E37A4600EBF1FFFFEA60
:104B800044000300BC050300680003006C3203000E
:104B900010402DE9A70000EB0100A0E39B5D00EBB6
:104BA000011CA0E30100A0E1F20F00EB0500A0E36F
:104BB000965D00EB021CA0E3010CA0E3B51000EB36
:104BC0000400A0E3915D00EB1040BDE8021CA0E3EF
:104BD000010CA0E3E70F00EA10402DE9950000EB7F
:104BE0000100A0E3895D00EB011CA0E30100A0E14E
:104BF000A81000EB0500A0E3845D00EB021CA0E31D
:104C0000010CA0E3A31000EB0400A0E37F5D00EB28
:104C10001040BDE8021CA0E3010CA0E3D50F00EAA0
:104C200070402DE90040A0E37E0000EB0050A0E3BF
:104C30000100A0E3755D00EB021CA0E3010CA0E302
:104C4000CC0F00EB0500A0E3705D00EB021CA0E3BD
:104C5000010CA0E38F1000EB0500A0E36B5D00EBFF
:104C6000840CA0E1204CA0E1011CA0E30100A0E124
:104C70007E1000EB010050E30100001A010084E205
:104C8000FF4000E2010085E2FF5000E2080055E32A
:104C9000E6FFFF3A021CA0E3010CA0E3B50F00EB16
:104CA0000100A0E3595D00EB0400A0E17080BDE8C5
:104CB00070402DE90050A0E10040A0E31514A0E1F0
:104CC000800011E30300000A011CA0E30100A0E141
:104CD000701000EB020000EA011CA0E30100A0E15B
:104CE000A40F00EB0500A0E3485D00EB021CA0E36D
:104CF000010CA0E3671000EB0400A0E3435D00EBB0
:104D0000021CA0E3010CA0E39A0F00EB010084E277
:104D1000FF4000E2080054E3E7FFFF3A7040BDE8BF
:104D2000260000EA10402DE9011CA0E30100A0E1EB
:104D3000581000EB0100A0E3345D00EB021CA0E37F
:104D4000010CA0E3531000EB0500A0E32F5D00EB86
:104D5000011CA0E30100A0E1860F00EB0400A0E32A
:104D60002A5D00EB021CA0E3010CA0E3810F00EB25
:104D70001040BDE80100A0E3245D00EA10402DE9E9
:104D8000011CA0E30100A0E17A0F00EB0500A0E305
:104D90001E5D00EB021CA0E3010CA0E33D1000EB44
:104DA0000400A0E3195D00EB011CA0E30100A0E1F9
:104DB000381000EB1040BDE80500A0E3135D00EAE9
:104DC00010402DE90040A0E30100A0E30F5D00EBDF
:104DD000140000EB0500A0E30C5D00EB021CA0E357
:104DE000010CA0E32B1000EB0400A0E3075D00EB37
:104DF000011CA0E30100A0E11C1000EB010050E346
:104E00000000000A0140A0E3021CA0E3010CA0E3A3
:104E1000580F00EB0100A0E3FC5C00EB050000EB89
:104E20000400A0E11080BDE8011CA0E30020A0E385
:104E30000100A0E11F1000EA011CA0E30120A0E393
:104E40000100A0E11B1000EA0C402DE90010A0E3D6
:104E500000C0A0E30D30A0E10020D0E5410052E306
:104E60000200003A372042E20120C3E7050000EAD1
:104E7000300052E30200003A302042E20120C3E752
:104E8000000000EA01C0C3E7010080E2011081E2F6
:104E9000FF1001E2080051E3EEFFFF3A0000DDE5FC
:104EA0000110DDE5000EA0E1010C80E00210DDE55F
:104EB000010A80E00310DDE5010880E00410DDE573
:104EC000010680E00510DDE5010480E00610DDE567
:104ED000010280E00710DDE5010080E00C80BDE804
:104EE00010402DE925DE4DE20040A0E10410A0E1D4
:104EF0003C008FE2179700EB0120A0E30410A0E133
:104F00000D00A0E1C46500EB34209FE53CD082E5B4
:104F1000000050E30200000A0000A0E325DE8DE25D
:104F20001080BDE80D00A0E1D86300EB0100A0E314
:104F3000F9FFFFEA46696C654E616D65203D2025ED
:104F4000730D0A0098010300F0402DE90010A0E362
:104F50000020A0E30030A0E360409FE560509FE5A3
:104F600001C0A0E3007094E51C0117E10700000AEE
:104F7000013083E2016481E0816486E0066185E0BE
:104F8000006C96E5000056E30800000A001080E57A
:104F9000011081E2030051E3F1FFFFBA020043E098
:104FA000010050E30300000A0000A0E3F080BDE828
:104FB000012082E2F5FFFFEA0100A0E3F080BDE8F6
:104FC0001C010300043A040070402DE91BDE4DE291
:104FD0000160A0E14010A0E3170E8DE2B9EFFFEBF6
:104FE0000050A0E3131E8FE20D00A0E19B6600EBD2
:104FF000000050E34500001A50408DE23C0000EAFA
:105000006A00DDE5000050E33E00000A2E0050E398
:105010003700000A5C00DDE5100010E33400000AF0
:105020000C20A0E3F4108FE21A0084E2FCEEFFFAF9
:10503000000050E32E00001A1A2084E2EC108FE2E8
:10504000170E8DE2AAEDFFFA170E8DE224EFFFFA9C
:10505000170050E30400001A0620A0E1D4108FE2EC
:10506000170E8DE2E30000EB0050A0E1D4009FE5B5
:105070000000D0E5000050E31D00000AC8009FE5D5
:10508000C8109FE5140090E50420A0E3803200EBF7
:10509000891A00EB4F00A0E3430000EBB0009FE54E
:1050A0000820A0E3280090E52C20C0E5011C8DE23B
:1050B0007F1081E2240080E220EFFFEBC73800EB95
:1050C000C33F00EB90409FE588109FE5000094E50A
:1050D0000120A0E36E3200EB80109FE5000094E514
:1050E0000120A0E36A3200EB0800A0E3403A00EBA5
:1050F000040000EA50108DE20D00A0E1446700EBCF
:10510000000050E3BDFFFF0A0D00A0E16D6300EB5E
:105110000500A0E11BDE8DE27080BDE8333A00009F
:1051200042454C4D4F4E545F424D505F00000000D1
:10513000333A2F2573000000303A2F42454C4D4F33
:105140004E545F424D50000047000300A03503005D
:10515000407E010098010300C0EB0100CC00030079
:10516000407F010038109FE5000050E30600000A70
:10517000010050E30600000A020050E30600000AA6
:10518000040091E51C109FE53EEFFFEA080091E561
:10519000FBFFFFEA0C0091E5F9FFFFEA100091E543
:1051A000F7FFFFEAA035030000B80B00F0412DE93E
:1051B0000050A0E10040A0E360719FE560619FE5C1
:1051C000010015E30400000A040096E5000050E326
:1051D0000100000A0710A0E12AEFFFEB020015E32F
:1051E0000400000A080096E5000050E30100000AF0
:1051F0000710A0E123EFFFEB040015E30400000A11
:105200000C0096E5000050E30100000A0710A0E141
:105210001CEFFFEB080015E30400000A100096E500
:10522000000050E30100000A0710A0E115EFFFEBBA
:10523000100015E30400000A140096E5000050E396
:105240000100000A0217A0E30EEFFFEB200015E3B8
:105250000900000A180096E5000050E30100000A6A
:105260000217A0E307EFFFEB200096E5000050E3F4
:105270000100000A0117A0E302EFFFEB400015E375
:105280000400000A000096E5000050E30100000A57
:105290000710A0E1FBEEFFEB800015E30200000A1F
:1052A00080009FE5551FA0E306EFFFEB78709FE5B8
:1052B00078609FE50180A0E3080084E2180015E112
:1052C0000800000A68009FE5040190E7000050E331
:1052D0000400000A000054E30800000A041196E7E5
:1052E000FF20A0E3E3EEFFEB010084E2FF4000E2D9
:1052F000100054E3EFFFFF3A0100A0E3F081BDE8A6
:10530000001096E5DFEEFFEB280097E5000050E384
:10531000F4FFFF0A1C109FE5DAEEFFEBF1FFFFEA56
:1053200000B80B00A0350300F461040098010300ED
:105330008CF70200E00D0300C4050000A8009FE503
:10534000A8309FE50000D0E5A4209FE50010A0E371
:10535000300050E31300000A410050E31000001A2F
:10536000FF0CA0E3BE00C3E1BE00D3E114C092E590
:1053700080C18CE0B010CCE114C092E580C18CE01B
:10538000B210CCE114C092E580C18CE004108CE531
:10539000010080E20108C0E3BE00C3E1FF0C50E35E
:1053A000F0FFFF2A1EFF2FE1BE10C3E1BE00D3E1D4
:1053B00014C092E580C18CE0B010CCE114C092E53D
:1053C00080C18CE0B210CCE114C092E580C18CE0C9
:1053D00004108CE5010080E20108C0E3BE00C3E1D7
:1053E000FF0C50E3F0FFFF3A1EFF2FE145000300E2
:1053F00098010300A0350300F74F2DE9E0D04DE2FE
:105400000180A0E10250A0E14010A0E39C008DE2E9
:10541000ACEEFFEB4010A0E35C008DE2A9EEFFEBE9
:105420000000A0E358008DE55010A0E308008DE2D5
:10543000A4EEFFEB0040A0E3E0109DE508008DE244
:10544000866500EB000050E3B300001AD4729FE5BC
:10545000D4629FE502B0A0E30190A0E318A087E228
:10546000A20000EA1A00D6E5000050E3A800000AF6
:105470002E0050E39D00000A0C00D6E5100010E35A
:105480009A00001AA91F8FE21A0086E2DAEDFFFAED
:10549000000050E38D00000A1A0086E210EEFFFAC9
:1054A000080050E39100001A58208DE2A11F8FE2FE
:1054B0001A0086E268EDFFFA010050E38B00001A43
:1054C000E0209DE51A3086E2271E8FE29C008DE2E7
:1054D00087ECFFFA691FA0E30A00A0E3EF3200EBBC
:1054E000B600D7E1000050E31400000A951F8FE2D8
:1054F000950F8FE2767C00EB691FA0E30A00A0E322
:10550000E63200EBB600D7E1000050E30F00000ADE
:105510009C108DE28E0F8FE26D7C00EB010055E355
:105520000E00000A020055E33600000A030055E3AE
:105530004500000A000055E36C00001A5B0000EA19
:10554000021C8FE2020C8FE2627C00EBE9FFFFEAB3
:105550009C108DE27E0F8FE25E7C00EBEEFFFFEA97
:105560000000D8E5300050E30500001A1A0086E27A
:10557000CA7900EB0008A0E12008A0E1FF0C50E38D
:105580005A00002A0000D8E5310050E30500001A57
:105590001A0086E2C17900EB0008A0E12008A0E132
:1055A000FF0C50E35100003A1A0086E2BB7900EB91
:1055B0000008A0E12008A0E10D20A0E10010A0E378
:1055C000352900EB010070E30600000A00009AE5AF
:1055D000020580E300008AE59C108DE2190E8FE23F
:1055E0003B7C00EB410000EA0090C7E55C108DE2D7
:1055F0009C008DE2634700EB0040A0E1000054E313
:105600003A0000DA420000EA1A0086E2A37900EBD1
:105610000008A0E12008A0E10D20A0E10010A0E317
:105620001D2900EB010070E33000000A00B0C7E55F
:105630005C108DE29C008DE2524700EB0040A0E13F
:10564000000054E3290000DA310000EA1A0086E283
:10565000927900EB0008A0E12008A0E10D20A0E174
:105660000010A0E30C2900EB010070E30700000A22
:1056700000B0C7E55C108DE29C008DE2414700EB75
:105680000040A0E1000054E3180000DA200000EA26
:105690000090C7E55C108DE29C008DE2394700EB7D
:1056A0000040A0E1000054E3100000DA180000EA16
:1056B0000090C7E55C108DE29C008DE2314700EB65
:1056C0000040A0E1000054E3080000DA100000EA06
:1056D000A4108FE21A0086E247EDFFFA000050E3C3
:1056E0000200001A00009AE5010880E300008AE544
:1056F0000000A0E34010A0E3040086E5001086E56A
:1057000024109FE508008DE2C16500EB000050E326
:1057100053FFFF0A08008DE2EA6100EB0400A0E1FC
:10572000ECD08DE2F08FBDE89801030048630400DF
:105730002E626D70000000002530347800000000FB
:1057400025732F257300000020000000202538302D
:105750007320200066696E6420626D702066696C3B
:1057600065203A2025732020202020202020202082
:10577000000000002E2E2E736B6970002E646200F4
:1057800001C0A0E10210A0E110402DE90320A0E13A
:105790000C30A0E1B71E00EB000050E30100000A4E
:1057A0000100A0E31080BDE80000A0E31080BDE888
:1057B000F0472DE928D04DE20140A0E10290A0E1A0
:1057C0000080A0E324808DE520808DE514808DE5A8
:1057D00010808DE5F4619FE5F4719FE5000050E3D2
:1057E0001400001A0000D6E5010050E31100001A71
:1057F0000050A0E3180097E5850180E0040090E5E3
:10580000000050E30100000A0201C0E3DEEAFFFAF3
:10581000015085E2010855E3F5FFFF3A0080C6E537
:10582000180097E50217A0E396EDFFEB200097E53F
:105830000117A0E393EDFFEB0050A0E394A19FE5D7
:10584000590000EA0100A0E30000C6E5B000D4E181
:105850000C308DE210208DE214108DE2FB0D00EB78
:10586000000050E34F00001AB000D4E104208DE2A4
:105870000010A0E3882800EB010070E32500000A77
:1058800004009DE5011000E2010080E008109DE5A4
:10589000910000E04010A0E3800081E09FEAFFFA61
:1058A000040086E52010A0E3F18D00EB200080E2EB
:1058B000B010D4E1023180E3200097E5013180E7A8
:1058C000040096E5000050E30100000A7B0650E367
:1058D0001500009A041096E5000051E30700000A45
:1058E000A9EAFFFA048086E5B010D4E1200097E52C
:1058F000018180E7B010D4E1180097E5018180E7CD
:1059000000009AE5010380E300008AE50000A0E3BF
:1059100028D08DE2F087BDE800009AE5020380E31D
:1059200000008AE50000A0E3F8FFFFEAB000D4E140
:1059300020208DE224108DE24E1E00EB000050E38B
:105940001D00000AB010D4E1180097E5810180E045
:10595000B412DDE11C108DE51C10DDE50010C0E582
:105960001D10DDE50110C0E5B010D4E1180097E589
:10597000810180E0B012DDE118108DE51810DDE541
:105980000210C0E51910DDE50310C0E5B010D4E148
:10599000180097E5810180E0040080E238109FE55F
:1059A0000420A0E3E5ECFFEB015085E2090055E19E
:1059B000A3FFFFBA0100A0E3D4FFFFEA00009AE5CD
:1059C000020380E300008AE50000A0E3CFFFFFEAC6
:1059D0003C010300A0350300B001030040010300B7
:1059E000F05F2DE90050A0E10140A0E1D0639FE508
:1059F0000000A0E30100C6E53E10A0E30400A0E122
:105A000020EDFFEB0110D6E53320A0E3010081E299
:105A1000FF0000E20120C4E73A20A0E3011080E289
:105A2000FF1001E20020C4E72FC0A0E3010081E2E3
:105A3000FF0000E201C0C4E746B0A0E3011080E22D
:105A4000FF1001E200B0C4E75500A0E3012081E2AD
:105A5000FF2002E20100C4E74E10A0E3010082E251
:105A6000FF0000E20210C4E74330A0E3012080E21F
:105A7000FF2002E20030C4E75470A0E3010082E29C
:105A8000FF0000E20270C4E74980A0E3012080E249
:105A9000FF2002E20080C4E74F90A0E3010082E211
:105AA000FF0000E20290C4E7012080E2FF2002E252
:105AB0000010C4E75F10A0E3010082E2FF0000E2F3
:105AC0000210C4E74DA0A0E3012080E2FF3002E213
:105AD00000A0C4E74520A0E3010083E2FF0000E24C
:105AE0000320C4E7013080E2FF3003E200A0C4E7F6
:105AF000010083E2FF0000E20390C4E75290A0E3BC
:105B0000013080E2FF3003E20090C4E75990A0E347
:105B1000010083E2FF0000E20390C4E7013080E26D
:105B2000FF9003E20190C6E500C0C4E7000055E322
:105B300044C0A0E35330A0E31A00000A010089E248
:105B4000FF0000E209B0C4E7017080E2FF7007E2E5
:105B50000080C4E7010087E2FF0000E20720C4E7FD
:105B60004C70A0E3012080E2FF2002E20070C4E755
:105B7000010082E2FF7000E202C0C4E7010087E298
:105B8000FF0000E20100C6E50710C4E70A0055E384
:105B90001F00002A01C080E2302085E201C0C6E576
:105BA0000020C4E71E0000EA4250A0E3010089E2A1
:105BB000FF0000E20950C4E74180A0E3015080E209
:105BC000FF5005E20080C4E7010085E2FF0000E22B
:105BD0000530C4E7015080E2FF5005E20020C4E731
:105BE000010085E2FF0000E205C0C4E7012080E279
:105BF000FF2002E20080C4E7010082E2FF0000E231
:105C00000270C4E7012080E20120C6E50080C4E7FD
:105C1000030000EA01C080E2372085E201C0C6E54A
:105C20000020C4E70100D6E5012080E20120C6E59E
:105C30000010C4E70070A0E30270C6E584519FE540
:105C40000220D6E5000095E5020080E03600D0E5B0
:105C500041C040E219005CE30200009A30C040E21B
:105C600009005CE30800008A01C0D6E501808CE2EF
:105C70000180C6E50C00C4E7010082E2FF0000E2FB
:105C80000200C6E5080050E3ECFFFF3A0270C6E5EB
:105C90000220D6E5000095E5020080E03F00D0E557
:105CA00041C040E219005CE30200009A30C040E2CB
:105CB00009005CE30800008A01C0D6E501808CE29F
:105CC0000180C6E50C00C4E7010082E2FF0000E2AB
:105CD0000200C6E5080050E3ECFFFF3A0120D6E5DC
:105CE000010082E2FF0000E20100C6E50210C4E705
:105CF000D4109FE50010D1E5400011E32100000A17
:105D00003010A0E30010C4E7040080E00110C0E5FB
:105D10000210C0E50310C0E50410C0E50510C0E5A1
:105D20003910A0E30610C0E50710C0E50810C0E573
:105D30000910C0E50A10C0E50B10C0E50100D6E56A
:105D40000C0080E2FF1000E22E20A0E3010081E2BF
:105D5000FF0000E20120C4E74320A0E3011080E23D
:105D6000FF1001E20020C4E7010081E2FF0000E231
:105D70000130C4E7011080E25620A0E30110C6E51F
:105D80000020C4E7F09FBDE840509FE50270C6E5E3
:105D90000100D6E50210D6E5040080E0811080E025
:105DA0000100D5E4920100EB0200D6E5010080E29B
:105DB000FF0000E20200C6E5060050E3F3FFFF3AF1
:105DC000DDFFFFEA14020300C0010300B00103007D
:105DD000B6000300F0472DE90040A0E1B0519FE577
:105DE0000000A0E30000C5E53C10A0E30400A0E132
:105DF00024ECFFEB0010D5E53320A0E3010081E2A5
:105E0000FF0000E20120C4E73A20A0E3011080E295
:105E1000FF1001E20020C4E72F90A0E3010081E21F
:105E2000FF0000E20190C4E74230A0E3011080E2ED
:105E3000FF1001E20030C4E74520A0E3010081E249
:105E4000FF0000E20120C4E74C20A0E3011080E243
:105E5000FF1001E20020C4E74D20A0E3010081E231
:105E6000FF0000E20120C4E74F10A0E3012080E220
:105E7000FF2002E20010C4E74E00A0E3011082E21E
:105E8000FF1001E20200C4E75420A0E3010081E218
:105E9000FF0000E20120C4E75FC0A0E3011080E240
:105EA000FF1001E200C0C4E7010081E2FF0000E250
:105EB0000130C4E741C0A0E3011080E2FF1001E21D
:105EC00000C0C4E74360A0E3010081E2FF0000E2FC
:105ED0000160C4E74B70A0E3011080E2FF1001E213
:105EE0000070C4E75580A0E3010081E2FF0000E2FA
:105EF0000180C4E750A0A0E3011080E2FF1001E29E
:105F000000A0C4E7010081E2FF0000E20190C4E7C5
:105F1000011080E2FF1001E20030C4E7010081E2DD
:105F2000FF0000E201C0C4E7011080E2FF1001E2BF
:105F30000060C4E7010081E2FF0000E20170C4E7F5
:105F4000011080E2FF1001E20080C4E7010081E25D
:105F5000FF0000E201A0C4E72E30A0E3011080E2C0
:105F6000FF1001E20030C4E7010081E2FF0000E21F
:105F70000120C4E75830A0E3011080E2FF1001E2E5
:105F80000030C4E7010081E20000C5E50120C4E75C
:105F9000F087BDE8DC020300F05F2DE90040A0E1DE
:105FA0000050A0E394629FE50000A0E30100C6E575
:105FB0003C10A0E30400A0E1B2EBFFEB0110D6E53A
:105FC0003320A0E3010081E2FF0000E20120C4E7EA
:105FD0003A20A0E3011080E2FF1001E20020C4E7B4
:105FE0002FB0A0E3010081E2FF0000E201B0C4E7AE
:105FF0004210A0E3012080E2FF2002E20010C4E78B
:106000004530A0E3010082E2FF0000E20230C4E775
:106010004C30A0E3012080E2FF2002E20030C4E720
:106020004D30A0E3010082E2FF0000E20230C4E74D
:106030004F30A0E3012080E2FF2002E20030C4E7FD
:106040004E30A0E3010082E2FF0000E20230C4E72C
:106050005470A0E3012080E2FF2002E20070C4E758
:106060005FC0A0E3010082E2FF0000E202C0C4E7DB
:10607000012080E2FF2002E20010C4E741E0A0E33B
:10608000010082E2FF0000E202E0C4E74380A0E3F7
:10609000012080E2FF2002E20080C4E74B90A0E3F1
:1060A000010082E2FF0000E20290C4E755A0A0E3F5
:1060B000012080E2FF2002E200A0C4E75030A0E30C
:1060C000010082E2FF0000E20230C4E7012080E22A
:1060D000FF2002E200B0C4E7010082E2FF0000E21C
:1060E0000210C4E7011080E2FF1001E200E0C4E703
:1060F000010081E2FF0000E20180C4E7011080E2BC
:10610000FF1001E20090C4E7010081E2FF0000E21D
:1061100001A0C4E7011080E2FF1001E20030C4E7F3
:10612000010081E20100C6E501C0C4E710319FE52E
:10613000000093E5050080E03600D0E5411040E224
:10614000190051E30200009A301040E2090051E3C7
:106150000700008A0110D6E5012081E20120C6E592
:106160000100C4E7010085E2FF5000E2080055E3AA
:10617000EEFFFF3A0000A0E3001093E5001081E07D
:106180003F10D1E5412041E2190052E30200009A9C
:10619000302041E2090052E30700008A0120D6E5E1
:1061A000015082E20150C6E50210C4E7010080E21E
:1061B000FF0000E2080050E3EEFFFF3A0100D6E5E1
:1061C000011080E20110C6E500C0C4E774809FE5BD
:1061D0000050A0E30100D6E5040080E0851080E0D7
:1061E0000100D8E4820000EB010085E2FF5000E2EC
:1061F000060055E3F6FFFF3A0100D6E50C0080E209
:10620000FF1000E22E20A0E3010081E2FF0000E287
:106210000120C4E7011080E2FF1001E20070C4E732
:106220005820A0E3010081E2FF0000E20120C4E762
:10623000011080E20110C6E50070C4E7F09FBDE8E0
:10624000DC020300E00D0300B600030008109FE528
:1062500008009FE51820A0E33C3000EA50A80400A5
:1062600000E0FF0010402DE918409FE50400A0E188
:10627000EE3000EB0400A0E11040BDE808109FE5FF
:106280001820A0E38A2F00EA00E0FF0050A80400D5
:106290000000A0E318109FE518209FE5001182E799
:1062A000010080E20108C0E3060050E3FAFFFF3A74
:1062B0001EFF2FE10000FE0150A8040030402DE930
:1062C0000030A0E3170000EA03C042E001C04CE246
:1062D0000340D1E7A00054E30300002A3050A0E3BC
:1062E000244285E08C40C0E7020000EA3750A0E37A
:1062F000244285E08C40C0E70340D1E70F4004E230
:106300000A0054E30300002A304084E28CC080E09D
:106310000140CCE5020000EA374084E28CC080E016
:106320000140CCE5013083E2020053E1E5FFFF3A92
:106330003080BDE810402DE90030A0E3150000EAF0
:1063400003C0D1E7A0005CE30300002A3040A0E3D3
:106350002C4284E08340C0E7020000EA3740A0E31B
:106360002C4284E08340C0E703C0D1E70FC00CE2B9
:106370000A005CE30300002A30408CE283C080E026
:106380000140CCE5020000EA37408CE283C080E0A7
:106390000140CCE5013083E2020053E1E7FFFF3A20
:1063A0001080BDE810402DE90A10A0E333F0FFEBA8
:1063B000000281E0FF0000E21080BDE810402DE9FE
:1063C0000140A0E16410A0E32CF0FFEB300080E27C
:1063D0000000C4E50100A0E10A10A0E327F0FFEBF4
:1063E000300080E20100C4E5300081E20200C4E533
:1063F0001080BDE89F0050E30300009A3720A0E31F
:10640000202282E00020C1E5020000EA3020A0E363
:10641000202282E00020C1E50F0000E2090050E3E5
:106420000200009A370080E20100C1E51EFF2FE163
:10643000300080E20100C1E51EFF2FE1F0412DE9AF
:106440000050A0E10160A0E10270A0E140409FE5A2
:106450000000A0E30300C4E5090000EA003196E76C
:106460000310E0E15C1084E528109FE5000185E061
:106470000420A0E331EAFFEB0300D4E5010080E251
:106480000300C4E50300D4E5070050E1F2FFFF3A42
:10649000F081BDE814020300700203001C402DE9E6
:1064A00020009FE51E3EA0E3030090E804008DE578
:1064B00000108DE50010A0E3322EA0E30100A0E162
:1064C0001A6600EB1C80BDE8A0350300FF4F2DE9E4
:1064D00004D04DE23C609DE540909DE538809DE50F
:1064E0000140A0E10270A0E10350A0E130A19FE5CE
:1064F0000C408AE50000A0E3B200CAE101B0A0E3CD
:106500000D0000EA00B0CAE500B08DE5B230D4E17C
:10651000B020D4E1B610D4E104009DE5610100EBA8
:10652000B200DAE1011047E2010050E10000000A88
:106530000C4084E2010080E2B200CAE1B200DAE17C
:10654000070050E1EEFFFF3A0C508AE50040A0E35F
:10655000B240CAE10E0000EA00B0CAE50200A0E3C2
:1065600000008DE5B230D5E1B020D5E1B610D5E11F
:1065700004009DE54B0100EBB200DAE1011048E2B6
:10658000010050E10000000A0C5085E2010080E2A9
:10659000B200CAE1B200DAE1080050E1EDFFFF3AD3
:1065A0000C608AE5B240CAE10E0000EA00B0CAE51C
:1065B0000300A0E300008DE5B230D6E1B020D6E1C3
:1065C000B610D6E104009DE5360100EBB200DAE139
:1065D000011049E2010050E10000000A0C6086E26F
:1065E000010080E2B200CAE1B200DAE1090050E144
:1065F000EDFFFF3A04009DE5000050E30200000AB1
:1066000004009DE5010050E30300001AFF20A0E311
:106610000210A0E10200A0E1240000EB14D08DE202
:10662000F08FBDE82C0103001C402DE974109FE59C
:10663000000050E30E00000A010050E30E00000AC3
:10664000020050E30E00000AFF0050E30E00000AB3
:10665000040091E5001091E5F000CDE10010A0E309
:106660001E3EA0E3322EA0E30100A0E1AF6500EBE7
:106670001C80BDE8080091E5F5FFFFEA0C0091E5FC
:10668000F3FFFFEA100091E5F1FFFFEA18009FE534
:106690000000D0E5000050E3F4FFFF0A4000A0E353
:1066A000C1FAFFEB1C80BDE8A035030048000300E1
:1066B000F04F2DE924D04DE20030A0E10280A0E1AE
:1066C0000040A0E30120A0E3010041E2015048E2C4
:1066D00012C0A0E112A5A0E1002480E0807482E055
:1066E0003C239FE5080053E3076182E020608DE5CD
:1066F00030639FE501BA82E2877086E0067C87E21C
:106700001C708DE5057485E0857487E0079182E053
:10671000877086E0067C87E218708DE5027A82E257
:1067200014708DE5067C86E210708DE5037B86E2B1
:10673000126C86E2F860CDE1EC629FE50070A0E3A8
:1067400000E096E503F18F30400000EA060000EA21
:106750000F0000EA180000EA1A0000EA1B0000EA35
:106760002A0000EA4A0000EA590000EA030050E368
:106770000100002A0E008CE1000086E5030055E3CD
:106780003200002A000096E50A0080E1000086E55C
:106790002E0000EA030050E30100002A0C00CEE1C5
:1067A000000086E5030055E32800002A000096E576
:1067B0000A00C0E1000086E5240000EA0700A0E32B
:1067C000000086E5210000EA007086E51F0000EA6F
:1067D000030050E30500002A20009DE5007C80E5D1
:1067E000010041E25EFAFFEB1C009DE5B070C0E1E4
:1067F000030055E31500002A007C89E5010048E20A
:1068000057FAFFEB18009DE5B070C0E10F0000EAF9
:10681000007C82E504788BE514009DE5087480E532
:1068200010009DE5B070C0E10C009DE5B270C0E1C4
:1068300008009DE5B470C0E10000A0E348FAFFEB5A
:106840000100A0E346FAFFEB0200A0E344FAFFEBED
:10685000000096E5000050E32E00000A010050E31E
:106860002F00000A020050E32D00000A040050E34C
:106870002B00000A04008DE2B2F9FFEB000050E3A8
:106880003100000A04009DE566FFFFEB24D08DE295
:10689000F08FBDE8030050E30500002A20009DE5CD
:1068A000007C80E5010041E22DFAFFEB1C009DE534
:1068B000B070C0E1030055E3F3FFFF2A007C89E5D7
:1068C000010048E226FAFFEB18009DE5B070C0E138
:1068D000EDFFFFEA007C82E504788BE514009DE57E
:1068E000087480E510009DE5B070C0E10C009DE5E6
:1068F000B270C0E108009DE5B470C0E10000A0E303
:1069000017FAFFEB0100A0E315FAFFEB0200A0E38A
:1069100013FAFFEBDCFFFFEAFF00A0E341FFFFEB10
:10692000D9FFFFEA0150A0E3001096E5150411E13C
:106930000100000A0400A0E13AFFFFEB014084E2FD
:10694000030054E3F7FFFFBACFFFFFEA000096E52C
:10695000D8109FE5030050E30600000A050050E34D
:106960000E00000A060050E31600000A070050E37C
:106970002900001A1D0000EA080091E50010A0E3BC
:1069800000008DE51E3EA0E3322EA0E30100A0E151
:10699000EE0000EB0100A0E3DC2800EB1E0000EAA3
:1069A000080091E50010A0E300008DE51E3EA0E385
:1069B000322EA0E30100A0E1E40000EB0200A0E31E
:1069C000D22800EB140000EA0C0091E50010A0E3CF
:1069D00000008DE51E3EA0E3322EA0E30100A0E101
:1069E000DA0000EB0200A0E3C82800EB0A0000EA8E
:1069F000080091E50010A0E300008DE51E3EA0E335
:106A0000322EA0E30100A0E1D00000EB0100A0E3E2
:106A1000BE2800EB0200A0E3BC2800EB9EFEFFEBCB
:106A200099FFFFEA043A0400600E03001C01030012
:106A3000A035030004E02DE514D04DE208308DE2CE
:106A40000C208DE210108DE2800900EB000050E375
:106A50000B00000A30008FE23E9000EB08009DE53D
:106A6000000090E538109FE5BC30DDE1001091E5B5
:106A7000F000CDE10010A0E3B021DDE10100A0E1D4
:106A8000AA6400EB14D08DE204F09DE40D0A66695F
:106A90006E6420626D7020696E20736472616D0D8A
:106AA0000A000000A0350300F04F2DE914D04DE29C
:106AB00038009DE50160A0E10270A0E10380A0E143
:106AC000014040E208308DE20C208DE210108DE292
:106AD0000600A0E15D0900EB64A29FE564B29FE5BA
:106AE000000050E30090A0E30150A0E34600000A3C
:106AF000000054E31C00000ABC30DDE1B021DDE100
:106B00000810A0E10700A0E100408DE51D0900EBA1
:106B1000010070E32000000A041484E0841481E082
:106B200001118BE0800080E0800181E0047080E54D
:106B3000088080E5B021DDE10C2080E5BC30DDE19E
:106B4000103080E508109DE5001091E5141080E5F7
:106B5000006080E5141090E512008DE8030090E9D4
:106B6000890000EB14D08DE2F08FBDE808009DE5B0
:106B7000000090E50810A0E111008DE8BC30DDE1D7
:106B8000B021DDE10700A0E17F0000EB000C9BE5F8
:106B9000010080E2000C8BE5F1FFFFEA040484E0D1
:106BA000840480E000118BE0000C91E5800050E34C
:106BB000130000AA800080E0800181E0047080E57D
:106BC000088080E5B021DDE10C2080E5BC20DDE11E
:106BD000102080E508209DE5002092E5142080E546
:106BE000002C91E5012082E2002C81E5006080E527
:106BF000141090E512008DE80F0090E9620000EBA0
:106C0000D7FFFFEA0050CAE5D5FFFFEA310900EBE4
:106C10000010A0E10C308DE210208DE20600A0E112
:106C2000D6FAFFEB000050E34000000A000054E3F6
:106C30001900000ABC30DDE1B021DDE10810A0E15F
:106C40000700A0E100408DE5CE0800EB010070E3F5
:106C50001C00000A041484E0841481E001118BE01C
:106C6000800080E0805181E0047085E5088085E542
:106C7000B001DDE10C0085E5BC00DDE1100085E53B
:106C8000149085E5006085E5120900EB11008DE8A0
:106C90000F0095E93C0000EBB1FFFFEA0D0900EBA6
:106CA00011008DE8BC30DDE1B021DDE10810A0E18C
:106CB0000700A0E1340000EB000C9BE5010080E23E
:106CC000000C8BE5A6FFFFEA040484E0840480E066
:106CD00000018BE0001C90E5800051E3110000AA48
:106CE000811081E0815180E0047085E5088085E5B0
:106CF000B011DDE10C1085E5BC10DDE1101085E57B
:106D0000149085E5006085E5001C90E5011081E2A6
:106D1000001C80E5EF0800EB11008DE80F0095E9FD
:106D2000190000EB8EFFFFEA0050CAE58CFFFFEA76
:106D300014009FE5001090E5021781E3001080E544
:106D400087FFFFEA4A000300043A0400B001030091
:106D50007C402DE918C09DE528409FE5815181E0E8
:106D6000011285E0044094E5810280E0800084E027
:106D70000010A0E304008DE50100A0E100C08DE556
:106D8000EA6300EB7C80BDE8A03503007C402DE980
:106D900018609DE51CC09DE554509FE554409FE55B
:106DA00000005CE30900000A01005CE30A00000A3D
:106DB00002005CE30B00000A04C095E508C084E50E
:106DC00008C094E540108DE8D86300EB7C80BDE8F6
:106DD00008C095E508C084E5F8FFFFEA0CC095E51A
:106DE00008C084E5F5FFFFEA10C095E508C084E51A
:106DF000F2FFFFEAA03503002C010300FC472DE958
:106E00000350A0E128309DE5DC609FE5000053E3DE
:106E1000044096E51A00000A010053E31A00000A34
:106E2000020053E31A00000A04C0A0E1190E52E365
:106E3000190000DAF00055E3170000DAAC609FE5B6
:106E40000130A0E30030C6E5A4709FE5013880E082
:106E5000003087E5023080E0057081E0073883E08C
:106E600090709FE5003087E50530A0E104408DE596
:106E700000C08DE5AD6300EB0000A0E30000C6E5B7
:106E8000FC87BDE808C096E5E7FFFFEA0CC096E581
:106E9000E5FFFFEA10C096E5E3FFFFEA0040A0E34C
:106EA000813181E0011283E0817280E087808CE093
:106EB0008290A0E1090000EA042096E5840184E0C4
:106EC000040280E0001388E0872082E0000382E073
:106ED0000920A0E199E7FFEB010084E20148C0E34B
:106EE000050054E1F3FFFFBAFC87BDE8A0350300BD
:106EF000000703004C070300500703003E402DE944
:106F00000000A0E300008DE504008DE508008DE59C
:106F1000AC409FE50000D4E5010050E32700001AD3
:106F2000731FA0E30A00A0E35C2C00EB081094E5BB
:106F300090008FE2E77500EB691FA0E30A00A0E371
:106F4000562C00EB9C409FE50820A0E3000094E550
:106F5000241080E20D00A0E178E7FFEB0D10A0E126
:106F600084008FE2DB7500EB6E1FA0E30A00A0E354
:106F70004A2C00EB000094E50820A0E31B1080E2FF
:106F80000D00A0E16DE7FFEB0D10A0E178008FE2AE
:106F9000D07500EB191EA0E30A00A0E33F2C00EB24
:106FA000000094E50820A0E3121080E20D00A0E1AB
:106FB00062E7FFEB0D10A0E16C008FE2C57500EBFE
:106FC0003E80BDE8300303004E414E4420436865D7
:106FD000636873756D203D20307825303858202047
:106FE0002020202020202000C0010300424D5020FE
:106FF00056455253494F4E2020203D2025387320BE
:107000002020202020202020000000004D41494E5B
:107010002056455253494F4E2020203D202538739D
:107020002020202020202020200000004C4344204D
:1070300056455253494F4E2020203D20253873207D
:10704000202020202020202000000000000050E30D
:107050000800000A010050E30B00000A020050E3A0
:107060000E00000A48009FE5001090E5011081E342
:10707000001080E51EFF2FE138009FE5001090E52D
:10708000011081E3001080E51EFF2FE128009FE53D
:10709000001090E5011081E3001080E51EFF2FE154
:1070A00018009FE5001090E5011081E3001080E5D5
:1070B0001EFF2FE10C1700B80C1400B80C1500B817
:1070C0000C1600B810402DE90B12A0E3401291E518
:1070D0001020A0E3000182E03100A0E1030000E203
:1070E000000050E30500000A010050E30500000A1B
:1070F000020050E30600000A0209A0E31080BDE888
:107100001C009FE51080BDE81040BDE80600A0E32C
:10711000E18A00EA0600A0E3DF8A00EB2006A0E196
:107120001080BDE8001BB700F0412DE90060A0E130
:107130000180A0E10270A0E10600A0E1E0FFFFEB0A
:107140000040A0E10050A0E3A40057E10100009A34
:107150000200A0E3100000EA010354E30200003A39
:107160000750A0E3A441A0E1080000EA020454E3B0
:107170000200003A0350A0E32441A0E1030000EA2A
:10718000010454E30100003A0150A0E3A440A0E14F
:107190000710A0E10400A0E1B8ECFFEB000056E30B
:1071A000011088E30E00000A010056E31300000AF4
:1071B000020056E31800000A78209FE5000082E5EF
:1071C000042042E2005082E5042042E2001082E501
:1071D000011085E2900101E00400A0E1A7ECFFEBC3
:1071E000F081BDE850209FE5000082E5042042E2E6
:1071F000005082E5042042E2001082E5F3FFFFEA3E
:1072000038209FE5000082E5042042E2005082E53C
:10721000042042E2001082E5ECFFFFEA20209FE517
:10722000000082E5042042E2005082E5042042E2B0
:10723000001082E5E5FFFFEA081700B8081400B85F
:10724000081500B8081600B8000050E30800000A4E
:10725000010050E30B00000A020050E30E00000A98
:1072600048009FE5001090E5011081E3001080E5E3
:107270001EFF2FE138009FE5001090E5011081E32B
:10728000001080E51EFF2FE128009FE5001090E52B
:10729000011081E3001080E51EFF2FE118009FE53B
:1072A000001090E5011081E3001080E51EFF2FE142
:1072B000001700B8001400B8001500B8001600B898
:1072C000000050E30800000A010050E30B00000A30
:1072D000020050E30E00000A48009FE5001090E510
:1072E0000110C1E3001080E51EFF2FE138009FE58B
:1072F000001090E50110C1E3001080E51EFF2FE1B2
:1073000028009FE5001090E50110C1E3001080E522
:107310001EFF2FE118009FE5001090E50110C1E36A
:10732000001080E51EFF2FE1001700B8001400B820
:10733000001500B8001600B810402DE9343A00EBF3
:1073400008109FE50100A0E3000081E51080BDE882
:10735000101600B870402DE93E9A00EB88419FE579
:107360000800D4E50060A0E30150A0E3110050E361
:107370001700000A0800D4E5080050E32800000ABE
:10738000BE00D4E1010010E33900000A0900D4E591
:10739000000050E34D00000A0960C4E5021BA0E3B1
:1073A000020CA0E3F30500EBC800A0E3199A00EB80
:1073B0000800D4E5010080E20800C4E5BE00D4E185
:1073C000A000A0E1BE00C4E120019FE5005080E5DF
:1073D0007080BDE80860C4E50960C4E5021BA0E355
:1073E000020CA0E3AB0600EB0000D4E5010050E383
:1073F0000000001A0060C4E50100D4E5040050E379
:107400000300000A050050E30100000A030050E3F6
:10741000ECFFFF1A0250C4E5AC2D00EB8F8E00EBA1
:10742000E8FFFFEA0900D4E5000050E30900000A84
:107430000960C4E5021BA0E3020CA0E3CD0500EB4C
:10744000AC009FE5F39900EB0800D4E5010080E271
:107450000800C4E5DBFFFFEA021BA0E3020CA0E387
:107460008C0600EB7D0EA0E3EA9900EB0950C4E521
:10747000D4FFFFEA0900D4E5000050E30C00000A45
:107480000960C4E5021BA0E3020CA0E3B90500EB10
:10749000960FA0E3DF9900EB0800D4E5010080E23D
:1074A0000800C4E5BE00D4E1A000A0E1BE00C4E134
:1074B000C4FFFFEA021BA0E3020CA0E3750600EB89
:1074C000C800A0E3D39900EB0950C4E5BDFFFFEA73
:1074D000021BA0E3020CA0E36E0600EB960FA0E3F4
:1074E000CC9900EB0950C4E5B6FFFFEAE6010300C2
:1074F000101700B88813000010402DE90040A0E3E9
:10750000050700EB400700EB1C109FE50A00A0E315
:10751000042281E0080082E5012084E2FF4002E2CB
:107520000A0054E3F9FFFF3A1080BDE8645E0400EE
:10753000F0412DE90050A0E10140A0E10280A0E16E
:107540000070A0E3F6F5FFEB4C00A0E3D7F5FFEBEE
:107550000500A0E1D5F5FFEB07F6FFEB0200A0E385
:107560002A5300EBEEF5FFEB4D00A0E3CFF5FFEB68
:107570000100A0E3A9F5FFEB0000C4E55A0050E3C9
:107580000200000A93F5FFEBF041BDE8FAF5FFEACF
:10759000014084E27DF5FFEB0150A0E3016048E289
:1075A000060000EA0100A0E39CF5FFEB0000C4E543
:1075B000014084E275F5FFEB010085E2FF5000E237
:1075C000060055E1F6FFFFBA0100A0E393F5FFEBDB
:1075D0000000C4E57FF5FFEBE7F5FFEB010057E3A3
:1075E0000300001A0810A0E10400A0E1F041BDE88A
:1075F00024E6FFEAF081BDE8200040E2FF0000E25F
:107600000C109FE5000281E008109FE5081091E54D
:10761000311800EAACF102002C000300F0412DE922
:107620000050A0E10170A0E10040A0E30060A0E3F1
:107630000010A0E32080A0E30000D5E5300050E377
:107640005E00001A3080A0E35C0000EA302040E2D7
:10765000090052E30300008A042184E0820080E0F4
:10766000304040E21E0000EA6C0050E35300000A84
:10767000640050E34700000A0C0000CA2D0050E3EC
:107680002000000A040000CA000050E31700000AAE
:10769000250050E31100001A160000EA580050E3DC
:1076A0004200000A630050E30C00001A170000EAD1
:1076B000730050E32400000A040000CA690050E38C
:1076C0003400000A6F0050E30400001A390000EA99
:1076D000750050E33100000A780050E33100000AE1
:1076E0000310A0E3000051E33400000A360000EA72
:1076F000010045E2F081BDE82500A0E3983100EBF0
:107700000500A0E1F081BDE80160A0E3F4FFFFEA1D
:10771000000056E30100000A7F0007E2903100EB11
:10772000000054E3020000DA011044E20800A0E186
:10773000068C00EB000056E30100001A7F0007E210
:10774000873100EB0500A0E1F081BDE8000056E3C1
:107750000100000A0700A0E1058C00EB0700A0E192
:107760005FE5FFFA040050E10400002A0700A0E1F1
:107770005BE5FFFA001044E00800A0E1F38B00EBAA
:10778000000056E30100001A0700A0E1F88B00EBAF
:107790000500A0E1F081BDE80910E0E3D0FFFFEAB9
:1077A0000A10A0E3CEFFFFEA1010A0E3CCFFFFEA2F
:1077B0001010A0E3CAFFFFEA0810A0E3C8FFFFEA29
:1077C0000100D5E4000050E39FFFFF1A000056E3DC
:1077D0000000000A004064E20830A0E10420A0E1BB
:1077E0000700A0E1798B00EB0500A0E1F081BDE886
:1077F000F0412DE990019FE50010D0E5010051E333
:10780000C400000A0C00D0E5010050E3C100000AEA
:1078100078019FE578419FE50000D0E5000050E346
:107820000700000A0100D4E5010010E30400000A8B
:10783000691FA0E30A00A0E3182A00EB550F8FE2AE
:10784000A47300EB0100D4E5020010E30600000A77
:10785000691FA0E30A00A0E3102A00EB48019FE59E
:107860000010D0E5510F8FE29A7300EB0100D4E5D0
:1078700060619FE560719FE560519FE5040010E342
:107880001600000A6E1FA0E30A00A0E3032A00EB23
:107890000E0095E8520F8FE28E7300EB5A1FA0E3A3
:1078A0000A00A0E3FD2900EB001096E5002097E513
:1078B000020051E10700001A090095E8030050E1B9
:1078C0000400001A000050E30200000A050D8FE2D8
:1078D000807300EB010000EA5D0F8FE27D7300EB27
:1078E0000100D4E5080010E30400000A731FA0E3C0
:1078F0000A00A0E3E92900EB650F8FE2757300EB46
:107900000100D4E5050050E30100000A060050E341
:107910007D00001A001096E5002097E5020051E175
:107920000600001A060095E8020051E10300001A63
:10793000000051E30100000A050050E35900000A6D
:107940000700D4E5060110E30B00000A2010A0E3B5
:10795000020CA0E34F0500EB4010A0E3020CA0E3F3
:107960004C0500EB8010A0E3020CA0E3490500EBFE
:10797000011CA0E3020CA0E3460500EB0700D4E5E0
:10798000010010E35400000A5F0000EAC86104002F
:10799000400003007001030055706461746520535A
:1079A00075636365737320202020200004030300A7
:1079B000557064617465204661696C75726520203C
:1079C00020202020202020436F64653D3078253022
:1079D0003278202020200000B4010300B801030009
:1079E000E8610400636F707920626D702066696CD5
:1079F0006520656E642C746F74616C20256420733F
:107A0000756363657373202564206661696C6564C2
:107A100020256400504153532C504153532C504166
:107A200053532C504153532C504153532C504153DA
:107A3000532C504153532C504153532C5553423DDA
:107A40003078253038582C4E414E443D3078253022
:107A5000385800004E472C4E472C4E472C4E472C92
:107A60004E472C4E472C4E472C4E472C4E472C4E03
:107A7000472C4E472C4E472C4E472C5553423D30F9
:107A800078253038582C4E414E443D3078253038DA
:107A9000580000004261636B757020456E642020C1
:107AA00020202020202020002010A0E3020CA0E3B2
:107AB000300400EB4010A0E3020CA0E32D0400EB27
:107AC0008010A0E3020CA0E32A0400EB011CA0E359
:107AD000020CA0E3270400EB0B0000EA2010A0E357
:107AE000020CA0E3230400EB4010A0E3020CA0E38F
:107AF000200400EB8010A0E3020CA0E31D0400EBC7
:107B0000011CA0E3020CA0E31A0400EB0700D4E57B
:107B1000010080E20700C4E5F081BDE8F74F2DE9E0
:107B200050D04DE20060A0E10270A0E10040A0E36F
:107B3000D0089FE50150D0E5C8189FE50000D0E5CA
:107B4000049091E5C8389FE5852085E0B8189FE549
:107B500048208DE5B4B89FE5022183E0040050E39E
:107B600005A281E00080A0E34C208DE50600000A1C
:107B7000050050E31501000A060050E31301000A56
:107B8000070050E35503001A100100EA6A00A0E361
:107B90000B00CBE544008DE578289FE578208BE548
:107BA0004C009DE568389FE5040090E548C09DE5E0
:107BB00040008DE50C3193E7920320E07C008BE5DB
:107BC0004CC09DE508C09CE500005CE30200000A93
:107BD00001C0A0E30AC0CBE5000000EA0A80CBE5C3
:107BE000000059E16E00008A051291E7051481E258
:107BF000FA1881E2A1A5A0E103438AE080408BE569
:107C0000090040E00210A0E11CEAFFEB00038AE05B
:107C100084008BE5000054E12900001AF8079FE575
:107C200040209DE5053190E744009DE5D4179FE590
:107C3000923020E08C008BE56A20A0E3990202E0FC
:107C4000020040E0B820D1E1020080E0060080E2BE
:107C500088008BE50020D0E50020C6E5B810D1E112
:107C60000620A0E3010040E0061040E2010086E2A9
:107C700032E4FFEB000057E30200000A010057E383
:107C80000800000A150300EA54009DE50030A0E357
:107C90000620A0E10710A0E37C3900EB0100A0E37F
:107CA0005CD08DE2F08FBDE854009DE50030A0E38C
:107CB0000620A0E10710A0E3D73900EB0100A0E304
:107CC000F6FFFFEA50979FE50120A0E3050199E741
:107CD0000410A0E16E2700EB0050CBE5050199E709
:107CE00084109BE50120A0E3800F00EB14479FE583
:107CF0007C109BE5040094E5000041E078109BE5D2
:107D0000DEE9FFEB0B00DBE5910000E0051199E7F0
:107D1000010080E0B810D4E1010080E0060080E2BC
:107D200088008BE50010D0E50010C6E5B810D4E15E
:107D30000620A0E3010040E0061040E2010086E2D8
:107D4000FEE3FFEB050199E780109BE50120A0E32E
:107D5000660F00EB0080CBE5000057E30200000A4D
:107D6000010057E30700000ADC0200EA54009DE529
:107D70000030A0E30620A0E10710A0E3433900EBA8
:107D80000100A0E3C5FFFFEA54009DE50030A0E339
:107D90000620A0E10710A0E39F3900EB0100A0E35B
:107DA000BEFFFFEA0A00DBE5010050E30800000A1D
:107DB000FF20A0E30710A0E30600A0E12DE4FFEB05
:107DC000000057E37300000A010057E37800000A3F
:107DD000C20200EA04009AE50140A0E1C01FA0E150
:107DE000A10780E0C008A0E190008BE524169FE584
:107DF000800160E1000059E10700003AFF20A0E3A4
:107E00000710A0E30600A0E11AE4FFEB000057E32F
:107E10004400000A010057E34900000AF0059FE50D
:107E2000851085E0010180E078109BE5040090E575
:107E30003C108DE591E9FFEB051294E70003A0E10A
:107E4000059481E2FA9889E2A9A580E080A08BE5FB
:107E5000B0459FE57C109BE5040094E590209BE5F0
:107E6000001041E03C009DE5921020E03C109DE5B3
:107E700082E9FFEBA915A0E1000381E084008BE516
:107E800094959FE50120A0E3050199E70A10A0E180
:107E9000FF2600EB0050CBE5050199E784109BE538
:107EA0000120A0E3110F00EB040094E57C109BE59A
:107EB00090209BE5000041E078109BE5920120E0D6
:107EC0006EE9FFEB0B20DBE5050199E7910220E06D
:107ED000B810D4E1010080E0060080E288008BE564
:107EE0000010D0E50010C6E5B810D4E10620A0E3EC
:107EF000010040E0061040E2010086E28FE3FFEB64
:107F0000050199E780109BE50120A0E3F70E00EB47
:107F10000080CBE5000057E31000000A010057E3A2
:107F20001500000A6D0200EA54009DE50030A0E350
:107F30000620A0E10710A0E3D43800EB0100A0E385
:107F400056FFFFEA54009DE50030A0E30620A0E1C3
:107F50000710A0E3303900EB0100A0E34FFFFFEA78
:107F600054009DE50030A0E30620A0E10710A0E347
:107F7000C63800EB0100A0E348FFFFEA54009DE58E
:107F80000030A0E30620A0E10710A0E3223900EBB7
:107F90000100A0E341FFFFEA54009DE50030A0E3AB
:107FA0000620A0E10710A0E3B83800EB0100A0E331
:107FB0003AFFFFEA54009DE50030A0E30620A0E16F
:107FC0000710A0E3143900EB0100A0E333FFFFEA40
:107FD0000C009AE5A01F80E0C120A0E10110C1E3E0
:107FE00038008DE5010040E0020080E0060080E2FC
:107FF000FF1000E214049FE501B0A0E10B10C0E502
:108000000208A0E31DE9FFEB00149FE5780081E57D
:1080100034008DE54C109DE5F4C39FE530108DE5EF
:10802000043091E548209DE52C308DE502219CE748
:10803000923020E0D4339FE5010040E27C0083E5EC
:1080400028008DE5080091E5000050E30200000AD9
:108050000110A0E30A10C3E5010000EAAC139FE59C
:108060000A80C1E5000052E30400001A000050E35A
:108070000200001A2C009DE5000050E34401000AB4
:1080800028009DE584139FE5000059E13D01008A29
:1080900028009DE534109DE5F8E8FFEB0013A0E112
:1080A00064039FE5050290E7050480E2FA0880E298
:1080B00024008DE5A00581E050139FE5800081E557
:1080C00020008DE51C008DE528009DE5090040E0BD
:1080D00034109DE5E9E8FFEB0010A0E124009DE5E8
:1080E000A005A0E1011380E020039FE5841080E556
:1080F0001C009DE5010050E17D00001A18039FE57A
:10810000051190E72C009DE500539FE5010040E23A
:108110009B1020E08C0085E5990B01E0010040E018
:10812000880085E50000D0E5E00050E30200000A89
:10813000EF0050E31500000A300000EA0030A0E331
:10814000B62F8FE2B71F8FE20600A0E168E1FFFAC9
:10815000880095E50610D0E50520D0E50430D0E58F
:108160000C108DE510808DE508208DE504308DE53F
:108170000310D0E500108DE50230D0E50120D0E5F8
:10818000AA1F8FE2050086E259E1FFFA310000EAFA
:108190000030A0E32B2E8FE2A21F8FE20600A0E1A9
:1081A00053E1FFFA880095E50410D0E50530D0E5ED
:1081B0000620D0E50A008DE90C208DE510808DE5C4
:1081C0000310D0E500108DE50230D0E50120D0E5A8
:1081D000961F8FE2050086E245E1FFFA1D0000EAE6
:1081E000880095E59A1F8FE2040080E00620D0E524
:1081F000840086E03EE1FFFA010084E2FF4000E2F5
:108200000B00D5E5060040E2000054E1F3FFFFBAA1
:108210000C009AE5060100E2010050E31200000A9A
:10822000880095E508508DE20410D0E50520D0E5E2
:108230000330D0E5060185E804308DE50210D0E575
:1082400000108DE50130D0E50020D0E5840086E007
:10825000761F8FE226E1FFFA000057E31200000AC2
:10826000010057E31900000A9C0100EA880095E527
:108270000310D0E50430D0E50520D0E50A008DE9F3
:108280000C208DE510808DE50210D0E500108DE505
:108290000130D0E50020D0E5840086E0010040E216
:1082A000621F8FE212E1FFFAEAFFFFEA0600A0E197
:1082B0008BE2FFFAFF1000E254009DE50130A0E3DD
:1082C0000620A0E1F13700EB0100A0E373FEFFEA16
:1082D0000600A0E182E2FFFAFF1000E254009DE5F3
:1082E0000130A0E30620A0E14B3800EB0100A0E341
:1082F0006AFEFFEA20B19FE510919FE505019BE72B
:1083000020109DE50120A0E3E12500EB0050C9E528
:1083100005019BE7841099E50120A0E3F30D00EB34
:10832000E0009FE57C1099E5040090E5000041E045
:10833000781099E551E8FFEB0B00D9E5910000E0DA
:1083400005119BE7010080E0880089E50000D0E589
:10835000E00050E30200000AEF0050E31400000ABE
:10836000450000EA0030A0E3B0208FE2B4108FE2B5
:108370000600A0E1DEE0FFFA880099E50410D0E5F0
:108380000530D0E50620D0E50A008DE90C208DE50A
:1083900010808DE50310D0E500108DE50230D0E5AA
:1083A0000120D0E584108FE2050086E2D0E0FFFADC
:1083B000480000EA0030A0E38C208FE264108FE2D6
:1083C0000600A0E1CAE0FFFA880099E50610D0E5B2
:1083D0000520D0E50430D0E50C108DE510808DE54A
:1083E00008208DE504308DE50310D0E500108DE503
:1083F0000230D0E50120D0E530108FE2050086E2A2
:10840000BBE0FFFA330000EA24350300E00B030071
:108410001402030078740400D4040000E00D03008B
:108420003030314530000000257325630000000026
:1084300025303258253032582530325825303258C0
:108440002530325825303258256300003030314510
:10845000460000002530325800000000880099E5F1
:1084600014104FE2040080E00620D0E5840086E08E
:108470009FE0FFFA010084E2FF4000E20B00D9E533
:10848000060040E2000054E1F3FFFFBA0C009AE559
:10849000060100E2010050E31800000A880099E597
:1084A0000510D0E50420D0E50330D0E50C108DE5B3
:1084B00010808DE508208DE504308DE50210D0E5B3
:1084C00000108DE50130D0E50020D0E5840086E085
:1084D000A8104FE286E0FFFA05019BE7801099E5BE
:1084E0000120A0E3810D00EB0080C9E5000057E307
:1084F0001200000A010057E31900000AF70000EA21
:10850000880099E50510D0E50430D0E50320D0E5DA
:108510000C108DE510808DE50C008DE90210D0E582
:1085200000108DE50130D0E50020D0E5840086E024
:10853000010040E2431F4FE26DE0FFFAE5FFFFEA72
:108540000600A0E1E6E1FFFAFF1000E254009DE51D
:108550000130A0E30620A0E14C3700EB0100A0E3CE
:10856000CEFDFFEA0600A0E1DDE1FFFAFF1000E228
:1085700054009DE50130A0E30620A0E1A63700EB02
:108580000100A0E3C5FDFFEA0A00D1E5010050E3C8
:108590001100000A38009DE5060100E2010050E3E9
:1085A000F300000A9C411FE58B10A0E10600A0E14A
:1085B00034E2FFEB0B00D4E54620A0E38010A0E1FD
:1085C0000600A0E12BE2FFEB000057E3F300000AF6
:1085D000010057E3FA00000AC00000EA04009AE52F
:1085E000D8111FE5C02FA0E1A20780E0C008A0E1DC
:1085F000900081E534109DE5910000E0000059E114
:108600001000003A38009DE5060100E2010050E349
:108610004300000A0C921FE58B10A0E10600A0E1C8
:1086200018E2FFEB0B00D9E54620A0E38010A0E1A3
:108630000600A0E10FE2FFEB000057E34300000A51
:10864000010057E34A00000A30009DE544921FE50F
:10865000040090E5781099E5010040E218108DE5DE
:1086600086E7FFEB0013A0E164021FE5050290E737
:1086700005B480E2FAB88BE2AB0581E0800089E5C1
:1086800014008DE584021FE57C1099E5040090E557
:10869000902099E5001041E018009DE5921020E03F
:1086A00018109DE575E7FFEBAB15A0E1000381E035
:1086B000840089E5A0B21FE514109DE505019BE744
:1086C0000120A0E3F22400EB0050C9E505019BE77F
:1086D000841099E50120A0E3040D00EBDC021FE506
:1086E0007C1099E5040090E5902099E5000041E0B8
:1086F000781099E5920120E060E7FFEB0B20D9E5C7
:1087000005019BE7910220E0880089E50000D0E5A3
:10871000E00050E31F00000AEF0050E33200000ABF
:108720004E0000EA1C931FE58B10A0E10600A0E1BB
:10873000D4E1FFEB0B10D9E50000E0E34620A0E315
:10874000811080E00600A0E1CAE1FFEBB9FFFFEA7B
:108750000600A0E162E1FFFAFF1000E254009DE58F
:108760000130A0E30620A0E1C83600EB0100A0E341
:108770004AFDFFEA0600A0E159E1FFFAFF1000E21E
:1087800054009DE50130A0E30620A0E1223700EB74
:108790000100A0E341FDFFEA0030A0E3E12F4FE23A
:1087A0000E1D4FE20600A0E1D1DFFFFA880099E537
:1087B0000610D0E50520D0E50430D0E50C108DE59D
:1087C00010808DE508208DE504308DE50310D0E59F
:1087D00000108DE50230D0E50120D0E5ED1F4FE21D
:1087E000050086E2C2DFFFFA330000EA0030A0E3B2
:1087F000EB2F4FE2F51F4FE20600A0E1BCDFFFFACE
:10880000880099E50610D0E50520D0E50430D0E5D4
:108810000C108DE510808DE508208DE504308DE588
:108820000310D0E500108DE50230D0E50120D0E541
:10883000B0119FE5050086E2ADDFFFFA1E0000EAF9
:10884000880099E5A0119FE5040080E00620D0E5AE
:10885000840086E0A6DFFFFA010084E2FF4000E228
:108860000B00D9E5060040E2000054E1F3FFFFBA37
:108870000C009AE5060100E2010050E31900000A2D
:10888000880099E50510D0E50420D0E50330D0E557
:108890000C108DE510808DE508208DE504308DE508
:1088A0000210D0E500108DE50130D0E50020D0E5C4
:1088B00030119FE5840086E08DDFFFFA05019BE71C
:1088C000801099E50120A0E3880C00EB0080C9E549
:1088D000000057E31400000A010057E31B00000AE0
:1088E0000000A0E3EDFCFFEA880099E50510D0E563
:1088F0000420D0E50330D0E50C108DE510808DE527
:1089000008208DE504308DE50210D0E500108DE5DE
:108910000130D0E50020D0E5840086E0C4109FE55A
:10892000010040E272DFFFFAE3FFFFEA0600A0E188
:10893000EBE0FFFAFF1000E254009DE50130A0E3F8
:108940000620A0E1513600EB0100A0E3D3FCFFEAD2
:108950000600A0E1E2E0FFFAFF1000E254009DE50E
:108960000130A0E30620A0E1AB3600EB0100A0E35C
:10897000CAFCFFEA6C451FE58B10A0E10600A0E1F0
:1089800040E1FFEB0B10D4E50000E0E34620A0E35C
:10899000811080E00600A0E136E1FFEB09FFFFEA6D
:1089A0000600A0E1CEE0FFFAFF1000E254009DE5D2
:1089B0000130A0E30620A0E1343600EB0100A0E383
:1089C000B6FCFFEA0600A0E1C5E0FFFAFF1000E2F6
:1089D00054009DE50130A0E30620A0E18E3600EBB7
:1089E0000100A0E3ADFCFFEA3084000054840000E5
:1089F000000051E10400009A011042E0010080E013
:108A00000008A0E12008A0E11EFF2FE1010040E0E6
:108A10000008A0E12008A0E11EFF2FE110402DE991
:108A2000800010E30500000A24109FE50120A0E368
:108A30000220C1E51C209FE5002092E5082081E589
:108A40000010A0E1010CA0E3520000EB0000A0E345
:108A50001080BDE864010300BC05030010402DE94F
:108A6000200010E30600000A40109FE50010D1E549
:108A7000000051E30700000A34209FE50110A0E345
:108A80000010C2E50010A0E1070DA0E3410000EBDB
:108A90000000A0E31080BDE80010A0E1070DA0E3F6
:108AA0003C0000EB070DA0E3400000EB520900EB97
:108AB0009A010300E401030010402DE90040A0E109
:108AC000010A14E31200000A011AA0E3020CA0E359
:108AD000E60000EB4C309FE5000050E30900000A7F
:108AE0000000A0E35B8100EB3C009FE5000090E507
:108AF00038109FE5080081E50400D3E5010080E21D
:108B00000400C3E5020000EA0400D3E5010080E2AE
:108B10000400C3E50410A0E1020CA0E31D0000EB7B
:108B20000000A0E31080BDE8E6010300BC050300DF
:108B3000686C04002023A0E130309FE5822083E0B0
:108B4000B030D2E10130C3E1B030C2E120209FE576
:108B50000220B0E70120C2E1002080E5202090E55E
:108B60000110C2E1201080E50000A0E31EFF2FE10C
:108B700000000900003000B814209FE5020080E0EA
:108B8000042090E50110C2E1041080E50000A0E39C
:108B90001EFF2FE1003000B80C209FE5020080E0AE
:108BA000181080E50000A0E31EFF2FE1003000B8A0
:108BB00010402DE92003A0E144109FE50020A0E330
:108BC000000181E0142080E53C2080E50000A0E366
:108BD000002181E0142092E5000052E30100000A28
:108BE0000000A0E31080BDE8010080E20A0050E32D
:108BF000F6FFFFBA3900A0E3C78300EB0000A0E353
:108C00001080BDE8000009002C209FE5020080E0F4
:108C10000C2090E50120C2E10C2080E5102090E5B9
:108C20000120C2E1102080E5142090E50110C2E18E
:108C3000141080E50000A0E31EFF2FE1003000B813
:108C400010402DE92003A0E1000051E30300000AD9
:108C500030309FE5000183E0141080E53C2080E582
:108C600024209FE53910A0E30700A0E31A8600EB5B
:108C70003900A0E3C58300EB7F00A0E3CF8600EBC3
:108C80000000A0E31080BDE800000900888D00000E
:108C9000EC309FE5050052E3030080E002F18F30E5
:108CA000350000EA030000EA0C0000EA150000EAC3
:108CB0001E0000EA270000EA0C2090E5012082E176
:108CC0000C2080E5102090E50120C2E1102080E515
:108CD000142090E5021081E1141080E5260000EADE
:108CE0000C2090E5012082E10C2080E5102090E529
:108CF000012082E1102080E5142090E50110C2E1FE
:108D0000141080E51C0000EA0C2090E50120C2E16F
:108D10000C2080E5102090E50120C2E1102080E5C4
:108D2000142090E5021081E1141080E5120000EAA1
:108D30000C2090E50120C2E10C2080E5102090E598
:108D4000012082E1102080E5142090E50110C2E1AD
:108D5000141080E5080000EA0C2090E50120C2E133
:108D60000C2080E5102090E5012082E1102080E5B4
:108D7000142090E5021081E1141080E50000A0E3CA
:108D80001EFF2FE1003000B8F0472DE954809FE529
:108D9000140198E50264A0E3C67688E1FC5397E5E8
:108DA0000040A0E340909FE501A0A0E3040189E01A
:108DB000142090E5000052E30500000A1A0415E1B2
:108DC0000300000A3C1090E5040387E0180090E5DA
:108DD00032FF2FE1014084E20A0054E3F2FFFFBAC0
:108DE0004C6188E5F087BDE8002000B8000009006C
:108DF00030402DE90BC2A0E318429CE5084084E313
:108E000018428CE520C3A0E158409FE58CC084E067
:108E1000B040DCE1010014E10100000A0200E0E3DF
:108E20003080BDE8014084E1B040CCE138C09FE52E
:108E30000CC0B0E701C0CCE1010052E30000001A11
:108E400001C08CE100C080E5202090E50120C2E156
:108E5000010053E30000001A012082E1202080E598
:108E60000000A0E33080BDE800000900003000B839
:108E70001C209FE5020080E0080090E5010010E161
:108E80000100000A0100A0E31EFF2FE10000A0E3A3
:108E90001EFF2FE1003000B814209FE5020080E0A3
:108EA000042090E5021081E1041080E50000A0E3B9
:108EB0001EFF2FE1003000B820309FE5003083E036
:108EC000000093E50100C0E1010052E30000001A38
:108ED000010080E1000083E50000A0E31EFF2FE118
:108EE000003000B870402DE90050A0E10160A0E121
:108EF0000240A0E180009FE50420A0E1043090E55D
:108F00000610A0E10500A0E1500000EB010050E3D5
:108F10001500000A64009FE5141090E5851181E0BA
:108F2000B010D1E1B010C6E1140090E5850180E0F9
:108F3000B200D0E1B000C4E1B000D6E140209FE52E
:108F4000020050E10A00000AB010D4E1020051E131
:108F50000700000A000050E30500000A000051E38A
:108F60000300000A0100A0E37080BDE80100A0E357
:108F70007080BDE80000A0E37080BDE82C01030014
:108F8000A0350300FFFF0000F0412DE90060A0E1E3
:108F900018009DE50040A0E3ACC09FE5005480E0D0
:108FA000800485E000518CE000CC95E5220000EAC9
:108FB000840084E0800185E0047090E5060057E1BC
:108FC0001C00001A087090E5010057E11900001A12
:108FD0000C7090E5020057E11600001A100090E5B1
:108FE000030050E11300001A02005CE3080000AA2D
:108FF0000E0000EA010084E2800080E0801185E03C
:10900000840084E0800185E01820A0E380DFFFEB8E
:10901000014084E2000C95E5010040E2040050E1CB
:10902000F3FFFFCA000C95E5010040E2F081BDE8C6
:109030000400A0E1F081BDE8014084E204005CE1AD
:10904000DAFFFFCA0000E0E3F081BDE8043A040063
:1090500010402DE974C09FE518409CE5804184E0F4
:10906000B040D4E1B040C1E118409CE5804184E0CB
:10907000B240D4E1B040C2E120C09CE500018CE0E8
:10908000000083E5B000D1E1000050E30B00000ACE
:10909000B010D2E1000051E30800000A30209FE543
:1090A000020050E10500000A020051E10300000A3D
:1090B000320E50E30100008A1E0E51E30100009AB7
:1090C0000000A0E31080BDE80100A0E31080BDE82F
:1090D000A0350300FFFF000004009FE51C0090E5A1
:1090E0001EFF2FE1A035030010009FE5000090E572
:1090F000010050E30000000A0000A0E31EFF2FE182
:10910000300803000F1000E22002A0E1000180E01F
:10911000800081E0FF0000E21EFF2FE110402DE9FA
:10912000D4009FE50020A0E3FF10A0E3721A00EB3B
:109130000130A0E30320A0E1021CA0E3010CA0E3A6
:109140002AFFFFEB0130A0E3011CA0E30320A0E114
:109150000100A0E125FFFFEB021CA0E3010CA0E34E
:109160004CFFFFEB011CA0E30100A0E149FFFFEB76
:1091700088009FE50020A0E30F12A0E35E1A00EB39
:109180000130A0E30020A0E38010A0E3010CA0E3E5
:1091900016FFFFEB0420A0E38010A0E3010CA0E386
:1091A000BAFEFFEB58109FE50020A0E3010CA0E3FE
:1091B000A2FEFFEB4C009FE50020A0E30F1AA0E306
:1091C0004D1A00EB0130A0E30320A0E1021BA0E355
:1091D0004000A0E305FFFFEB021BA0E34000A0E37B
:1091E00064FEFFEB0200A0E3E44B00EB1040BDE89F
:1091F000021BA0E34000A0E326FFFFEA940000B0BA
:10920000900000B01C8A00007C0000B01EFF2FE11F
:10921000F84F2DE92C439FE50010C4E5081081E2CA
:109220000170A0E31711A0E11CA39FE51C839FE53B
:109230001C639FE51C539FE5080050E30090A0E3EA
:1092400000F18F30980000EA970000EA050000EA7C
:10925000040000EA950000EAC90000EA130100EAF0
:10926000120100EA420100EAECA29FE50390CAE580
:10927000000098E5DA3FE0E30920A0E1B71F8FE2A4
:10928000030040E01ADDFFFA0290CAE5000098E50D
:10929000E3BFE0E30020A0E30B1D8FE20B0040E002
:1092A00013DDFFFA000098E50220DAE5050C80E204
:1092B000AA1F8FE2A90080E20DDDFFFAA4029FE55C
:1092C0000000D0E5400010E33200000A0000D4E5C1
:1092D000080080E21700A0E1B3EFFFEB0000D4E547
:1092E000001196E70070C1E5001196E70190C1E515
:1092F000002196E7AA10A0E30210C2E5002196E73C
:109300000310C2E59910A0E30410CAE50510CAE5F0
:10931000001285E0081091E5010051E30600001AF3
:109320000110E0E300108DE5000196E70420A0E3C2
:10933000040080E20D10A0E180DEFFEB0270CAE5C0
:10934000000098E50120A0E3211E8FE20B0040E021
:10935000E7DCFFFA000098E50220DAE5050C80E280
:109360007E1F8FE2A90080E2E1DCFFFA000098E5B1
:109370000420DAE5791F8FE2360E80E2DCDCFFFAAA
:10938000000098E50520DAE51D1E8FE2E10F80E27E
:10939000D7DCFFFA290000EA0000D4E5080080E2EB
:1093A0001700A0E180EFFFEBBC219FE50000D4E5B2
:1093B0000110D2E5003196E70010C3E50010D2E5B8
:1093C000002196E70110C2E5001196E70290C1E581
:1093D000000196E70390C0E590019FE50020D0E5ED
:1093E0000420CAE50100D0E50500CAE5000098E5C3
:1093F0005A1F8FE2360E80E2BDDCFFFA000098E5CE
:109400000520DAE5551F8FE2E10F80E2B8DCFFFAB4
:109410000000D4E5001285E0081091E5010051E359
:109420000600001A0110E0E300108DE5000196E748
:109430000420A0E3040080E20D10A0E13FDEFFEB7A
:109440000060A0E3050000EA010295E7050480E260
:10945000FA0880E2A00886E0290E00EB016086E2AF
:109460000010D4E5010285E0040090E5C02FA0E1E2
:10947000A20780E0C00856E1F2FFFF3A0000D4E501
:10948000000285E0080090E5020050E30600001AA3
:10949000DC109FE50000E0E3000081E5D4009FE5DB
:1094A000009080E5D0009FE5009080E5F88FBDE852
:1094B0000100A0E13CEFFFEB0070A0E3050000EA33
:1094C000000295E7050480E2FA0880E2A00887E040
:1094D0000B0E00EB017087E20000D4E5001285E07E
:1094E000041091E5C12FA0E1A21781E0C10857E166
:1094F000F2FFFF3A0020D4E51810A0E3022196E71E
:10950000E813C2E5002196E7D117C2E5002196E7EE
:10951000BA1BC2E5001295E7000196E7051481E247
:10952000FA1881E2A115A0E10120A0E3582100EB87
:109530000000D4E544109FE50120A0E3000196E778
:10954000532100EBF88FBDE82C030300BC0003009F
:10955000C0010300E00D0300E00B03001835030019
:109560002530385800000000B0010300B0000300AF
:10957000B6000300880003008C0003009000030085
:1095800080EB01000100A0E107EFFFEB0000D4E554
:10959000001098E50020A0E3800080E0700080E2E9
:1095A000800180E0010080E050104FE250DCFFFAC3
:1095B0000000D4E5001098E50020A0E3800080E0E2
:1095C000710080E2800180E0010080E074104FE2D1
:1095D00047DCFFFA0000D4E5001098E50020A0E386
:1095E000800080E0720080E2800180E0010080E085
:1095F00098104FE23EDCFFFA0000D4E50010DAE5F7
:10960000002196E70010C2E50110DAE5002196E797
:109610000110C2E50210DAE5002196E70210C2E56A
:109620000310DAE5002196E70310C2E50410DAE53D
:10963000002196E70410C2E50610DAE5002196E75E
:109640000510C2E50190C4E50110D4E5002196E7BC
:10965000012082E00690C2E5011081E2FF1001E2E4
:109660000110C4E5640051E3F6FFFF3A0060A0E397
:10967000050000EA010295E7050480E2FA0880E2AD
:10968000A00886E09E0D00EB016086E20010D4E5A4
:10969000010285E0040090E5C02FA0E1A20780E070
:1096A000C00856E1F2FFFF3ADD5700EBF88FBDE846
:1096B000FF5700EB0000D4E5080080E21700A0E1AE
:1096C000B9EEFFEB0000D4E5001098E50020A0E320
:1096D000800080E0700080E2800180E0010080E096
:1096E000621F4FE202DCFFFA0000D4E5001098E5AB
:1096F0000020A0E3800080E0710080E2800180E033
:10970000010080E06B1F4FE2F9DBFFFA0000D4E5B7
:10971000001098E50020A0E3800080E0720080E265
:10972000800180E0010080E01D1E4FE2F0DBFFFAC7
:109730000060A0E3050000EA010295E7050480E26D
:10974000FA0880E2A00886E06D0D00EB016086E279
:109750000010D4E5010285E0040090E5C02FA0E1EF
:10976000A20780E0C00856E1F2FFFF3AAC5700EBD9
:10977000F88FBDE8CE5700EB0000D4E5080080E28A
:109780001700A0E188EEFFEB0000D4E5E010A0E3B5
:10979000002196E70010C2E50010DAE5002196E707
:1097A0000110C2E50110DAE5002196E70210C2E5DA
:1097B0000210DAE5002196E70310C2E50310DAE5AE
:1097C000002196E70410C2E50410DAE5002196E7CF
:1097D0000510C2E50510DAE5002196E70610C2E59E
:1097E000800080E0001098E5700080E2800180E059
:1097F000010080E00020A0E32A1E4FE2BCDBFFFA5C
:109800000000D4E5001098E50120A0E3800080E08E
:10981000710080E2800180E0010080E0B11F4FE232
:10982000B3DBFFFA0000D4E5001098E50020A0E3C8
:10983000800080E0720080E2800180E0010080E032
:10984000BA1F4FE2AADBFFFA0060A0E3050000EABE
:10985000010295E7050480E2FA0880E2A00886E0AC
:10986000270D00EB016086E20010D4E5010285E0DF
:10987000040090E5C02FA0E1A20780E0C00856E1F7
:10988000F2FFFF3A665700EBF88FBDE83E402DE946
:109890000014A0E12E4381E21C1094E508108DE530
:1098A000181094E504108DE5381094E500108DE54E
:1098B00008109DE50150A0E3020911E30900000A28
:1098C00000109DE5010011E30000000A385084E516
:1098D00000109DE50E0011E30200000A0E10A0E347
:1098E00000108DE5381084E508109DE5110011E3A6
:1098F0000000000A8B2B00EB08009DE5040010E33C
:109900000600000A180094E504008DE504009DE5BA
:10991000400010E30100000A04009FE50150C0E58B
:109920003E80BDE854070300F14F2DE940D04DE2E1
:109930002020A0E3851F8FE220008DE234DDFFEBC5
:109940001420A0E3891F8FE20C008DE230DDFFEBD5
:109950008B0F8FE2030090E803008DE90120A0E364
:10996000891F8FE20000A0E30A5300EB1C529FE521
:109970000900C5E518029FE50120A0E3821F8FE2E0
:10998000045300EB0900C5E50010A0E1810F8FE250
:10999000708400EB0080A0E30780C5E50080C5E58A
:1099A0001C029FE5811F8FE22C5400EB0900C5E5E6
:1099B000050050E30E00001A820F8FE2658400EB71
:1099C0007A0F8FE2265200EB0900C5E50010A0E1F6
:1099D000020C8FE25F8400EBE4019FE5731F8FE2CE
:1099E0001E5400EB0900C5E50010A0E17F0F8FE2D7
:1099F000588400EB2E5700EB830F8FE2558400EB69
:109A00000680C5E518B29FE518A29FE518429FE5BC
:109A100078019FE540109DE50600D0E5010050E18A
:109A20009604001A04629FE560919FE5001286E0AB
:109A30000810D1E50810C9E5080051E301F18F30A5
:109A40008E0400EA060000EA750100EA740100EAEB
:109A5000410200EA9C0200EA3D0300EA3C0300EAFE
:109A6000DE0300EA000050E38404001AC0119FE501
:109A7000DAEFFFEB0700D9E50020A0E3011080E258
:109A80000710C9E5001260E0801381E0A4019FE5A2
:109A9000010180E01A1E8FE2BE5200EB000050E38D
:109AA0000300000A000094E5010280E3000084E561
:109AB000720400EA78119FE580019FE50A20A0E387
:109AC000D55200EB000050E30300000A000094E5CB
:109AD000010280E3000084E5680400EA0020A0E3BE
:109AE00058019FE50230A0E1005100EB000050E377
:109AF0000200000A000094E5010280E3000084E512
:109B00003C519FE50130A0E3001095E50020A0E363
:109B1000130E8FE2D11000EB920F00EB00808DE569
:109B2000001095E50130A0E30620A0E34D0F8FE281
:109B3000CB1500EB44019FE50000D0E5000050E3A9
:109B40004F00000A010050E37700000A9F0000EA7E
:109B50002E2E2E2E2E4649454C443D302E2E2E2E96
:109B60002E2E44415441434C4153533D310000009B
:109B7000484953544F525920202020202020202093
:109B80002020000020303030202C0000333A00002C
:109B900014020300C837040055534220665F6D6FFE
:109BA000756E742054705F7265733D25440D0A0014
:109BB000333A2F46554E4354494F4E5F4D454D4F16
:109BC00052590000B89B040055534220665F6D6BEC
:109BD0006469720D0A00000055534220665F6D6B88
:109BE0006469722054705F7265733D25440D0A00EC
:109BF00055534220665F6F70656E646972205470C1
:109C00005F7265733D25440D0A0000006669656C4E
:109C1000645F696E666F5F73617665206F766572EB
:109C20000D0A0000E00D030078740400B001030089
:109C3000E00B0300349B04003875040000000000B2
:109C4000B0A50400C00103002E2E2E2E2E4649453D
:109C50004C443D302E2E2E2E2E2E44415441434C4A
:109C60004153533D3000000059592F4D4D2F44446E
:109C70002048483A4D4D3A5353202C000000000034
:109C800040000300000095E5091080E2960F8FE286
:109C9000C21100EB000095E5121080E2260E8FE263
:109CA000BE1100EB000095E51B1080E29A0F8FE2D9
:109CB000BA1100EB000095E5241080E2270E8FE238
:109CC000B61100EB000095E52D1080E2860F8FE2C3
:109CD000B21100EB000095E5361080E29A0F8FE29A
:109CE000AE1100EB000095E53F1080E2270E8FE2F9
:109CF000AA1100EB688089E5680099E5001095E5F8
:109D0000800180E0010080E0481080E2760F8FE261
:109D1000A21100EB680099E5010080E2680089E586
:109D2000180050E3F3FFFF3A280000EA000095E531
:109D3000091080E21B0E8FE2F11100EB000095E5A7
:109D4000121080E26E0F8FE2ED1100EB000095E53E
:109D50001B1080E2070D8FE2E91100EB000095E592
:109D6000241080E2720F8FE2E51100EB000095E510
:109D70002D1080E2170E8FE2E11100EB000095E557
:109D8000361080E2070D8FE2DD1100EB000095E553
:109D90003F1080E2720F8FE2D91100EB688089E5F5
:109DA000680099E5001095E5800180E0010080E001
:109DB000481080E2130E8FE2D11100EB680099E5A4
:109DC000010080E2680089E5180050E3F3FFFF3AE4
:109DD000000095E51030A0E3011C80E20820A0E31C
:109DE0001F1081E2190E8FE2651000EB000095E56F
:109DF0001030A0E34A1F80E20820A0E3190E8FE292
:109E00005F1000EB941300EB111400EB000095E5DC
:109E1000031C80E25F1081E2630F8FE2871400EB86
:109E2000000095E51030A0E3031C80E20820A0E3C9
:109E3000EF1081E2620F8FE2AD1200EB000095E5BA
:109E40001030A0E3011B80E20820A0E37F1081E234
:109E5000610F8FE2A61200EB000095E51030A0E341
:109E6000051C80E20820A0E30F1081E2600F8FE262
:109E70009F1200EB000095E50130A0E35A1E80E23E
:109E80000820A0E360008FE2E41000EB000095E5FD
:109E90000130A0E3011B80E20820A0E36A1F81E2F9
:109EA000590F8FE2921200EB70021FE5F74F00EBA3
:109EB000000050E30200000A000094E5010280E384
:109EC000000084E50020A0E330108FE20200A0E152
:109ED000B05100EB000050E36803000A000094E575
:109EE000010280E3000084E5640300EA5245534523
:109EF00052564544202020202020202020202C00C5
:109F0000000000004C4344204D435520564552204C
:109F10002020202020202C00000000004D43552050
:109F200056455220202020202020202020202C00B8
:109F300000000000494D4147452046494C45205608
:109F40004552202020202C0000000000534552499B
:109F5000414C5F4E4F3120202020202020202C001B
:109F60000000000053455249414C5F4E4F322020C3
:109F70002020202020202C00000000004649454CD5
:109F8000442053544152545F4144445220202C00F9
:109F9000000000004649454C442053495A452020C2
:109FA0002020202020202C00000000004649454CA5
:109FB00044204D414E4147453120202020202C0097
:109FC000000000004649454C44204D414E41474564
:109FD0003220202020202C00000000004649454C63
:109FE00044204D414E4147453320202020202C0065
:109FF000000000004649454C44204D414E41474534
:10A000003420202020202C00000000005254432047
:10A01000504F574552204F464620202020202C00EC
:10A0200000000000F8131FE50950A0E16BEEFFEB04
:10A0300044759FE50390D7E5F00059E31600002A28
:10A040000800D5E5020050E31300001A2C059FE537
:10A050006410A0E3000090E508E1FFEBBC10D5E13F
:10A060001C259FE5920101E0810180E014159FE528
:10A07000001091E5000041E0700085E50600D5E59F
:10A080000F1009E20420A0E300019BE7810680E0B5
:10A09000F4149FE5040080E228DBFFEB0700D5E520
:10A0A0000020A0E3011080E20710C5E5001260E087
:10A0B000801381E084041FE5010180E0711F4FE2FD
:10A0C000345100EB000050E30300000A000094E567
:10A0D000010280E3000084E5E80200EAB0141FE515
:10A0E000A8041FE50A20A0E34B5100EB000050E359
:10A0F0000300000A000094E5010280E3000084E50B
:10A10000DE0200EA0020A0E3D0041FE50230A0E157
:10A11000764F00EB000050E30300000A000094E5D6
:10A12000010280E3000084E5D40200EA0600D5E5E0
:10A130000A0050E30200002A300080E22B00CDE547
:10A14000010000EA370080E22B00CDE50800D5E5EC
:10A15000300080E23C00CDE51C051FE50130A0E3A6
:10A16000001090E50020A0E320008DE23B0F00EB03
:10A17000FC0D00EB0310D7E5F00051E30B00002AC3
:10A180000600D5E52112A0E1002296E7052482E22F
:10A19000FA2882E2A225A0E1011382E000019BE7F8
:10A1A0000120A0E33A1E00EB0600D5E50000C5E55E
:10A1B0006C8085E50490A0E36C0095E50F0010E34A
:10A1C0000900001A3F10E0E3001101E00600D5E5A8
:10A1D000002296E7052482E2FA2882E2A21581E0B5
:10A1E00000019BE70120A0E3400600EB0600D5E557
:10A1F0006C10D5E50130A0E300019BE70F1001E2F0
:10A20000811680E00420A0E30C008DE2261200EB12
:10A21000689085E5680095E5020B50E30200009A1E
:10A22000400080E2680085E51C0000EA401080E202
:10A23000010A51E30E00002A0610D5E51020A0E324
:10A2400001119BE7010080E06C10D5E50F1001E2E1
:10A25000811680E034039FE577F0FFEB2C139FE538
:10A260001030A0E30420A0E3370E4FE2FD1000EB16
:10A27000070000EA14039FE54010A0E301DBFFEBB9
:10A2800008139FE51030A0E30420A0E3E50F4FE2A0
:10A29000F41000EB680095E5400080E2680085E579
:10A2A000680095E5010A50E3D9FFFF3AE0329FE5E7
:10A2B00078061FE50420A0E3B61F8FE27F5300EB72
:10A2C0000310D7E56C0095E5000051E10300009A0A
:10A2D000010080E26C0085E5F00050E3B5FFFF3A35
:10A2E000A8061FE5E94E00EB000050E30200000A5B
:10A2F000000094E5010280E3000084E50020A0E373
:10A30000A51F8FE20200A0E1A25000EB000050E385
:10A310000200000A000094E5010280E3000084E5E9
:10A320000300D7E5F00050E35402002A0620D5E5EB
:10A330002002A0E1021296E7051481E2FA1881E2F8
:10A34000A115A0E1001381E002019BE70120A0E339
:10A35000E60500EB0080C5E5480200EA30171FE57E
:10A360009EEDFFEB0700D9E50020A0E3011080E29D
:10A370000710C9E5001260E0801381E04C071FE57B
:10A38000010180E0211E8FE2825000EB000050E3CB
:10A390000300000A000094E5010280E3000084E568
:10A3A000360200EA78171FE570071FE50A20A0E3D0
:10A3B000995000EB000050E30300000A000094E510
:10A3C000010280E3000084E52C0200EA0020A0E303
:10A3D00098071FE50230A0E1C44E00EB000050E3F7
:10A3E0000300000A000094E5010280E3000084E518
:10A3F000220200EA0600D9E50A0050E30200002A22
:10A40000300080E22B00CDE5010000EA370080E259
:10A410002B00CDE53300A0E33C00CDE5E0071FE5D0
:10A420000130A0E3001090E50020A0E320008DE2C1
:10A430008A0E00EB4B0D00EB6C8089E504508DE239
:10A44000BC06D9E1011085E20008A0E12008A0E1E6
:10A45000D9EFFFEB0600D9E56C1099E50130A0E3D8
:10A4600000019BE70320A0E1001081E004008DE2E1
:10A470007A0E00EB6C0099E5010080E26C0089E542
:10A48000FA0F50E3EDFFFF3A50081FE57F4E00EB57
:10A49000000050E30200000A000094E5010280E39E
:10A4A000000084E50020A0E3EC108FE20200A0E1B0
:10A4B000385000EB000050E3F001000A000094E582
:10A4C000010280E3000084E5EC0100EAA0181FE52A
:10A4D00042EDFFEB0700D9E50020A0E3011080E288
:10A4E0000710C9E5001260E0801381E0BC081FE599
:10A4F000010180E0A0108FE2265000EB000050E345
:10A500000300000A000094E5010280E3000084E5F6
:10A51000DA0100EAE8181FE5E0081FE50A20A0E3D9
:10A520003D5000EB000050E30300000A000094E5FA
:10A53000010280E3000084E5D00100EA0020A0E3EE
:10A5400008091FE50230A0E1684E00EB000050E36F
:10A550000300000A000094E5010280E3000084E5A6
:10A56000C60100EA0600D9E50A0050E30B00002A04
:10A57000300080E22B00CDE50A0000EA1835030028
:10A580008C00030085EB5100880003008402030067
:10A59000729B0400260203000D0A0D0A0000000051
:10A5A000370080E22B00CDE53400A0E33C00CDE590
:10A5B00074091FE50130A0E3001090E50020A0E33E
:10A5C00020008DE2250E00EBE60C00EB0600D9E53D
:10A5D000001296E7802080E0051481E202219AE7CC
:10A5E000FA1881E2A115A0E1021381E000019BE7C6
:10A5F0000120A0E3261D00EB0600D9E50000C9E517
:10A600006C8089E50950A0E12C0000EA002296E761
:10A61000052482E2FA2882E2A225A0E1011382E069
:10A6200000019BE70120A0E3300500EB688085E591
:10A630006C0095E570169FE5900101E0680095E5D6
:10A64000012180E0742085E50610D5E5813081E0A8
:10A6500003C18AE008709CE5000057E30600001A79
:10A6600003319AE740769FE504C09CE5970303E039
:10A6700003318CE0020053E10D00003A3520A0E3E5
:10A68000920000E001119BE76330A0E3801081E0BD
:10A690000120A0E3010C4FE2581300EB680095E5A0
:10A6A000010080E2680085E500169FE5010050E1A9
:10A6B000DEFFFF3A6C0095E5010080E26C0085E565
:10A6C0000600D5E5001286E0041091E5C12FA0E157
:10A6D000A22781E06C1095E5C20851E1CAFFFF3A5C
:10A6E0000610D5E5802080E002219AE7011296E766
:10A6F000051481E2FA1881E2A115A0E1021381E0BC
:10A7000000019BE70120A0E3F80400EB0080C5E511
:10A71000D80A1FE5DD4D00EB000050E30200000AFF
:10A72000000094E5010280E3000084E50020A0E33E
:10A73000671F4FE20200A0E1964F00EB000050E3DC
:10A740004E01000A000094E5010280E3000084E568
:10A750004A0100EA281B1FE5A0ECFFEB0700D9E542
:10A760000020A0E3011080E20710C9E5001260E0BC
:10A77000801381E0440B1FE5010180E07A1F4FE266
:10A78000844F00EB000050E30300000A000094E552
:10A79000010280E3000084E5380100EA701B1FE538
:10A7A000680B1FE50A20A0E39B4F00EB000050E37D
:10A7B0000300000A000094E5010280E3000084E544
:10A7C0002E0100EA0020A0E3900B1FE50230A0E17B
:10A7D000C64D00EB000050E30300000A000094E5C2
:10A7E000010280E3000084E5240100EA0600D9E5C7
:10A7F0000A0050E30200002A300080E22B00CDE581
:10A80000010000EA370080E22B00CDE50800D9E521
:10A81000300080E23C00CDE5DC0B1FE50130A0E319
:10A82000001090E50020A0E320008DE28B0D00EBEE
:10A830004C0C00EB0600D9E5001296E7802080E082
:10A84000051481E202219AE7FA1881E2A115A0E13C
:10A85000021381E000019BE70120A0E38C1C00EBC8
:10A860000600D9E50000C9E56C8089E5340000EAFE
:10A87000002295E7052482E2FA2882E2A225A0E1DF
:10A88000011382E000019BE70120A0E3970400EBA5
:10A89000688089E5180000EA6C2099E5901222E0B2
:10A8A000742089E5853085E003C18AE008E09CE5F5
:10A8B00000005EE30400001A03319AE704C09CE53F
:10A8C00093C020E0020050E11A00009AFF0006E267
:10A8D00000008DE505319BE7060087E2903121E01D
:10A8E000FF2000E20130A0E3D50F4FE25C1200EB45
:10A8F000680099E5010080E2680089E50650D9E525
:10A90000D80C1FE5050280E00C0090E5A02F80E048
:10A91000C210A0E10120C2E3026040E0067081E0C5
:10A92000061087E20208A0E3B8D9FFEB681099E5AA
:10A93000010050E1D7FFFF8A6C0099E5010080E239
:10A940006C0089E50600D9E5205D1FE5001285E071
:10A95000041091E5C12FA0E1A22781E06C1099E5D8
:10A96000C20851E1C1FFFF3A0620D9E5001085E297
:10A97000021291E7802080E0051481E202219AE72B
:10A98000FA1881E2A115A0E1021381E000019BE722
:10A990000120A0E3550400EB0080C9E5640D1FE52C
:10A9A0003A4D00EB000050E30200000A000094E57D
:10A9B000010280E3000084E50020A0E32F1E8FE267
:10A9C0000200A0E1F34E00EB000050E3AB00000AF0
:10A9D000000094E5010280E3000084E5A70000EA9E
:10A9E000B41D1FE5FDEBFFEB0700D9E50020A0E358
:10A9F000011080E20710C9E5001260E0801381E0D9
:10AA0000D00D1FE5010180E0A91F8FE2E14E00EBB0
:10AA1000000050E30300000A000094E5010280E317
:10AA2000000084E5950000EAFC1D1FE5F40D1FE51C
:10AA30000A20A0E3F84E00EB000050E30300000AF8
:10AA4000000094E5010280E3000084E58B0000EA49
:10AA50000020A0E31C0E1FE50230A0E1234D00EB17
:10AA6000000050E30300000A000094E5010280E3C7
:10AA7000000084E5810000EA0600D9E50A0050E301
:10AA80000200002A300080E22B00CDE5010000EA40
:10AA9000370080E22B00CDE50800D9E5300080E2E8
:10AAA0003C00CDE5680E1FE50130A0E3001090E505
:10AAB0000020A0E320008DE2E80C00EBA90B00EBE6
:10AAC0000600D9E5001296E7802080E0051481E2B7
:10AAD00002219AE7FA1881E2A115A0E1021381E0B0
:10AAE00000019BE70120A0E3E91B00EB0600D9E58C
:10AAF0000000C9E56C8089E53A0000EA002295E78C
:10AB0000052482E2FA2882E2A225A0E1011382E074
:10AB100000019BE70120A0E3F40300EB688089E5D6
:10AB20001E0000EA6C2099E5901222E0742089E56D
:10AB3000853085E003C18AE008E09CE500005EE323
:10AB40000400001A03319AE704C09CE593C020E09A
:10AB5000020050E12000009A060087E2900102E026
:10AB600005319BE70220D3E7EF0052E35300000AD0
:10AB7000E00052E36B00000AFF2006E2903121E082
:10AB800000208DE5FF2000E20130A0E3120E8FE2ED
:10AB9000B31100EB680099E5010080E2680089E5E7
:10ABA0000650D9E57C0F1FE5050280E00C0090E51A
:10ABB000A02F80E0C210A0E10120C2E3026040E0CB
:10ABC000067081E0061087E20208A0E30FD9FFEBD0
:10ABD000681099E5010050E1D1FFFF8A6C0099E50A
:10ABE000010080E26C0089E50600D9E5C45F1FE53D
:10ABF000001285E0041091E5C12FA0E1A22781E0B9
:10AC00006C1099E5C20851E1BBFFFF3A0620D9E577
:10AC1000001085E2021291E7802080E0051481E2B5
:10AC200002219AE7FA1881E2A115A0E1021381E05E
:10AC300000019BE70120A0E3AC0300EB0080C9E525
:10AC400070009FE5914C00EB000050E30200000A09
:10AC5000000094E5010280E3000084E50020A0E309
:10AC60004C108FE20200A0E14A4E00EB000050E3DE
:10AC70000200000A000094E5010280E3000084E580
:10AC800034109FE50600D1E5010080E2FF0000E2FC
:10AC90000600C1E5100050E35CFBFF3A000081E2D2
:10ACA0000080C0E544D08DE2F08FBDE835010000A2
:10ACB000D404000000000000B0A50400140203004A
:10ACC000913020E03C171FE50120D0E50020C1E5D0
:10ACD0000220D0E50120C1E50320D0E50220C1E536
:10ACE0000420D0E50320C1E50520D0E50420C1E51E
:10ACF0000600D0E50500C1E50680C1E51E00A0E321
:10AD00000700C1E5F000A0E30800C1E50100A0E3F1
:10AD10000030A0E100008DE50920A0E370004FE2C3
:10AD20004F1100EB9AFFFFEA913020E0A4171FE5D6
:10AD30000120D0E50020C1E50220D0E50120C1E5D9
:10AD40000320D0E50220C1E50420D0E50320C1E5C1
:10AD50000520D0E50420C1E50600D0E50500C1E5E9
:10AD60000680C1E51E00A0E30700C1E50880C1E53B
:10AD70000100A0E30030A0E100008DE50920A0E380
:10AD8000D4004FE2361100EB81FFFFEAF0412DE9DC
:10AD9000B0509FE5B0409FE5B000D5E1AC709FE5B5
:10ADA0000060A0E3FF1C40E2B000D4E1FF1051E2DC
:10ADB0001500000A000050E31200000A010050E3F1
:10ADC0001000001A88809FE50100A0E30200C8E59A
:10ADD000B000D5E10210D8E5010050E10300001AEF
:10ADE000010287E00800D0E508F9FFEBB060C4E19C
:10ADF0000200D8E5010080E2FF0000E20200C8E5A1
:10AE0000100050E3F1FFFF3AF081BDE8011040E28D
:10AE10000E0051E30600008AFF1000E2000287E006
:10AE20000800D0E5F9F8FFEBB000D4E1010080E2C2
:10AE3000B000C4E1B000D4E10F0050E3F1FFFF9A8D
:10AE4000B060C4E1F081BDE85E0003005C00030077
:10AE5000E00B03002C03030070402DE9D0409FE578
:10AE60000600D4E5000050E33000000AC4009FE56E
:10AE7000B000D0E1C0109FE5B010D1E1010050E179
:10AE80002A00001AB4009FE5B4109FE5B000D0E19D
:10AE9000B010D1E1010050E12400001AA4009FE5A8
:10AEA0000000D0E5000050E32000001A98009FE564
:10AEB0000000D0E5000050E31C00001A8C009FE564
:10AEC000B000D0E1000050E31800001A100094E533
:10AED0004E5600EB640050E31400009A70509FE55A
:10AEE0000100A0E30000C5E50600D4E5010010E381
:10AEF0000400000A0500A0E3BD2200EB0600D4E533
:10AF00000100C0E30600C4E50600D4E5020010E33A
:10AF10000400000A0400A0E3B52200EB0600D4E51B
:10AF20000200C0E30600C4E50000A0E30000C5E5A0
:10AF30007080BDE83C030300500003005200030092
:10AF40005400030056000300E701030067010300FB
:10AF50005A0003009A01030010402DE97C409FE550
:10AF60000A00D4E5295600EBFA0F50E30800003A36
:10AF70006C109FE50000A0E3221500EB64009FE544
:10AF8000000090E50A00C4E55C109FE550009FE5D5
:10AF90001E1700EB54209FE554109FE5000092E53A
:10AFA000003091E5030050E10800000A003091E50F
:10AFB000030050E10300009A38309FE5B000D3E170
:10AFC000010080E2B000C3E1000091E5000082E5ED
:10AFD000A0FFFFEB6CFFFFEB1040BDE80B0200EAA7
:10AFE0003C03030060350300BC050300B60003000A
:10AFF000900003008C0003002002030008402DE9AC
:10B000000080A0E300808DE5B26E00EBE8069FE5CE
:10B010000110A0E30110C0E5E0169FE50010D1E5A6
:10B02000010051E3B001000A0000D0E5010050E347
:10B03000AD01000AC8069FE50000D0E5030050E31B
:10B04000A901001A0140A0E3B8B69FE5B8969FE5B4
:10B05000B8769FE5B8569FE5B8669FE504A286E0FE
:10B0600008009AE5080050E300F18F30840100EAFF
:10B07000830100EA050000EA140000EA380000EA53
:10B08000430000EA660000EA650000EA760000EA94
:10B090000000D9E5040050E18101000A0300DBE56E
:10B0A000F00050E37E01002A041296E72002A0E19E
:10B0B000051481E2FA1881E2A115A0E1001381E0F4
:10B0C000040195E70120A0E3711A00EB6C0100EA8E
:10B0D0000000D9E5040050E17101000A03A0DBE59E
:10B0E000F0005AE36E01002A2C069FE56410A0E3ED
:10B0F000000090E5E1DCFFEB20169FE520269FE5B0
:10B10000B010D1E1920101E0810180E014169FE5C9
:10B11000001091E5000041E000008DE5040195E795
:10B120000F100AE2810680E0040080E20420A0E320
:10B130000D10A0E101D7FFEB040296E70310DBE559
:10B14000050480E2FA0880E2A005A0E12112A0E156
:10B15000011380E0040195E70120A0E34C1A00EB05
:10B16000470100EAC0059FE50000D0E5000050E37C
:10B170004B01000A040296E70120A0E3050480E2E7
:10B18000FA0880E2A015A0E1040195E7401A00EB5F
:10B190003B0100EA0000D9E5040050E10900000A83
:10B1A000040296E7841084E0050480E2011197E729
:10B1B000FA0880E2A005A0E1011380E0040195E710
:10B1C0000120A0E3321A00EB841084E0010187E043
:10B1D000042090E5012082E2042080E5012082E243
:10B1E0003530A0E3930202E00238A0E3820053E18D
:10B1F0002301002A048080E5012197E7012082E2F3
:10B20000012187E704309AE5820853E11C01008A96
:10B21000018187E7081090E5011081E2081080E5C0
:10B22000170100EA0000D9E5040050E11C01000A02
:10B23000F4049FE50000D0E5000050E31801000A87
:10B24000040296E7841084E0050480E2011197E788
:10B25000FA0880E2A005A0E1011380E0040195E76F
:10B260000120A0E30A1A00EB050100EA0000D9E57D
:10B27000040050E10900001A040296E7841084E0FB
:10B28000050480E2011197E7FA0880E2A005A0E139
:10B29000011380E0040195E70120A0E3130200EB15
:10B2A00088049FE50000D0E5400010E36500000A37
:10B2B0000C009AE5EF10A0E3A02F80E0C230A0E1DF
:10B2C0000120C2E3020040E0030080E0062080E2AB
:10B2D000840084E0000187E0043090E5930202E0FE
:10B2E000043195E78227A0E1A227A0E10210C3E77D
:10B2F0000C109AE5A12F81E0C230A0E10120C2E349
:10B30000021041E0042090E5031081E0061081E284
:10B31000920101E0042195E78117A0E1A117A0E1C6
:10B32000021081E00180C1E50C109AE5A12F81E0B7
:10B33000C230A0E10120C2E3021041E0042090E508
:10B34000031081E0061081E2920101E0042195E7FB
:10B350008117A0E1A117A0E1021081E00280C1E500
:10B360000C109AE5A13F81E0C320A0E10130C3E3C6
:10B37000031041E0021081E0042090E5061081E214
:10B38000920101E0042195E78117A0E1A117A0E156
:10B39000021081E00380C1E50C109AE59920A0E33A
:10B3A000A13F81E0C3C0A0E10130C3E3031041E04D
:10B3B000043090E50C1081E0061081E2930101E079
:10B3C000043195E78117A0E1A117A0E1031081E006
:10B3D0000420C1E50C109AE5A13F81E0C3C0A0E1C3
:10B3E0000130C3E3031041E0043090E50C1081E02C
:10B3F000061081E2930101E0043195E78117A0E195
:10B40000A117A0E1031081E00520C1E50C109AE529
:10B41000040090E5A1CF81E0CC30A0E101C0CCE3F5
:10B420000C1041E0031081E0061081E2910000E081
:10B43000041195E78007A0E1A007A0E1010080E0EA
:10B440000620C0E56A0000EA0C009AE5EF10A0E3D0
:10B45000A02F80E0C230A0E10120C2E3020040E062
:10B46000030080E0062080E2840084E0000187E0A1
:10B47000043090E5930202E0043195E78227A0E1D1
:10B48000A227A0E10210C3E70C209AE5A0129FE5D5
:10B49000A23F82E0C3E0A0E10130C3E3032042E029
:10B4A000043090E50E2082E0062082E2930202E062
:10B4B00000C0D1E5043195E78227A0E1A227A0E1F1
:10B4C000032082E001C0C2E50C209AE501C0D1E56D
:10B4D000A23F82E0C3E0A0E10130C3E3032042E0E9
:10B4E000043090E50E2082E0062082E2930202E022
:10B4F000043195E78227A0E1A227A0E1032082E0A2
:10B5000002C0C2E50C209AE502C0D1E5A23F82E06C
:10B51000C3E0A0E10130C3E3032042E0043090E542
:10B520000E2082E0062082E2930202E0043195E7D9
:10B530008227A0E1A227A0E1032082E003C0C2E5A8
:10B540000C209AE503C0D1E5A23F82E0C3E0A0E170
:10B550000130C3E3032042E0043090E50E2082E096
:10B56000062082E2930202E0043195E78227A0E1FF
:10B57000A227A0E1032082E004C0C2E50C209AE5E6
:10B5800004C0D1E5A23F82E0C3E0A0E10130C3E303
:10B59000032042E0043090E50E2082E0062082E2A3
:10B5A000930202E0043195E78227A0E1A227A0E1FF
:10B5B000032082E005C0C2E50520D1E50C109AE524
:10B5C000040090E5A1CF81E0CC30A0E101C0CCE344
:10B5D0000C1041E0031081E0061081E2910000E0D0
:10B5E000041195E78007A0E1A007A0E1010080E039
:10B5F0000620C0E5040296E7846084E0050480E24A
:10B60000061197E7FA0880E2A005A0E1011380E0A7
:10B61000040195E70120A0E31D1900EB060187E076
:10B62000041090E5012081E2042080E50C109AE5E9
:10B63000012082E2A1CF81E0CC30A0E101C0CCE3C7
:10B640000C1041E0031081E0061081E2920101E05C
:10B65000020851E30A00009A048080E5061197E78A
:10B66000011081E2061187E704209AE5810852E182
:10B670000300008A068187E7081090E5011081E247
:10B68000081080E5040195E7000050E30400000A7B
:10B69000A0609FE5040196E73BD3FFFA048185E7AC
:10B6A000048186E7010084E2FF4000E2100054E3D9
:10B6B00068FEFF3A80009FE50810A0E3000090E5D7
:10B6C0006813C0E58C13C0E5F94F00EB6E2100EB69
:10B6D0003E8B00EB3E2600EB64009FE55C109FE58F
:10B6E000000090E50120A0E3E91800EB54009FE57D
:10B6F000008080E5B66C00EBFEFFFFEA88030300E4
:10B700004103030070010300183503001402030015
:10B7100078740400E00D0300E00B03008C000300CC
:10B720002002030085EB5100880003004000030065
:10B73000B0010300B6000300200E0300C0010300A7
:10B74000407F0100CC000300C0D800B03C009FE562
:10B750000100D0E5000050E30500000A070DA0E35A
:10B7600012F5FFEB28109FE50000A0E3000081E543
:10B77000FEFFFFEA070DA0E30CF5FFEB14009FE5C9
:10B780000020A0E30110A0E3DB1000EB1AFEFFEBAA
:10B7900088030300C0D800B0200000B010402DE99D
:10B7A00060409FE50120A0E3031CA0E30400A0E1AA
:10B7B000D11000EB0120A0E30210A0E1240084E2FC
:10B7C000CD1000EB0120A0E30210A0E1820284E092
:10B7D000C91000EB30209FE50310A0E30700A0E3B1
:10B7E0003D7B00EB0300A0E3E87800EB7F00A0E3E3
:10B7F000F27B00EB0400A0E11040BDE80020A0E3D4
:10B800000110A0E3BC1000EA200000B04CB700001B
:10B8100070402DE940509FE50040A0E3000095E511
:10B82000000050E30300000AD7D2FFFA2C009FE586
:10B83000004080E5004085E524509FE5000095E547
:10B84000000050E30300000ACFD2FFFA14009FE586
:10B85000004080E5004085E57080BDE8AC01030054
:10B86000A8010300E8020300E402030010402DE9F0
:10B87000021AA0E3050DA0E386F5FFEB44409FE527
:10B880000400A0E1554200EB0119A0E3050DA0E37F
:10B8900080F5FFEB0400A0E1504200EB0119A0E3AA
:10B8A000050DA0E3B3F4FFEB550FA0E34B4200EB13
:10B8B0000119A0E3050DA0E376F5FFEB0400A0E17C
:10B8C0001040BDE8454200EAFC080000F0412DE9C7
:10B8D0009C619FE59C719FE5080096E5070050E19B
:10B8E0006200000A4F00E0E32FE6FFEB0050A0E308
:10B8F0000C5086E50040A0E30400A0E1000500EB49
:10B90000000050E30E00000A0C0096E5011080E2F2
:10B91000800086E00C1086E5B041C0E10C0096E5A1
:10B920004F0050E30600003A4C019FE5001090E5FF
:10B93000021181E3001080E5050D8FE2857C00EBAC
:10B94000030000EA010084E20148C0E37B0E54E3F7
:10B95000E8FFFF3A0000A0E3040000EA7B1E80E25B
:10B96000802086E0B01BC2E1010080E20108C0E354
:10B970000C1096E5000051E1F7FFFF8A087086E59C
:10B98000000096E50248A0E3020840E2B20650E358
:10B990000000003A004086E5040096E5F50480E2E8
:10B9A000220840E20D0650E30100003AE4009FE562
:10B9B000040086E5400000EB34EAFFEB0700A0E35B
:10B9C0000B2000EBD0009FE50810A0E3280090E5D5
:10B9D000A815C0E50C2096E5C0108FE25A0E80E253
:10B9E00043D3FFFA0000A0E3B8309FE5B8209FE5FD
:10B9F000FFC0A0E3001283E008C081E5005283E7A6
:10BA0000045081E50C5081E5801080E0015182E70F
:10BA1000011182E0085081E5045081E5010080E2D7
:10BA20000108C0E3100050E3F1FFFF3A0604A0E371
:10BA3000000083E5044083E5085083E5922000EB95
:10BA40001B4F00EB622500EB64409FE55C109FE517
:10BA5000000094E50120A0E30D1800EB000094E540
:10BA6000F041BDE84C109FE50120A0E3081800EA72
:10BA7000F081BDE8F461040039383736B0010300C5
:10BA80006E616E64666C6173685F57726974655F3E
:10BA90006572726F720D0A000000220B980103009C
:10BAA0002530385800000000E00B030078740400D3
:10BAB000C0EB0100CC000300407F010010402DE9E5
:10BAC000480400EB0000A0E38D0400EB0010A0E3AD
:10BAD00014209FE5553FA0E30100A0E1980500EB8D
:10BAE0001040BDE80600A0E3C11F00EAF4610400B5
:10BAF000F74F2DE910D04DE201B0A0E10060A0E3C6
:10BB00000050A0E30090A0E300908DE53F001BE310
:10BB10000200000A0000A0E31CD08DE2F08FBDE817
:10BB200018009DE5010B50E35000009A0000A0E3CF
:10BB3000F8FFFFEA04908DE508908DE506808BE024
:10BB40000C808DE554419FE50C009DE5242094E593
:10BB5000023BA0E30010A0E3EC0400EB0000A0E334
:10BB600010109DE5861581E0242094E50020D2E7A1
:10BB70000020C1E7010080E20108C0E3020B50E3AE
:10BB8000F8FFFF3A0000A0E3241094E500209DE5B3
:10BB90000030D1E7037082E000708DE5010080E2A3
:10BBA000020B50E3F8FFFF3A3F00A0E30600D0E1AC
:10BBB0002D00001A0040A0E3E4A09FE53F8048E28A
:10BBC00004019AE7000058E12300001AD4009FE521
:10BBD000040190E7070050E11F00000A060054E34B
:10BBE00004F18F301C0000EA180000EA130000EA9C
:10BBF0000E0000EA090000EA040000EAFFFFFFEA85
:10BC00000500A0E31B1F00EBF12400EB120000EA8B
:10BC10000400A0E3171F00EB6F8300EB0E0000EAA7
:10BC20000300A0E3131F00EB0150A0E30A0000EAA9
:10BC30000200A0E30F1F00EB0150A0E3060000EAA2
:10BC40000100A0E30B1F00EB0150A0E3020000EA9B
:10BC50000000A0E3071F00EB0150A0E3014084E2D5
:10BC6000060054E3D5FFFF3A00908DE5016086E2BF
:10BC700018009DE5000356E1ADFFFF3A010055E3D2
:10BC80000400001A20009FE520109FE5140090E5B5
:10BC90000420A0E37E1700EB0100A0E39DFFFFEA74
:10BCA00098010300DCF7020050A80400A03503004F
:10BCB000407E0100F04F2DE91CD04DE200B0A0E322
:10BCC0000000A0E314008DE510008DE50C008DE56B
:10BCD00008008DE50140A0E3D0859FE50070A0E35A
:10BCE000CC959FE5045289E0086095E5FF0056E396
:10BCF0006000000A000056E35E00000AB4059FE5FC
:10BD000086D1FFFAB0A59FE500008AE5AC159FE556
:10BD1000040181E72010A0E3D57400EB200080E24D
:10BD2000020180E300008AE5000050E30100000A00
:10BD30000218A0E353D4FFEB100054E304F18F305A
:10BD40004A0000EA490000EA0D0000EA100000EA9B
:10BD5000130000EA160000EA190000EA1C0000EADD
:10BD60001F0000EA220000EA250000EA280000EA9D
:10BD70002B0000EA2E0000EA310000EA340000EA5D
:10BD8000370000EA38159FE500009AE5000081E5DC
:10BD9000360000EA2C159FE500009AE5000081E5D9
:10BDA000320000EA20159FE500009AE5000081E5D9
:10BDB0002E0000EA14159FE500009AE5000081E5D9
:10BDC0002A0000EA08159FE500009AE5000081E5D9
:10BDD000260000EAFC149FE500009AE5000081E5DA
:10BDE000220000EAF0149FE500009AE5000081E5DA
:10BDF0001E0000EAE4149FE500009AE5000081E5DA
:10BE00001A0000EAD8149FE500009AE5000081E5D9
:10BE1000160000EACC149FE500009AE5000081E5D9
:10BE2000120000EAC0149FE500009AE5000081E5D9
:10BE30000E0000EAB4149FE500009AE5000081E5D9
:10BE40000A0000EAA8149FE500009AE5000081E5D9
:10BE5000060000EA9C149FE500009AE5000081E5D9
:10BE6000020000EA90149FE500009AE5000081E5D9
:10BE700000009AE5040188E7080056E306F18F30D8
:10BE8000CD0200EACC0200EA050000EA040000EA64
:10BE9000210100EA280100EAAE0100EAAD0100EA52
:10BEA000B80100EA54549FE50300D5E5F00050E3E3
:10BEB000C102002A041299E72002A0E1051481E2E0
:10BEC000FA1881E2A115A0E1001381E0040198E7CE
:10BED0000120A0E305FFFFEB0500D5E588F4FFEBAB
:10BEE00000A0A0E10400D5E585F4FFEB800080E030
:10BEF00000018AE018008DE504049FE50100D0E50B
:10BF00007FF4FFEB00A0A0E1F4039FE50000D0E583
:10BF10007BF4FFEB800080E000018AE0E4139FE502
:10BF20000010D1E5400011E35300000A0200D5E5FE
:10BF30003C10A0E351D9FFEB000051E34B00001A85
:10BF400000005BE31800001ABC039FE5E3AFE0E3E9
:10BF5000000090E50A0040E0BAE3FFEB2A0800E0A9
:10BF6000F00050E30000009A0000A0E3010080E22E
:10BF70000108C0E308008DE58C039FE508209DE5DE
:10BF8000000090E5E11F8FE20A0040E0D8D1FFFAFF
:10BF90000300D5E5010080E2FF0000E20300C5E5F3
:10BFA000F00050E38402002A01B0A0E3040299E704
:10BFB0000310D5E5050480E2FA0880E2A005A0E1BF
:10BFC0002112A0E1011380E0040198E70120A0E321
:10BFD000C6FEFFEB0310D5E5040198E7FF20A0E3C0
:10BFE0000F1001E2810680E0021AA0E3A1D3FFEB6B
:10BFF00008009DE50A10A0E320D9FFEB0190A0E125
:10C0000008009DE56410A0E31CD9FFEB00A0A0E1AF
:10C010000100A0E10A10A0E318D9FFEB0320D5E549
:10C02000041198E7000289E00F2002E28206C1E7CE
:10C030000320D5E5041198E70F2002E2821681E083
:10C0400001A0C1E50320D5E5041198E7AA00A0E30B
:10C050000F2002E2821681E00200C1E50320D5E54F
:10C06000041198E70F2002E2821681E00300C1E587
:10C070000100A0E30C008DE56C0000EA18109DE5BE
:10C08000010050E13600001A0200D5E5000050E33F
:10C090006600000A14009DE5000050E30800001A45
:10C0A0000270C5E50300D5E5010080E2FF0000E273
:10C0B0000300C5E5F00050E33F02002A0100A0E3C1
:10C0C00014008DE5040299E70310D5E5050480E22C
:10C0D000FA0880E2A005A0E12112A0E1011380E0AE
:10C0E000040198E70120A0E380FEFFEB0310D5E5F3
:10C0F000040198E7FF20A0E30F1001E2810680E031
:10C10000021AA0E35BD3FFEBF4019FE50330D5E512
:10C110000110D0E5042198E70F3003E28316C2E74F
:10C120000320D5E50000D0E5041198E70F2002E2D6
:10C13000821681E00100C1E50310D5E5040198E70E
:10C140000F1001E2810680E00270C0E50310D5E522
:10C15000040198E70F1001E2810680E00370C0E55A
:10C16000320000EA10009DE5000050E30800001ACC
:10C170000270C5E50300D5E5010080E2FF0000E2A2
:10C180000300C5E5F00050E30B02002A0100A0E324
:10C1900010008DE5040299E70310D5E5050480E25F
:10C1A000FA0880E2A005A0E12112A0E1011380E0DD
:10C1B000040198E70120A0E34CFEFFEB0310D5E556
:10C1C000040198E7FF20A0E30F1001E2810680E060
:10C1D000021AA0E327D3FFEB24019FE50330D5E546
:10C1E0000110D0E5042198E70F3003E28316C2E77F
:10C1F0000320D5E50000D0E5041198E70F2002E206
:10C20000821681E00100C1E50310D5E5040198E73D
:10C210000F1001E2810680E00270C0E50310D5E551
:10C22000040198E70F1001E2810680E00370C0E589
:10C23000010056E31200001A0310D5E5040198E747
:10C240000420A0E30F1001E2810680E0041080E2E8
:10C2500004008DE2B9D2FFEB04009DE5010040E24D
:10C2600004008DE50310D5E5040198E70420A0E360
:10C270000F1001E2810680E0040080E204108DE2EC
:10C28000AED2FFEB020056E3CB01001A0310D5E556
:10C29000040198E70420A0E30F1001E2810680E08A
:10C2A000041080E26C009FE5A4D2FFEBC20100EA1B
:10C2B000E00D0300E00B030040000200A8000300B3
:10C2C000200E0300E0000300E4000300E800030088
:10C2D000EC000300F0000300F4000300F80003008A
:10C2E000FC00030000010300040103000801030037
:10C2F0000C010300100103001401030018010300E6
:10C3000018350300B6000300B0010300C0010300AC
:10C31000253038580000000088000300BC079FE566
:10C320000340C0E5040299E7051480E2FA1881E2AF
:10C330000400A0E1C71B00EB9F0100EA040299E79B
:10C340009C679FE5050480E2845084E0051196E730
:10C35000FA0880E2A005A0E1011380E0040198E75B
:10C360000120A0E3E1FDFFEB68001FE50000D0E540
:10C37000400010E32A00000A050186E0041090E561
:10C380003530A0E3910303E058179FE5042198E7B7
:10C39000833001E00370C2E7043090E535C0A0E3CC
:10C3A0009C0303E0042198E7833001E0032082E04E
:10C3B0000170C2E5043090E5042198E79C0303E096
:10C3C000833001E0032082E00270C2E504C090E502
:10C3D0003590A0E3990C0CE0043198E78CC001E0A3
:10C3E0009920A0E30C3083E00320C3E504C090E56E
:10C3F000043198E7990C0CE08CC001E00C3083E02C
:10C400000420C3E5040090E535C0A0E39C0000E0F3
:10C41000043198E7800001E0030080E00520C0E5DA
:10C420002E0000EA050186E0042090E53590A0E3A7
:10C43000B4169FE5920909E00030D1E5A4269FE5F6
:10C4400004C198E7899002E00930CCE7049090E5B8
:10C4500035A0A0E39A0909E00130D1E504C198E7CD
:10C46000899002E009C08CE00130CCE5049090E5B1
:10C470000230D1E59A0909E004C198E7899002E009
:10C4800009C08CE00230CCE5049090E50330D1E5A2
:10C490009A0909E004C198E7899002E009C08CE09C
:10C4A0000330CCE5049090E50430D1E59A0909E029
:10C4B00004C198E7899002E009C08CE00430CCE523
:10C4C000040090E535C0A0E39C0000E00510D1E534
:10C4D000043198E7800002E0030080E00510C0E529
:10C4E000F8159FE50900D1E50800C1E50F0050E30C
:10C4F0000000002A0870C1E50800D1E5052186E0AA
:10C50000041092E535C0A0E3910C0CE0D4159FE532
:10C51000043198E78CC001E00C3083E00600C3E5ED
:10C520000000A0E304C092E53550A0E3950C0CE0B8
:10C53000043198E78CC001E00C3083E0003083E0E8
:10C540000770C3E5010080E20108C0E3630050E327
:10C55000F3FFFF3A180100EA040299E7842084E01F
:10C56000050480E2FA0880E2A015A0E170059FE5CD
:10C57000020190E7001381E0040198E70120A0E3A5
:10C580005AFDFFEB0C0100EADC021FE550959FE528
:10C59000040290E7846084E0050480E2061199E7D4
:10C5A000FA0880E2A005A0E1011380E0040198E709
:10C5B0000120A0E34DFDFFEBB8021FE50000D0E530
:10C5C000400010E36400000A0C0095E5E010A0E3D1
:10C5D000A02F80E0C230A0E10120C2E3020040E0D1
:10C5E000030080E0062080E2060189E0043090E547
:10C5F000930202E0043198E78227A0E1A227A0E19C
:10C600000210C3E70C1095E5A13F81E0C320A0E133
:10C610000130C3E3031041E0021081E0042090E503
:10C62000061081E2920101E0042198E78117A0E160
:10C63000A117A0E1021081E00170C1E50C1095E5A1
:10C64000A13F81E0C320A0E10130C3E3031041E03A
:10C65000021081E0042090E5061081E2920101E0E1
:10C66000042198E78117A0E1A117A0E1021081E061
:10C670000270C1E50C1095E5A13F81E0C320A0E167
:10C680000130C3E3031041E0021081E0042090E593
:10C69000061081E2920101E0042198E78117A0E1F0
:10C6A000A117A0E1021081E00370C1E50C1095E52F
:10C6B0009920A0E3A1CF81E0CC30A0E101C0CCE380
:10C6C0000C1041E0031081E0043090E5061081E297
:10C6D000930101E0043198E78117A0E1A117A0E1DF
:10C6E000031081E00420C1E50C1095E5A1CF81E0A5
:10C6F000CC30A0E101C0CCE30C1041E0031081E09C
:10C70000043090E5061081E2930101E0043198E7DE
:10C710008117A0E1A117A0E1031081E00520C1E588
:10C720000C1095E5040090E5A1CF81E0CC30A0E1AC
:10C7300001C0CCE30C1041E0031081E0061081E25F
:10C74000910000E0041198E78007A0E1A007A0E1B4
:10C75000010080E00620C0E5690000EA0C0095E5D4
:10C76000E010A0E3A02F80E0C230A0E10120C2E3EE
:10C77000020040E0030080E0062080E2060189E03C
:10C78000043090E5930202E0043198E78227A0E1AB
:10C79000A227A0E10210C3E70C2095E548139FE50E
:10C7A000A2AF82E0CAC0A0E101A0CAE30A2042E031
:10C7B0000C2082E004C090E5062082E29C0202E0A8
:10C7C0000030D1E504C198E78227A0E1A227A0E1CB
:10C7D0000C2082E00130C2E50C2095E50130D1E566
:10C7E000A2AF82E0CAC0A0E101A0CAE30A2042E0F1
:10C7F0000C2082E004C090E5062082E29C0202E068
:10C8000004C198E78227A0E1A227A0E10C2082E0E2
:10C810000230C2E50C2095E50230D1E5A2AF82E0FE
:10C82000CAC0A0E101A0CAE30A2042E00C2082E0D5
:10C8300004C090E5062082E29C0202E004C198E771
:10C840008227A0E1A227A0E10C2082E00330C2E50C
:10C850000C2095E50330D1E5A2AF82E0CAC0A0E18B
:10C8600001A0CAE30A2042E00C2082E004C090E567
:10C87000062082E29C0202E004C198E78227A0E140
:10C88000A227A0E10C2082E00430C2E50C2095E54F
:10C890000430D1E5A2AF82E0CAC0A0E101A0CAE3A2
:10C8A0000A2042E00C2082E004C090E5062082E2EB
:10C8B0009C0202E004C198E78227A0E1A227A0E140
:10C8C0000C2082E00530C2E50520D1E50C1095E58D
:10C8D000040090E5A1CF81E0CC30A0E101C0CCE321
:10C8E0000C1041E0031081E0061081E2910000E0AD
:10C8F000041198E78007A0E1A007A0E1010080E013
:10C900000620C0E506A189E004009AE5011080E256
:10C9100004108AE50C0095E5011081E2A03F80E05B
:10C92000C320A0E10130C3E3030040E0020080E047
:10C93000060080E2910000E0020850E31E00009A29
:10C9400094061FE5061199E7040290E7050480E2CA
:10C95000FA0880E2A005A0E1011380E0040198E755
:10C960000120A0E34A1400EB04708AE5060199E770
:10C97000010080E2060189E7041095E5800851E195
:10C980000300008A067189E708009AE5010080E249
:10C9900008008AE5E8061FE5061199E7040290E71A
:10C9A000050480E2FA0880E2A005A0E1011380E01E
:10C9B000040198E70120A0E34CFCFFEB010084E2B6
:10C9C000FF4000E2100054E3C4FCFF3A0C009DE578
:10C9D000010050E30800001AE0161FE50200D1E54F
:10C9E000010080E2FF0000E20200C1E53C0050E3EC
:10C9F0000100009A0100A0E30200C1E5F8561FE51E
:10CA000008471FE5000095E50220D4E5050C80E20B
:10CA1000D8109FE5A90080E235CFFFFA000095E528
:10CA2000DA3FE0E30320D4E5C0109FE5030040E0D7
:10CA30002FCFFFFA34071FE50000D0E5401000E2D9
:10CA4000AC009FE5000051E30800000A0070C0E55B
:10CA50000170C0E50270C0E59910A0E30310C0E5C5
:10CA60000410C0E50510C0E50670C0E50F0000EA3F
:10CA700074109FE50020D1E50020C0E50120D1E53C
:10CA80000120C0E50220D1E50220C0E50320D1E568
:10CA90000320C0E50420D1E50420C0E50510D1E560
:10CAA0000510C0E534109FE50910D1E50610C0E57A
:10CAB0000600001A30009FE50110D0E50510C4E51E
:10CAC0000000D0E50400C4E51CD08DE2F08FBDE885
:10CAD0009900A0E30500C4E50400C4E5F9FFFFEAFE
:10CAE0003C03030078740400FFFF0100B000030062
:10CAF00010C30000BC000300FE4F2DE90080A0E140
:10CB000001A0A0E10260A0E103B0A0E18B0556E125
:10CB10000300009ABC008FE20E7800EB0000A0E357
:10CB2000FE8FBDE8860AB0E10500000A0100A0E31F
:10CB3000A67580E00A50A0E10040A0E3A0909FE528
:10CB4000200000EAA675A0E1F9FFFFEA0000A0E3DB
:10CB500000008DE504008DE508508DE508009DE599
:10CB6000002099E5023BA0E30010A0E3E70000EB02
:10CB7000010047E2000054E10400002A001099E59A
:10CB8000022BA0E30800A0E16CD0FFEB040000EA58
:10CB9000000064E2802586E0001099E50800A0E12D
:10CBA00066D0FFEB015085E208009DE50B108AE09E
:10CBB000010050E10100003A0000A0E3FE8FBDE853
:10CBC000028B88E2014084E2070054E1DEFFFF3A75
:10CBD0000100A0E3FE8FBDE8455252455252310D8F
:10CBE0000A000000BC0103000010A0E30000A0E365
:10CBF00018209FE50030D2E7031081E0010080E2B9
:10CC0000150E50E3FAFFFF3A501182E51EFF2FE1A7
:10CC1000F4610400FE432DE90040A0E30070A0E3AE
:10CC200000708DE504708DE508708DE5C0809FE58E
:10CC3000007088E5BC509FE5BC609FE5000095E56D
:10CC4000000050E30800001A9A0EA0E3B3CDFFFAEB
:10CC5000000085E5000086E52010A0E3047100EBEC
:10CC6000200080E2020180E3000085E5000096E5F7
:10CC7000000050E31D00000A0F0000EA0D20A0E1B3
:10CC80000110A0E30400A0E1830B00EB011084E29B
:10CC90000148C1E3010070E30700000A04109DE5AC
:10CCA0008005A0E10128A0E100109DE52228A0E177
:10CCB0000118A0E12118A0E1132200EBFF0C54E3BE
:10CCC000EDFFFF3A34409FE5000098E5080084E559
:10CCD000000096E5000050E30200000AAACDFFFA2A
:10CCE000007086E5007085E50100A0E30000C4E562
:10CCF000FE83BDE8B8010300A8010300AC010300F6
:10CD00003003030010402DE90008A0E12008A0E155
:10CD100089D9FFEB0003A0E18C209FE56010A0E320
:10CD2000001082E5041082E2003091E5FFC000E2CD
:10CD30000231C3E3FF30C3E30C3083E1003081E50F
:10CD4000003091E500C8A0E10231C3E3FF30C3E346
:10CD50002C3C83E1003081E5003091E502C1C3E362
:10CD6000FFC0CCE320388CE1003081E50231A0E344
:10CD7000200C83E1000081E5D000A0E3000082E503
:10CD8000270000EB400050E30500000A1C009FE56F
:10CD9000001090E5021181E3001080E50100A0E39E
:10CDA0001080BDE80000A0E31080BDE8B0D800B05E
:10CDB000B001030008402DE90000A0E30010A0E34B
:10CDC00000108DE554209FE5080000EAB90000EB53
:10CDD000400010E30100000A4000A0E3000000EA68
:10CDE0000000A0E300109DE5011081E200108DE538
:10CDF000400050E30200000A00009DE5020050E1FF
:10CE0000F1FFFF3A00009DE5020050E10100003A09
:10CE10000200A0E30880BDE84000A0E30880BDE870
:10CE2000FFFF010008402DE90000A0E30010A0E38F
:10CE300000108DE564209FE50C0000EA9D0000EBEA
:10CE4000010010E30100000A0100A0E3040000EA71
:10CE5000400010E30100000A4000A0E3000000EAE7
:10CE60000000A0E300109DE5011081E200108DE5B7
:10CE7000400050E30200000A00009DE5020050E17E
:10CE8000EDFFFF3A00009DE5020050E10100003A8D
:10CE90000200A0E30880BDE84000A0E30880BDE8F0
:10CEA000FFFF010058009FE5001090E5FF10C1E36F
:10CEB000901081E3001080E5040080E2001090E50E
:10CEC000FF10C1E3021181E3001080E5040080E25D
:10CED000002090E52C109FE50020C1E5002090E5A2
:10CEE0000120C1E5002090E50220C1E5002090E589
:10CEF0000320C1E5000090E50400C1E508009FE5BE
:10CF00001EFF2FE1B0D800B02401030055550000EA
:10CF1000F0412DE90040A0E10180A0E10250A0E134
:10CF20000370A0E10060A0E30405A0E12008A0E1F7
:10CF300001D9FFEB3F1004E2004381E024019FE5AB
:10CF4000001090E5FF10C1E3001080E504C080E20E
:10CF500000109CE5FF2008E20211C1E3FF10C1E3CD
:10CF6000021081E100108CE500109CE50211C1E384
:10CF7000FF10C1E3281481E100108CE500109CE54E
:10CF8000FF2004E20211C1E3FF10C1E3021081E1BE
:10CF900000108CE500109CE50428A0E10211C1E31B
:10CFA000FF10C1E3221C81E100108CE500109CE51C
:10CFB0000221C1E3FF20C2E3241882E100108CE5C6
:10CFC00000109CE5FF10C1E3241C81E1021181E304
:10CFD00000108CE5001090E5FF10C1E3301081E3F4
:10CFE000001080E50000A0E3400000EB000050E3EB
:10CFF0000300000A70008FE2D67600EB0200A0E387
:10D00000F081BDE80100A0E3380000EB000050E330
:10D010000300000A68008FE2CE7600EB0200A0E376
:10D02000F081BDE80010A0E36C409FE5030000EA3A
:10D0300000C094E501C0C5E7010081E20118C0E32A
:10D04000070051E1F9FFFF3A59FFFFEB400050E3C1
:10D050000200000A44008FE2BE7600EB0160A0E30C
:10D060000600A0E1F081BDE8B0D800B054494D45BC
:10D070004F5554204552524F5231203D2025780AB9
:10D080000000000054494D454F5554204552524F21
:10D090005232203D2025780A00000000B8D800B0A8
:10D0A000524541442050414745204552524F52205D
:10D0B0003D2025780A00000008402DE90000A0E38B
:10D0C00000008DE520009FE5001090E5FF10C1E312
:10D0D000701081E3001080E5080080E2000090E518
:10D0E00000008DE50000DDE50880BDE8B0D800B0A7
:10D0F00001402DE904D04DE20000A0E300008DE5E1
:10D1000038109FE5080000EAB000DDE1010080E290
:10D1100000008DE52A6200EB0420DDE5020050E10D
:10D120000100001A0000A0E30C80BDE8B000DDE1C2
:10D13000010050E1F3FFFF3A0100A0E30C80BDE8DD
:10D1400010270000F0412DE90060A0E10170A0E18E
:10D150000240A0E10350A0E10605A0E12008A0E103
:10D1600075D8FFEB3F1006E200C381E0FC609FE54D
:10D17000000096E5FF00C0E3800080E3000086E544
:10D18000040086E2001090E5FF2007E20211C1E3EF
:10D19000FF10C1E3021081E1001080E5001090E56E
:10D1A0000211C1E3FF10C1E3271481E1001080E503
:10D1B000001090E5FF200CE20211C1E3FF10C1E373
:10D1C000021081E1001080E5001090E50C28A0E13C
:10D1D0000211C1E3FF10C1E3221C81E1001080E5D0
:10D1E000001090E50221C1E3FF20C2E32C1882E188
:10D1F000001080E5001090E5FF10C1E32C1C81E1D8
:10D20000021181E3001080E50100A0E3E73B00EBA1
:10D210000000A0E3081086E2030000EA0020D4E743
:10D22000002081E5010080E20108C0E3050050E133
:10D23000F9FFFF3A000096E5FF00C0E3100080E32D
:10D24000000086E5F6FEFFEB400050E30500000A13
:10D250001C009FE5001090E5101081E3001080E5B0
:10D260000100A0E3F081BDE80000A0E3F081BDE88B
:10D27000B0D800B0B00103007C402DE90150A0E11E
:10D280000260A0E10340A0E10D20A0E10010A0E3B6
:10D29000010A00EB00109DE5B010C5E104109DE50A
:10D2A000B010C6E1023784E2EE3B83E20D20A0E13C
:10D2B0000410A0E1A26100EB010070E30100000A8C
:10D2C0000100A0E37C80BDE80000A0E37C80BDE815
:10D2D000F0412DE9C8709FE5000097E50C5090E5FE
:10D2E000101090E5040011E30700000A040015E3A4
:10D2F0000500000A0450C5E30440A0E3144080E5A3
:10D300008C6D00EB000097E50C4080E5020015E312
:10D310001B00000A0250C5E388009FE5000090E56D
:10D32000841090E50340C1E30010A0E3841080E581
:10D330000060A0E3001097E50200A0E30C0081E587
:10D34000040000EA080094E50300C0E3086084E5F7
:10D350000460A0E10040A0E1000054E3F8FFFF1AE0
:10D36000050000EA084096E50600A0E12F7600EBF4
:10D370000600A0E1494A00EB0460A0E1000056E38A
:10D38000F7FFFF1A400015E30200000A001097E5BE
:10D390004000A0E3140081E5000097E50C5080E513
:10D3A000F081BDE8A40803005C080300FE432DE9FA
:10D3B00078029FE5060090E8080090E508008DE5FA
:10D3C00006008DE83F2300EB64129FE50000D1E5E5
:10D3D000000050E39400000A010040E2FF0000E278
:10D3E0000000C1E5000050E38F00001A44429FE5B1
:10D3F0000000D4E5010050E30200000A000050E301
:10D400002B00000A3E0000EA011AA0E3010CA0E391
:10D4100096EEFFEB000050E33900001A0810A0E37D
:10D42000070DA0E391EEFFEB000050E33400001A7B
:10D43000011BA0E3010CA0E38CEEFFEB000050E326
:10D440001300001A021BA0E3010CA0E387EEFFEB20
:10D45000000050E30E00001A011AA0E3010CA0E343
:10D4600082EEFFEB000050E30900001A021AA0E36D
:10D47000010CA0E37DEEFFEB000050E30400001A76
:10D480000810A0E3070DA0E378EEFFEB000050E3E7
:10D490000400000A5F1FA0E30A00A0E3FF1200EBF4
:10D4A000650F8FE28B5C00EBD9FDFFEB92E6FFEBA3
:10D4B000FEFFFFEA011BA0E3010CA0E36BEEFFEB14
:10D4C000000050E30E00001A021BA0E3010CA0E3D1
:10D4D00066EEFFEB000050E30900001A011AA0E31A
:10D4E000010CA0E361EEFFEB000050E30400001A22
:10D4F000021AA0E3010CA0E35CEEFFEB000050E396
:10D500000500000A021BA0E3010CA0E357EEFFEBAD
:10D51000000050E30600000A0A0000EABCFDFFEB31
:10D5200075E6FFEBB57700EBFA0FA0E3557100EB62
:10D53000FBFFFFEA691FA0E30A00A0E3D71200EB9C
:10D54000460F8FE2635C00EB0000D4E51C819FE591
:10D550001C619FE51C519FE5010050E30040A0E3E2
:10D560003070A0E30200000A000050E31300000A3C
:10D570001F0000EA011AA0E3010CA0E33BEEFFEB61
:10D58000000050E30400000A0810A0E3070DA0E328
:10D5900036EEFFEB000050E31500001A6E1FA0E30B
:10D5A0000A00A0E3BD1200EBB0008FE2495C00EB83
:10D5B0000070C8E50040C6E50040C5E50C0000EA83
:10D5C000011AA0E3010CA0E328EEFFEB000050E3FA
:10D5D0000700001A6E1FA0E30A00A0E3AF1200EBE1
:10D5E00078008FE23B5C00EB0070C8E50040C6E5C8
:10D5F0000040C5E5021AA0E3010CA0E31BEEFFEB1F
:10D60000000050E30400001A731FA0E30A00A0E327
:10D61000A21200EB44008FE22E5C00EB58009FE565
:10D620000010D0E5011081E20010C0E5FE83BDE8E6
:10D63000D0F702007C010300400003004552524F26
:10D64000523A20496E636F72726563742044495088
:10D650002D53572073657474696E67730000000062
:10D6600057616974696E67202020202020202000E7
:10D67000450003004600030047000300700103005B
:10D68000F0412DE90060A0E10180A0E10250A0E19D
:10D690000370A0E10040A0E3800005E2000050E339
:10D6A0000400000A040086E00720A0E10810A0E1C1
:10D6B000E10800EB030000EA040086E00020A0E39C
:10D6C0000810A0E1DC0800EB8550A0E1014084E2F5
:10D6D000080054E3EFFFFFBAF081BDE870402DE988
:10D6E0000060A0E10040A0E324509FE50420D6E7BD
:10D6F000040095E5083095E5041080E0000095E50C
:10D70000DEFFFFEB014084E2100054E3F6FFFFBAB6
:10D710007080BDE82C00030010402DE9011BA0E340
:10D72000010CA0E3D1EDFFEBFF0000E2000050E3AD
:10D730000300001A1040BDE8011AA0E3050DA0E3A4
:10D74000D4EDFFEA1080BDE810402DE9011BA0E3F5
:10D75000010CA0E3C5EDFFEBFF0000E2000050E389
:10D760000500000A011AA0E3050DA0E3C9EDFFEBD7
:10D770001040BDE804008FE2F67400EA1080BDE8B6
:10D780002B357620504F5745524F4E206F6E6365B4
:10D790000D0A000038402DE9FF0060E2AA8400EB8A
:10D7A00060409FE50020A0E30430A0E1B18400EBDD
:10D7B00054309FE50020A0E3D38300EBB78300EB58
:10D7C00048509FE5100085E544109FE5C38500EBB8
:10D7D000388500EB0020A0E30430A0E1CA8300EB11
:10D7E0007D8400EB0C0085E528109FE5B010CDE1AD
:10D7F000B200CDE10420A0E30D10A0E10100A0E300
:10D80000616A00EB3880BDE80000594000E06F40DD
:10D810004401030000C07944E703000010402DE9F3
:10D820000119A0E3050DA0E3D2ECFFEB021AA0E37F
:10D83000050DA0E3CFECFFEB253F00EB68409FE533
:10D840000400A0E1653A00EB011AA0E3050DA0E396
:10D85000C8ECFFEB0010A0E30400A0E15F3A00EB8E
:10D86000011081E20118C1E3190E51E3F9FFFF3AFB
:10D87000263F00EB0119A0E3050DA0E385EDFFEBCA
:10D88000011AA0E3050DA0E382EDFFEB0400A0E187
:10D89000523A00EB0119A0E3050DA0E3B5ECFFEB54
:10D8A0000400A0E11040BDE84C3A00EAFC0800008A
:10D8B00070402DE90040A0E1A4509FE50060A0E386
:10D8C0001D0000EAA00050E30900009A000095E561
:10D8D000310E50E3030000DA006085E5040095E5B1
:10D8E000100080E2040085E5010084E2014080E24E
:10D8F000110000EA0D0050E30000001A014084E22C
:10D900000000D4E50A0050E30F00000A001095E57E
:10D91000320E51E3030000DA006085E5041095E55E
:10D92000101081E2041085E532E7FFEB014084E24C
:10D93000000095E5080080E2000085E50000D4E5E0
:10D94000000050E3DEFFFF1A7080BDE8006085E54F
:10D95000040095E5100080E2040085E5014084E2C2
:10D96000F5FFFFEA2C000300F84F2DE90060A0E36B
:10D970000070A0E30040A0E3C8049FE5CCB49FE59D
:10D980000020D0E5C0149FE5C4849FE514009BE50A
:10D99000000052E32CA0A0E32090A0E32C00000A9A
:10D9A000010052E3BC00001A36CDFFEB000098E501
:10D9B0000600D0E7D2EDFFEB0A10A0E3AFD2FFEBF9
:10D9C000302080E214509BE5010084E20108C0E3AE
:10D9D0000420C5E7301081E2012080E20148C2E363
:10D9E0000010C5E7010086E20168C0E3060056E3C7
:10D9F000EDFFFF3A010084E20168C0E314009BE5FB
:10DA000004A0C0E70040A0E30910A0E30400A0E1E7
:10DA10009AD2FFEB080051E3A000000A0120A0E128
:10DA2000011080E2813181E0001098E5013083E04F
:10DA30000830D3E5083063E2030052E19D0000AAFC
:10DA40000600A0E1011086E20168C1E30090C5E78D
:10DA5000A20000EA0BCDFFEB000098E50600D0E73E
:10DA6000A7EDFFEB0A10A0E384D2FFEB302080E2A9
:10DA700014509BE5010084E20108C0E30420C5E7DF
:10DA8000301081E2012080E20148C2E30010C5E7C6
:10DA9000010086E20168C0E3060056E3EDFFFF3AAD
:10DAA000010084E20168C0E314009BE504A0C0E724
:10DAB0000040A0E30910A0E30400A0E16FD2FFEB57
:10DAC000080051E31200000A0120A0E1011080E2E9
:10DAD000813181E0001098E5013083E00830D3E522
:10DAE000030052E11000002A800180E0010080E084
:10DAF000070080E00910D0E50600A0E1012086E2E1
:10DB00000168C2E30010C5E7010087E20178C0E3C5
:10DB1000090000EA0600A0E1011086E20168C1E305
:10DB200000A0C5E70070A0E3030000EA0600A0E142
:10DB3000011086E20168C1E30090C5E7010084E2BC
:10DB40000148C0E3870054E3D9FFFF3A010046E2F1
:10DB50000018A0E12118A0E10D20A0E3010081E25E
:10DB60000108C0E30120C5E70AB0A0E3011080E28C
:10DB70000148C1E300B0C5E70000A0E30410A0E144
:10DB8000012084E20148C2E30190C5E7010080E280
:10DB90000108C0E3040050E3F7FFFF3A0060A0E390
:10DBA0000070A0E30910A0E30700A0E133D2FFEB6F
:10DBB000080051E31200000A0120A0E1101080E2E9
:10DBC000813181E0001098E5013083E00830D3E531
:10DBD000030052E11000002A800180E0010080E093
:10DBE000060080E09010D0E50400A0E1012084E26E
:10DBF0000148C2E30010C5E7010086E20168C0E306
:10DC0000090000EA0400A0E1011084E20148C1E338
:10DC100000A0C5E70060A0E3030000EA0400A0E163
:10DC2000011084E20148C1E30090C5E7010087E2EA
:10DC30000178C0E3900057E3D9FFFF3A010044E2C6
:10DC40000018A0E12118A0E10D20A0E3010081E26D
:10DC50000108C0E30120C5E7011080E20148C1E3EB
:10DC600000B0C5E7EC019FE50D30A0E10420A0E184
:10DC70000510A0E1114500EB000050E30200001A7E
:10DC8000B000DDE1000054E10300000AC8019FE597
:10DC9000001090E5011281E3001080E5F88FBDE8E7
:10DCA0000600A0E1011086E20168C1E300A0C5E71B
:10DCB0000070A0E3090000EA800180E0010080E03C
:10DCC000070080E00910D0E50600A0E1012086E20F
:10DCD0000168C2E30010C5E7010087E20178C0E3F4
:10DCE000010084E20148C0E3870054E345FFFF3AA6
:10DCF000010046E20018A0E12118A0E10D20A0E3F8
:10DD0000010081E20108C0E30120C5E70AB0A0E3F9
:10DD1000011080E20148C1E300B0C5E70000A0E3C4
:10DD20000410A0E1012084E20148C2E30190C5E7AC
:10DD3000010080E20108C0E3040050E3F7FFFF3A6E
:10DD40000060A0E30070A0E30910A0E30700A0E1D9
:10DD5000CAD1FFEB080051E30D00000A0120A0E149
:10DD6000101080E2813181E0001098E5013083E0FD
:10DD70000830D3E5083063E2030052E10A0000AA4C
:10DD80000400A0E1011084E20148C1E30090C5E76E
:10DD90000F0000EA0400A0E1011084E20148C1E3A1
:10DDA00000A0C5E70060A0E3090000EA800180E070
:10DDB000010080E0060080E09010D0E50400A0E1C2
:10DDC000012084E20148C2E30010C5E7010086E2B9
:10DDD0000168C0E3010087E20178C0E3900057E3E7
:10DDE000D8FFFF3A010044E20018A0E12118A0E1A9
:10DDF0000D20A0E3010081E20108C0E30120C5E796
:10DE0000011080E20148C1E300B0C5E744009FE58E
:10DE10000D30A0E10420A0E10510A0E1A74400EB33
:10DE2000000050E30200001AB000DDE1000054E100
:10DE300099FFFF0A20009FE5001090E5011281E3A1
:10DE4000001080E5F88FBDE84000030001200000CD
:10DE500014020300C0010300B0A50400B0010300D8
:10DE6000FE432DE90080A0E10150A0E10260A0E1A5
:10DE70000370A0E1F0108FE2000091E508008DE54D
:10DE8000E8008FE2000090E504008DE5E4409FE5A6
:10DE9000DC109FE5140094E5FACBFFEB140094E549
:10DEA0000810A0E17BCBFFFA0000A0E3180084E596
:10DEB000100000EA140094E589CBFFFA141094E5F1
:10DEC0000620A0E1010080E0181094E5965121E0C1
:10DED000F9E0FFEB140094E581CBFFFA141094E510
:10DEE000010080E004108DE26ACBFFFA180094E58F
:10DEF000010080E2180084E5180094E5070050E175
:10DF0000EBFFFF3A140094E575CBFFFA141094E58B
:10DF1000010080E0010040E208108DE25DCBFFFAD5
:10DF2000140094E56ECBFFFA0058A0E12558A0E15B
:10DF300044009FE5141094E50D30A0E10520A0E118
:10DF40005E4400EB000050E30200001AB000DDE187
:10DF5000000055E10300000A20009FE5001090E555
:10DF6000011281E3001080E5FE83BDE80D0A000088
:10DF70002C0000000120000014020300B0A50400E2
:10DF8000B0010300FE4F2DE90050A0E10170A0E1B7
:10DF90000280A0E103A0A0E19A1F8FE2000091E5BA
:10DFA00008008DE5260E8FE2000090E504008DE567
:10DFB0005C429FE554129FE5140094E5B1CBFFEB62
:10DFC000140094E50510A0E132CBFFFA0090A0E325
:10DFD000389084E5015088E26D0000EA950000E089
:10DFE000000187E00110D0E5300051E31400001A71
:10DFF0000210D0E5300051E31100001A0310D0E503
:10E00000300051E30E00001A0410D0E5300051E357
:10E010000B00001A0510D0E5300051E30800001A8B
:10E020000610D0E5300051E30500001A0710D0E5D6
:10E03000300051E30200001A0800D0E5300050E340
:10E040000100000A3C9084E5450000EA140094E5D4
:10E0500023CBFFFA0010A0E1140094E54660A0E392
:10E060000160C0E71ECBFFFA0010A0E1140094E5A8
:10E070000160C0E71ACBFFFA0010A0E1140094E59C
:10E080000160C0E716CBFFFA0010A0E1140094E590
:10E090000160C0E712CBFFFA0010A0E1140094E584
:10E0A0000160C0E70ECBFFFA0010A0E1140094E578
:10E0B0000160C0E70ACBFFFA0010A0E1140094E56C
:10E0C0000160C0E706CBFFFA0010A0E1140094E560
:10E0D0000160C0E702CBFFFA141094E5010080E074
:10E0E00004108DE2EBCAFFFA260000EA381094E52E
:10E0F000950101E0010180E0070080E00100D0E52A
:10E10000301040E2090051E30200009A410040E271
:10E11000190050E30A00008A140094E5F0CAFFFADF
:10E12000382094E53C3094E5950202E0141094E523
:10E13000022183E0072082E00120D2E50020C1E730
:10E14000040000EA140094E5E5CAFFFA141094E50F
:10E150002020A0E30020C1E73C0094E5010080E21C
:10E160003C0084E53C0094E5080050E1DEFFFF3A06
:10E17000140094E5DACAFFFA141094E5010080E077
:10E1800004108DE2C3CAFFFA380094E5010080E272
:10E19000380084E5380094E50A0050E18EFFFF3A2C
:10E1A000140094E5CECAFFFA141094E5010080E053
:10E1B000010040E208108DE2B6CAFFFA140094E5AF
:10E1C000C7CAFFFA0058A0E12558A0E144009FE526
:10E1D000141094E50D30A0E10520A0E1B74300EB59
:10E1E000000050E30200001AB000DDE1000055E13C
:10E1F0000300000A20009FE5001090E5011281E372
:10E20000001080E5FE8FBDE80D0A00002C00000024
:10E210000120000014020300B0A50400B0010300B7
:10E22000FE432DE90070A0E10160A0E10240A0E101
:10E230000380A0E1531F8FE2000091E508008DE507
:10E24000510F8FE2000090E504008DE540519FE5FD
:10E2500038119FE5140095E50ACBFFEB140095E516
:10E260000710A0E18BCAFFFA0070A0E3287085E5D3
:10E27000270000EA2C7085E5190000EA281095E5D2
:10E28000910420E00000D6E7301040E2090051E39D
:10E290000200009A410040E2190050E30800008AA1
:10E2A000140095E58ECAFFFA2C2095E5283095E5F7
:10E2B000141095E5932422E00220D6E70020C1E760
:10E2C000040000EA140095E585CAFFFA141095E5EC
:10E2D0002020A0E30020C1E72C0095E5010080E2AA
:10E2E0002C0085E52C0095E5040050E1E2FFFF3AA3
:10E2F000140095E57ACAFFFA141095E5010080E054
:10E3000004108DE263CAFFFA280095E5010080E25F
:10E31000280085E5280095E5080050E1D4FFFF3A84
:10E32000140095E56ECAFFFA141095E5010080E02F
:10E33000010040E208108DE256CAFFFA140095E58C
:10E3400067CAFFFA0048A0E12448A0E144009FE525
:10E35000141095E50D30A0E10420A0E1574300EB37
:10E36000000050E30200001AB000DDE1000054E1BB
:10E370000300000A20009FE5001090E5011281E3F0
:10E38000001080E5FE83BDE80D0A00002C000000AF
:10E390000120000014020300B0A50400B001030036
:10E3A000FC412DE90070A0E10160A0E14F0F8FE278
:10E3B000000090E504008DE50850D6E534419FE566
:10E3C0002C119FE5140094E5AECAFFEB140094E510
:10E3D0000710A0E12FCAFFFA080055E30E00009ACB
:10E3E000140094E53ECAFFFA0010A0E1140094E581
:10E3F0004520A0E30120C0E739CAFFFA0010A0E1E0
:10E40000140094E57250A0E30150C0E734CAFFFA4B
:10E41000141094E50050C1E71B0000EA0070A0E36F
:10E42000207084E5070000EA140094E52CCAFFFA86
:10E43000201094E5142094E50130D6E70030C2E7BF
:10E44000010081E2200084E5200094E5050050E110
:10E45000F4FFFF3A207084E52060A0E3085065E2F5
:10E46000060000EA140094E51DCAFFFA141094E5B2
:10E470000060C1E7200094E5010080E2200084E50F
:10E48000200094E5000055E1F5FFFF8A140094E5B3
:10E4900013CAFFFA141094E5010080E004108DE225
:10E4A000FCC9FFFA140094E50DCAFFFA0058A0E178
:10E4B0002558A0E140009FE5141094E50D30A0E13F
:10E4C0000520A0E1FD4200EB000050E30200001A2D
:10E4D000B000DDE1000055E10300000A1C009FE5EB
:10E4E000001090E5011281E3001080E5FC81BDE899
:10E4F0000D0A00000120000014020300B0A5040072
:10E50000B0010300FC472DE90070A0E10160A0E12B
:10E510004F0F8FE2000090E504008DE50850D6E52E
:10E5200034419FE52C119FE5140094E555CAFFEB9B
:10E53000140094E50710A0E1D6C9FFFA080055E3DE
:10E540000E00009A140094E5E5C9FFFA0010A0E15E
:10E55000140094E54520A0E30120C0E7E0C9FFFADC
:10E560000010A0E1140094E57250A0E30150C0E750
:10E57000DBC9FFFA141094E50050C1E71B0000EA64
:10E580000080A0E3248084E52090A0E3087065E289
:10E59000060000EA140094E5D1C9FFFA141094E5CE
:10E5A0000090C1E7240094E5010080E2240084E5A6
:10E5B000240094E5000057E1F5FFFF8A248084E5FC
:10E5C000070000EA140094E5C5C9FFFA241094E599
:10E5D000142094E50130D6E70030C2E7010081E263
:10E5E000240084E5240094E5050050E1F4FFFF3A9F
:10E5F000140094E5BAC9FFFA141094E5010080E014
:10E6000004108DE2A3C9FFFA140094E5B4C9FFFA1F
:10E610000058A0E12558A0E140009FE5141094E5C2
:10E620000D30A0E10520A0E1A44200EB000050E382
:10E630000200001AB000DDE1000055E10300000A0D
:10E640001C009FE5001090E5011281E3001080E5B9
:10E65000FC87BDE80D0A0000012000001402030041
:10E66000B0A50400B0010300FE4F2DE90180A0E138
:10E670000290A0E103A0A0E1970F8FE2000090E5D7
:10E6800008008DE5950F8FE2000090E504008DE510
:10E690004C429FE50050A0E30550C4E544129FE5BD
:10E6A000140094E5F7C9FFEB605084E56D0000EAC3
:10E6B000990000E0000098E7940084E50A10A0E3C8
:10E6C0006ECFFFEB0570D4E5146094E5300081E275
:10E6D000075086E00900C5E5940094E50A10A0E320
:10E6E00066CFFFEB940084E50A10A0E363CFFFEB55
:10E6F000300081E20800C5E5940094E50A10A0E32B
:10E700005ECFFFEB940084E50A10A0E35BCFFFEB44
:10E71000300081E20700C5E5940094E50A10A0E30B
:10E7200056CFFFEB940084E50A10A0E353CFFFEB34
:10E73000300081E20600C5E5940094E50A10A0E3EC
:10E740004ECFFFEB940084E50A10A0E34BCFFFEB24
:10E75000300081E20500C5E5940094E50A10A0E3CD
:10E7600046CFFFEB940084E50A10A0E343CFFFEB14
:10E77000300081E20400C5E5940094E50A10A0E3AE
:10E780003ECFFFEB940084E50A10A0E33BCFFFEB04
:10E79000300081E20300C5E5940094E50A10A0E38F
:10E7A00036CFFFEB940084E50A10A0E333CFFFEBF4
:10E7B000300081E20200C5E5940094E50A10A0E370
:10E7C0002ECFFFEB940084E50A10A0E32BCFFFEBE4
:10E7D000300081E20100C5E5940094E50A10A0E351
:10E7E00026CFFFEB940084E50A10A0E323CFFFEBD4
:10E7F000300081E20700C6E70A0087E2FF2000E25E
:10E800000520C4E50A00A0E30400C4E52030A0E32D
:10E810000400D4E5001042E001C0D6E730005CE31C
:10E820000700001A010050E30000000A0130C6E7AB
:10E83000010040E2FF0000E20400C4E5000050E3F4
:10E84000F2FFFF1A020086E004108DE211C9FFFA00
:10E850000500D4E5010080E20500C4E5600094E510
:10E86000010080E2600084E5600094E50A0050E168
:10E870008EFFFF3A140094E519C9FFFA141094E5CD
:10E88000010080E0010040E208108DE201C9FFFABA
:10E89000140094E512C9FFFA0058A0E12558A0E140
:10E8A00044009FE5141094E50D30A0E10520A0E19F
:10E8B000024200EB000050E30200001AB000DDE16C
:10E8C000000055E10300000A20009FE5001090E5DC
:10E8D000011281E3001080E5FE8FBDE80D0A000003
:10E8E0002C0000001402030001200000B0A5040069
:10E8F000B0010300FE432DE90050A0E10160A0E15A
:10E900000280A0E10370A0E1611F8FE2000091E5A9
:10E9100008008DE55F0F8FE2000090E504008DE5B3
:10E9200078419FE570119FE5140094E555C9FFEB10
:10E93000140094E50510A0E1D6C8FFFA0090A0E30A
:10E94000509084E5015088E2290000EA549084E563
:10E950001B0000EA501094E5910520E0060080E0DD
:10E960000100D0E5301040E2090051E30200009AB6
:10E97000410040E2190050E30900008A140094E5C8
:10E98000D7C8FFFA542094E5503094E5141094E56C
:10E99000932522E0062082E00120D2E50020C1E795
:10E9A000040000EA140094E5CDC8FFFA141094E5C1
:10E9B0002020A0E30020C1E7540094E5010080E29C
:10E9C000540084E5540094E5080050E1E0FFFF3A6C
:10E9D000140094E5C2C8FFFA141094E5010080E029
:10E9E00004108DE2ABC8FFFA500094E5010080E20C
:10E9F000500084E5500094E5070050E1D2FFFF3A53
:10EA0000100057E30200000A010057E30800000A63
:10EA10000C0000EA140094E5B1C8FFFA141094E564
:10EA2000010080E0010040E208108DE299C8FFFA81
:10EA3000040000EA140094E5A9C8FFFA141094E554
:10EA4000010080E0019040E5140094E5A4C8FFFABD
:10EA50000058A0E12558A0E144009FE5141094E57A
:10EA60000D30A0E10520A0E1944100EB000050E34F
:10EA70000200001AB000DDE1000055E10300000AC9
:10EA800020009FE5001090E5011281E3001080E571
:10EA9000FE83BDE80D0A00002C00000001200000EC
:10EAA00014020300B0A50400B0010300F0412DE9F9
:10EAB00018D04DE20080A0E10140A0E10260A0E199
:10EAC0000370A0E15B0F8FE2000090E514008DE57C
:10EAD000590F8FE2000090E510008DE5571F8FE27F
:10EAE000050091E8081091E505008DE90C108DE511
:10EAF00058519FE550119FE5140095E5E1C8FFEBE3
:10EB0000140095E50810A0E162C8FFFA0000A0E338
:10EB1000580085E5160000EA0200D4E5000050E345
:10EB20000200001A0300D4E5000050E32600000AAA
:10EB3000140095E56AC8FFFA141095E50620A0E1D7
:10EB4000010080E0581095E5964121E0DADDFFEB09
:10EB5000140095E562C8FFFA141095E5010080E005
:10EB600010108DE24BC8FFFA580095E5010080E2D5
:10EB7000580085E5580095E5070050E1E5FFFF3AAC
:10EB8000140095E556C8FFFA141095E5010080E0E1
:10EB9000010040E214108DE23EC8FFFA140095E532
:10EBA0004FC8FFFA0048A0E12448A0E1A0009FE57B
:10EBB000141095E50D30A0E10420A0E13F4100EBE9
:10EBC000000050E31500001A110000EA0000D4E52F
:10EBD00004308DE209108DE205DEFFEB0100D4E583
:10EBE000021083E202DEFFEB04008DE23CC8FFFA74
:10EBF0000080A0E1140095E539C8FFFA141095E5EE
:10EC00000820A0E1010080E004108DE24BC8FFEB7A
:10EC1000CEFFFFEAB000DDE1000054E10300000A8E
:10EC200030009FE5001090E5011281E3001080E5BF
:10EC300018D08DE2F081BDE80D0A00002C00000024
:10EC4000323031372F30300000000000012000004A
:10EC500014020300B0A50400B0010300FF412DE938
:10EC60006E0F8FE2000090E50C008DE5B4419FE54A
:10EC7000AC119FE5140094E582C8FFEB140094E505
:10EC8000691F8FE203C8FFFA0050A0E3405084E5FB
:10EC9000AC719FE52C60A0E3400094E5000287E0A2
:10ECA000081090E5FF0051E30C00000A070051E353
:10ECB0003B0000CA0C2090E5630052E3380000CA14
:10ECC00000508DE504508DE55E1F8FE20D00A0E140
:10ECD00087C6FFFA445084E52080A0E3160000EACE
:10ECE000445084E54680A0E3140094E5FCC7FFFA95
:10ECF000141094E50080C1E7440094E5010080E22F
:10ED0000440084E5080050E3F6FFFF3A140094E560
:10ED1000F3C7FFFA141094E50060C1E7200000EA91
:10ED2000140094E5EEC7FFFA141094E50080C1E7E3
:10ED3000440094E5010080E2440084E50D00A0E178
:10ED4000E7C7FFFA441094E5080060E2010050E1D3
:10ED5000F2FFFF8A445084E50D80A0E1070000EA3D
:10ED6000140094E5DEC7FFFA441094E5142094E5FE
:10ED70000130D8E70030C2E7010081E2440084E5B9
:10ED80000D00A0E1D6C7FFFA441094E5010050E160
:10ED9000F2FFFF8A140094E5D1C7FFFA141094E53E
:10EDA0000060C1E7400094E5010080E2400084E596
:10EDB000100050E3B7FFFF3A140094E5C8C7FFFA0C
:10EDC000141094E5010080E0010040E20C108DE297
:10EDD000B0C7FFFA140094E5C1C7FFFA0058A0E1DC
:10EDE0002558A0E160009FE5141094E508308DE2FD
:10EDF0000520A0E1B14000EB000050E30200001A42
:10EE0000B800DDE1000055E10300000A3C009FE589
:10EE1000001090E5011281E3001080E5FF81BDE85C
:10EE20000D0A000001200000140203004649454C71
:10EE300044204E554D4245522020202020202C00B9
:10EE400000000000E00B030025640000B0A50400F2
:10EE5000B0010300FF412DE96B0F8FE2000090E548
:10EE60000C008DE5A8419FE5A0119FE5140094E5F5
:10EE700004C8FFEB140094E5661F8FE285C7FFFA14
:10EE80000050A0E3485084E5A0719FE52C60A0E30A
:10EE9000480094E5000287E0082090E5FF0052E377
:10EEA0000900000A070052E3380000CA00508DE54F
:10EEB00004508DE55E1F8FE20D00A0E10CC6FFFA45
:10EEC0004C5084E52080A0E3160000EA4C5084E515
:10EED0004680A0E3140094E581C7FFFA141094E57E
:10EEE0000080C1E74C0094E5010080E24C0084E51D
:10EEF000080050E3F6FFFF3A140094E578C7FFFAE4
:10EF0000141094E50060C1E7200000EA140094E5C5
:10EF100073C7FFFA141094E50080C1E74C0094E534
:10EF2000010080E24C0084E50D00A0E16CC7FFFA0F
:10EF30004C1094E5080060E2010050E1F2FFFF8A06
:10EF40004C5084E50D80A0E1070000EA140094E530
:10EF500063C7FFFA4C1094E5142094E50130D8E71C
:10EF60000030C2E7010081E24C0084E50D00A0E121
:10EF70005BC7FFFA4C1094E5010050E1F2FFFF8AF5
:10EF8000140094E556C7FFFA141094E50060C1E739
:10EF9000480094E5010080E2480084E5100050E359
:10EFA000BAFFFF3A140094E54DC7FFFA141094E538
:10EFB000010080E0010040E20C108DE235C7FFFA4D
:10EFC000140094E546C7FFFA0058A0E12558A0E1D7
:10EFD00060009FE5141094E508308DE20520A0E163
:10EFE000364000EB000050E30200001AB800DDE1FB
:10EFF000000055E10300000A3C009FE5001090E589
:10F00000011281E3001080E5FF81BDE80D0A0000D8
:10F0100001200000140203004649454C44204441AD
:10F0200054415F434C41535320202C00000000000A
:10F03000E00B030025640000B0A50400B00103004C
:10F04000FC412DE90060A0E10150A0E17F1F8FE2AB
:10F05000001091E504108DE5F8419FE5F0119FE562
:10F06000140094E587C7FFEB140094E50610A0E1B7
:10F0700008C7FFFA0060A0E3306084E52C70A0E3CD
:10F08000300094E5800180E0050080E00110D0E5CB
:10F09000000051E31400001A0210D0E5000051E313
:10F0A0001100001A0310D0E5000051E30E00001A11
:10F0B0000410D0E5000051E30B00001A0510D0E564
:10F0C000000051E30800001A0610D0E5000051E3EB
:10F0D0000500001A0710D0E5000051E30200001AF5
:10F0E0000800D0E5000050E30A00000A346084E51F
:10F0F0002080A0E3300094E5801180E0340094E5A6
:10F10000001081E0051081E00110D1E5300051E3ED
:10F110001000000A270000EA346084E54680A0E37E
:10F12000140094E5EEC6FFFA141094E50080C1E7E0
:10F13000340094E5010080E2340084E5080050E3E7
:10F14000F6FFFF3A140094E5E5C6FFFA141094E5C3
:10F150000070C1E71E0000EA070050E31500000A36
:10F16000140094E5DEC6FFFA141094E50080C1E7B0
:10F17000340094E5010080E2340084E5080050E3A7
:10F18000DBFFFF3A0B0000EA140094E5D4C6FFFA57
:10F19000301094E5142094E5813181E0341094E539
:10F1A000013083E0053083E00130D3E50030C2E771
:10F1B000010081E2340084E5340094E5080050E366
:10F1C000F0FFFF3A140094E5C5C6FFFA141094E569
:10F1D0000070C1E7300094E5010080E2300084E572
:10F1E000100050E3A5FFFF3A140094E5BCC6FFFAF7
:10F1F000141094E5010080E0010040E204108DE26B
:10F20000A4C6FFFA140094E5B5C6FFFA0058A0E1C1
:10F210002558A0E140009FE5141094E50D30A0E1D1
:10F220000520A0E1A53F00EB000050E30200001A1A
:10F23000B000DDE1000055E10300000A1C009FE57D
:10F24000001090E5011281E3001080E5FC81BDE82B
:10F250000D0A00000120000014020300B0A5040004
:10F26000B0010300FE4F2DE930809DE500A0A0E134
:10F270000140A0E10250A0E10370A0E1160E8FE270
:10F28000000090E508008DE5560F8FE2000090E544
:10F2900004008DE550619FE50090A0E3BE90C6E1BB
:10F2A00048119FE5140096E5F6C6FFEB140096E5BD
:10F2B0000A10A0E177C6FFFA140096E588C6FFFAA7
:10F2C000BE10D6E1010080E0BE00C6E11C9086E5DC
:10F2D000983086E21C0096E5801080E0031081E003
:10F2E0000000D4E7021081E241DCFFEB1C0096E550
:10F2F000010080E21C0086E5060050E3F4FFFF3ABF
:10F30000BE10D6E1140096E5010080E0E0109FE514
:10F3100060C6FFFABE00D6E1140080E2BE00C6E17E
:10F320001C9086E5110000EA954020E0BE20D6E161
:10F33000061080E2140096E5020080E0062045E217
:10F34000FBDBFFEB000058E30500001A140096E514
:10F3500063C6FFFA141096E5010080E004108DE208
:10F360004CC6FFFA1C0096E5010080E21C0086E511
:10F370001C0096E5070050E1EAFFFF3A140096E50D
:10F3800057C6FFFA141096E5010080E0010040E244
:10F3900008108DE23FC6FFFA140096E550C6FFFA4A
:10F3A0000048A0E12448A0E148009FE5141096E53C
:10F3B0000D30A0E10420A0E1403F00EB000050E34D
:10F3C0000200001AB000DDE1000054E10300000A71
:10F3D00024009FE5001090E5011281E3001080E514
:10F3E000FE8FBDE80D0A00002C000000140203008F
:10F3F00001200000AC020300B0A50400B00103002E
:10F40000FE432DE90150A0E10260A0E10370A0E1FC
:10F410004E0F8FE2000090E508008DE5130E8FE29D
:10F42000000090E504008DE52C419FE524119FE547
:10F43000140094E593C6FFEB0080A0E3648084E5AC
:10F44000AD3084E2640094E5801080E0031081E038
:10F450000000D5E7021081E2E5DBFFEB640094E5F4
:10F46000010080E2640084E5070050E3F4FFFF3A06
:10F47000E8109FE5140094E506C6FFFA1700A0E324
:10F48000B001C4E1648084E5140000EA965020E0F5
:10F49000B021D4E1071080E2140094E5020080E07E
:10F4A0000620A0E184DBFFEBB001D4E1020080E2A2
:10F4B0000108C0E3B001C4E1141094E5010080E04C
:10F4C00004108DE2F3C5FFFAB001D4E1010080E23F
:10F4D000B001C4E1640094E5010080E2640084E5C9
:10F4E000640094E5070050E1E7FFFF3AB011D4E172
:10F4F000140094E5010080E0010040E208108DE274
:10F50000E4C5FFFA140094E5F5C5FFFA0058A0E140
:10F510002558A0E148009FE5141094E50D30A0E1C6
:10F520000520A0E1E53E00EB000050E30200001AD8
:10F53000B000DDE1000055E10300000A24009FE572
:10F54000001090E5011281E3001080E5FE83BDE824
:10F550000D0A00002C00000001200000140203002E
:10F56000C1020300B0A50400B0010300F05F2DE963
:10F570000040A0E318829FE5760000EA14529FE560
:10F580000070A0E30100A0E3B400C8E10C0098E51E
:10F590000210A0E30010C0E504109AE5019C84E28B
:10F5A000090051E10300008A041041E00168A0E174
:10F5B0002668A0E1000000EA016CA0E3B410D8E1E5
:10F5C000012081E2B420C8E10160C0E70010A0E39F
:10F5D000C4B19FE5080000EA08209BE5042082E012
:10F5E00001C0D2E7B420D8E1013082E2B430C8E1F2
:10F5F00002C0C0E7011081E20118C1E3060051E139
:10F60000F4FFFF3AB410D8E1CA1600EBB420D8E1F9
:10F610000C1098E50200C1E7B400D8E1010080E2D7
:10F620000108C0E3B400C8E104209AE5090052E1F2
:10F630000400008A012080E20330A0E3B420C8E186
:10F640000030C1E7030000EA012080E21730A0E3A8
:10F65000B420C8E10030C1E70000A0E3B600C8E173
:10F660000300C8E5B410D8E1130E8FE2396D00EB4A
:10F670000090A0E3050000EA0C0098E50110A0E36B
:10F68000090080E0C07000EB010089E20198C0E34E
:10F69000B400D8E1000059E1F6FFFF3A2A0000EA81
:10F6A00024B19FE57D1FA0E300009BE5F5C5FFEBBE
:10F6B00018019FE500109BE50800D0E57D2FA0E331
:10F6C000FA7300EB00A8A0E12AA8A0E10090A0E353
:10F6D0000E0000EAB610D8E1010081E27F2BD0E3F2
:10F6E0000800000A00209BE50920D2E7B600C8E127
:10F6F000140098E50120C0E700009BE50910D0E761
:10F70000CC008FE2136D00EB010089E20198C0E3A9
:10F710000A0059E1EEFFFF3AB600D8E1060050E3D7
:10F720000400001A0000A0E30300C8E5140098E5F7
:10F73000452300EB0070A0E1015045E2000055E3D5
:10F740000A00000A010057E30E00000A000055E31A
:10F75000D2FFFF1A064084E07CA09FE504009AE5F2
:10F76000040050E184FFFF8A0100A0E3F09FBDE8A0
:10F770001C009FE50010D0E5201081E30010C0E5DB
:10F780000000A0E3F09FBDE850008FE2F16C00EBB9
:10F79000EFFFFFEA04030300558D2900A0350300A5
:10F7A00050726F6772616D6D655F646174615F73E4
:10F7B000656E64202C74785F627566665F75617231
:10F7C00074325F6E756D3D25580D0A007800030098
:10F7D000E035040025780D0A00000000C86104002F
:10F7E00050726F6772616D6D655F646174615F73A4
:10F7F000656E642041434B204F4B0D0A0000000012
:10F80000F0472DE9FC619FE50080A0E3F8019FE54A
:10F810000120A0E3040090E5001BB0E13E00000AD7
:10F82000200582E00010E0E3001581E0DC519FE557
:10F830000090A0E3B420C5E10C0095E50020C0E5F0
:10F84000B420D5E107C0A0E3013082E2B430C5E1C5
:10F8500002C0C0E7B420D5E140C0A0E3013082E29D
:10F86000B430C5E102C0C0E7B420D5E1013082E286
:10F87000B430C5E10290C0E7B420D5E1013082E2A6
:10F88000B430C5E10290C0E7B420D5E1013082E296
:10F89000B430C5E10290C0E7B420D5E1013082E286
:10F8A000B430C5E10210C0E7B420D5E12134A0E1B5
:10F8B00001C082E2B4C0C5E10230C0E72128A0E166
:10F8C000B410D5E1013081E2B430C5E10120C0E7D8
:10F8D000B410D5E1171600EBB420D5E10010A0E17B
:10F8E0000C0095E50210C0E7B410D5E1011081E2EB
:10F8F0000128C1E3011082E20118C1E30330A0E353
:10F90000B410C5E10230C0E7B690C5E10390C5E58B
:10F910001D7000EBF8A09FE52C0000EA2005A0E197
:10F920000005A0E1011040E2BFFFFFEA00009AE5F8
:10F930007D1FA0E353C5FFEBD8009FE500109AE5BB
:10F940000800D0E57D2FA0E3587300EB0078A0E11C
:10F950002778A0E10040A0E30E0000EAB600D5E160
:10F96000011080E27F2BD1E30800000A00209AE515
:10F970000420D2E7B610C5E1141095E50020C1E7D8
:10F9800000009AE50410D0E78C008FE2716C00EB68
:10F99000010084E20148C0E3070054E1EEFFFF3AB2
:10F9A000B600D5E1050050E30300001A0390C5E559
:10F9B000140095E5A42200EB0080A0E1016046E27E
:10F9C000000056E30500000A010058E30900000AA0
:10F9D000000056E3D4FFFF1A0000A0E3F087BDE863
:10F9E00028009FE50010D0E5101081E30010C0E56D
:10F9F0000000A0E3F087BDE824008FE2556C00EB27
:10FA00000100A0E3F087BDE8558D2900C86104001E
:10FA10000403030078000300E035040025780D0A94
:10FA20000000000050726F6772616D6D655F7374E6
:10FA3000617274206F6B0D0A0000000010402DE908
:10FA40004C309FE54CC09FE5003093E50C308CE5D1
:10FA5000320E50E30D00002A1E0E51E30B00002A67
:10FA6000F8C0A0E322480CE022C40CE08443A0E1EB
:10FA70000CC184E1F82002E2A2218CE181C181E085
:10FA800001128CE0810280E0800083E0B020C0E1C0
:10FA90001080BDE8A03503002C00030050109FE546
:10FAA000141091E5800181E0B010D0E1B230D0E1D6
:10FAB000040090E5000051E30B00000A000053E34E
:10FAC0000900000A320E51E30700008A1E0E53E3BC
:10FAD0000500008A1CC09FE50C0050E10200002ACE
:10FAE000001082E5043082E51EFF2FE10000E0E314
:10FAF0001EFF2FE1A0350300407E0100000052E30D
:10FB00000300000A002090E5021081E1001080E56A
:10FB10001EFF2FE1002090E50110C2E1001080E5FA
:10FB20001EFF2FE11C402DE90014A0E12E4381E2CD
:10FB30001C1094E504108DE5181094E500108DE577
:10FB400004109DE5040011E30900000A04109DE57E
:10FB5000010011E30600000A00109DE5080011E312
:10FB60000700000AEF1200EB0800A0E3180084E58C
:10FB7000030000EA04109DE5110011E30000000AF3
:10FB8000E81200EB04009DE5040010E30700000A02
:10FB9000180094E500008DE500009DE5400010E3AD
:10FBA0000200000A08109FE50100A0E30000C1E583
:10FBB0001C80BDE85407030010402DE95C009FE560
:10FBC0000120A0E30F1CA0E3CBFFFFEB50009FE55B
:10FBD0000120A0E31010A0E3C7FFFFEB44009FE566
:10FBE0000120A0E30318A0E3C3FFFFEB38109FE55B
:10FBF0000200A0E3000081E50000A0E3041041E260
:10FC0000000081E524009FE52110A0E3001080E5BD
:10FC1000001090E5011081E3001080E51080BDE840
:10FC2000780000B0180200B0400200B0081400B81C
:10FC3000001400B808009FE50020A0E30F1CA0E31B
:10FC4000ADFFFFEA780000B04C009FE50010A0E394
:10FC5000501080E544109FE52C2091E5022102E23E
:10FC6000542080E5080000EA2C2091E5022102E200
:10FC7000542080E5502090E5012082E2502080E56C
:10FC8000502090E5010A52E30200002A542090E53A
:10FC9000020152E3F3FFFF0A1EFF2FE1C407030036
:10FCA000004000B810402DE96410A0E3D7C4FFEB7A
:10FCB0007F4C40E2F94044E2010261E00001A0E132
:10FCC0006410A0E3D1C4FFEB0F0054E3010000DA9D
:10FCD0000110A0E3000000EA0010A0E3A41F91E1DE
:10FCE0000100000A0500A0E31080BDE8044480E1A3
:10FCF0000100A0E39A0300EB0C009FE5084080E5BB
:10FD0000D0FFFFEB0000A0E31080BDE8004000B88A
:10FD1000000050E30B12A0E30300000A180291E573
:10FD2000040080E3180281E51EFF2FE1180291E52F
:10FD30000400C0E3180281E51EFF2FE138402DE9E1
:10FD4000FC409FE52C0094E500008DE500009DE55A
:10FD5000F0509FE5020010E30B00000A0100A0E351
:10FD60007F0300EB0200A0E32C0084E5B5FFFFEB6E
:10FD7000140095E5010080E2140085E5040095E596
:10FD8000000050E30000000A30FF2FE100009DE575
:10FD9000010010E30800000A0100A0E3700300EB7B
:10FDA0000100A0E32C0084E5A6FFFFEB080095E529
:10FDB000000050E30000000A30FF2FE100009DE545
:10FDC000100010E30F00000A0100A0E3640300EB41
:10FDD0001000A0E32C0084E59AFFFFEB0030A0E3C5
:10FDE0001020A0E30510A0E30300A0E1520000EB07
:10FDF000100095E5000050E30200000A30FF2FE1FB
:10FE00000000A0E3100085E500009DE5080010E378
:10FE10000A00000A0100A0E3510300EB0800A0E380
:10FE20002C0084E587FFFFEB0C0095E5000050E314
:10FE30000200000A04D08DE23040BDE810FF2FE13F
:10FE40003880BDE8004000B8C407030010402DE929
:10FE5000CC109FE50000A0E3080081E5040081E5E7
:10FE60000C0081E5100081E5140081E5B4309FE5C8
:10FE7000B4409FE5001093E5010011E30200001A71
:10FE8000010080E2040050E1F9FFFFBA9C009FE509
:10FE9000000083E56BFFFFEB0000A0E3001093E59B
:10FEA000010011E30200001A010080E2040050E1A9
:10FEB000F9FFFFBA040050E10100001A0600A0E3B8
:10FEC0001080BDE868009FE5040083E55DFFFFEB5F
:10FED0000000A0E3041093E5010811E30200001AFA
:10FEE000010080E2040050E1F9FFFFBA040050E194
:10FEF0000100001A0600A0E31080BDE834209FE551
:10FF00000F10A0E30100A0E3736900EB7F00A0E302
:10FF10002A6A00EB0F00A0E31C6700EB0000A0E3DF
:10FF20001080BDE8C4070300004000B8FF0F0000C8
:10FF30005713EBA565A900003CFD0000F0472DE933
:10FF40000240A0E10390A0E1000050E30100000A9C
:10FF50000800A0E3F087BDE89C549FE59C649FE502
:10FF6000130051E30180A0E3FF0004E20070A0E36E
:10FF700001F18F301E0100EA110000EA170000EACB
:10FF80003A0000EA3C0000EA3D0000EA690000EAAD
:10FF9000170100EA160100EAB00000EAB50000EA25
:10FFA000BE0000EAC50000EAD10000EAD70000EA7E
:10FFB000E80000EADC0000EA0D0100EA0C0100EABA
:10FFC000ED0000EA240095E5010010E30100000ABD
:10FFD000008084E5040100EA007084E5020100EA83
:10FFE0000100D6E5010050E30500001A0030A0E34F
:10FFF0000220A0E30510A0E30300A0E1CEFFFFEB89
:020000040001F9
:100000000180C6E5147086E50000D4E5070050E3E2
:100010000100009A0700A0E3F087BDE80100A0E31B
:10002000CF0200EB0000D4E5300085E505FFFFEBD3
:10003000040094E5000050E30100000A040086E596
:10004000000000EA047086E50100D6E5010050E3F7
:10005000E500001A0030A0E30220A0E30410A0E3B2
:100060000300A0E1B4FFFFEB0000A0E3F087BDE8D0
:10007000140096E5000084E5DB0000EA147086E5D4
:10008000D90000EA010050E30B00000A020050E32F
:100090000500000A080050E31E00000A100050E3AB
:1000A0001200000A0700A0E3F087BDE80180C6E562
:1000B000280095E5024080E3190000EA0280C6E5C9
:1000C0000100A0E3A60200EB340095E5080080E300
:1000D000340085E5280095E5010080E3280085E5EA
:1000E000D8FEFFEB280095E5014080E30C0000EA14
:1000F0000280C6E50100A0E3990200EB340095E51B
:10010000100080E3340085E5CEFEFFEB280095E586
:10011000104080E3020000EA0280C6E5280095E571
:10012000084080E30100A0E38D0200EB284085E554
:10013000C4FEFFEBAC0000EA080050E33400000A04
:10014000040000CA010050E31200000A020050E35C
:100150000400001A050000EA100050E31C00000A29
:100160003F0050E33400000A0700A0E3F087BDE839
:100170000170C6E50100A0E3790200EB280095E5D7
:100180000200C0E3280085E50200A0E32C0085E51D
:10019000ACFEFFEB940000EA0270C6E50100A0E3AC
:1001A0006F0200EB280095E50100C0E3280085E51B
:1001B000A4FEFFEB0100A0E3690200EB340095E52B
:1001C0000800C0E3340085E59EFEFFEB2C8085E54A
:1001D000850000EA0270C6E50100A0E3600200EBC2
:1001E000280095E51000C0E3280085E595FEFFEBAB
:1001F0000100A0E35A0200EB340095E51000C0E3D3
:10020000340085E58FFEFFEB1000A0E32C0085E5B0
:10021000750000EA0270C6E50100A0E3500200EBA1
:10022000280095E50800C0E3280085E585FEFFEB82
:100230000800A0E32C0085E56B0000EA0170C6E52C
:100240000270C6E50100A0E3450200EB287085E5D9
:100250003F00A0E32C0085E57AFEFFEB620000EA98
:100260000400A0E18EFEFFEB000050E35E00000AF8
:100270000700A0E3F087BDE80100A0E3380200EB2F
:10028000340095E5010080E3340085E56DFEFFEB69
:10029000340095E5010010E3FCFFFF0A520000EA7C
:1002A0000100A0E32E0200EB340095E50100C0E35D
:1002B000020080E3340085E562FEFFEBFEFFFFEA0B
:1002C000040054E30000002A0440A0E3044044E298
:1002D0000100A0E3220200EB340095E50F1004E2D8
:1002E0000F0AC0E3010680E1340085E555FEFFEB0F
:1002F0003D0000EA0100A0E3190200EB340095E59F
:10030000040080E3340085E54EFEFFEB360000EA92
:100310000100A0E3120200EB340095E50400C0E305
:10032000340085E547FEFFEB2F0000EA0030A0E334
:100330000820A0E30410A0E30300A0E1FEFEFFEB11
:10034000000054E30100000A0C4086E5260000EAA4
:100350000C7086E5240000EA0100A0E3000200EB37
:10036000340095E5800010E30100000A008084E578
:100370001D0000EA007084E51B0000EA0280C6E56B
:100380000100A0E3F60100EB340095E570109FE555
:10039000010000E0340085E52AFEFFEB0100A0E348
:1003A000EF0100EB340095E50F1AC4E30F04C0E33E
:1003B000FF08C0E3010880E1100080E3340085E518
:1003C00020FEFFEB0280C6E50100A0E3E40100EBA4
:1003D000280095E5100080E3280085E519FEFFEB75
:1003E000000059E30000000A109086E50000A0E339
:1003F000F087BDE80700A0E3F087BDE8004000B843
:10040000C4070300EFFF00F010402DE958C29FE53C
:1004100014209CE5FF3002E20030C1E518209CE585
:10042000102081E544229FE5000050E30300000A0C
:10043000010050E30600000A0700A0E31080BDE8B9
:1004400010409CE5184082E50CC09CE51CC082E58C
:10045000030000EA20409CE5184082E51CC09CE5B2
:100460001CC082E518C092E50FC60CE22CCAA0E1C0
:1004700020C082E518C092E50FC80CE22CC8A0E1AC
:1004800024C082E518C092E501CA0CE22CC6A0E1A6
:1004900028C082E518C092E50FCC0CE22CC4A0E184
:1004A0002CC082E518C092E530C00CE22CC2A0E15D
:1004B00030C082E518C092E50FC00CE234C082E57E
:1004C00020C092E50CC18CE08CC0A0E1244092E5F4
:1004D00004C08CE07DCE8CE21CC081E528C092E592
:1004E0000CC18CE08CC0A0E12C4092E504C08CE0F3
:1004F00018C081E530C092E50CC18CE08CC0A0E151
:10050000344092E504C08CE014C081E51CC092E543
:1005100003C60CE22CCAA0E138C082E51CC092E5FB
:100520000FC80CE22CC8A0E13CC082E51CC092E5DB
:1005300007CA0CE22CC6A0E140C082E51CC092E5CF
:100540000FCC0CE22CC4A0E144C082E51CC092E5B3
:1005500070C00CE22CC2A0E148C082E51CC092E54C
:100560000FC00CE24CC082E5000053E31300000A08
:10057000380092E5000180E08000A0E13C3092E587
:10058000030080E00C0081E5400092E5000180E07E
:100590008000A0E1443092E5030080E0080081E59E
:1005A000480092E5000180E08000A0E14C2092E547
:1005B000020080E0040081E50000A0E31080BDE8B7
:1005C000383092E5033183E08330A0E13CC092E50E
:1005D0000C3083E00C3081E5000050E30140A0E3E3
:1005E00002C0A0E30400000A0C0053E30E00002A3E
:1005F000000053E30800000A090000EA150053E375
:100600000300003A01C0C1E5140043E20C0081E59B
:10061000080000EA0140C1E5060000EA0C00A0E382
:100620000C0081E50140C1E5020000EA0C0043E254
:100630000C0081E501C0C1E5400092E5000180E0C9
:100640008000A0E1443092E5030080E0080081E5ED
:10065000480092E5000180E08000A0E14C2092E596
:10066000020080E0040081E5D2FFFFEA004000B80C
:10067000C4070300F0412DE90140A0E1181094E502
:10068000000051E30100000A0C0051E30100009A50
:100690000120A0E3000000EA0020A0E31C3094E564
:1006A0007D3E43E2630053E30100009A01C0A0E3F2
:1006B000000000EA00C0A0E30C5082E1142094E5A1
:1006C000000052E30100000A1F0052E30100009AFB
:1006D00001C0A0E3000000EA00C0A0E305C09CE167
:1006E0000100000A0100A0E3F081BDE8630053E3CC
:1006F0000100009A0100A0E3F081BDE8000051E391
:100700000100000A0C0051E30100009A0100A0E37F
:10071000F081BDE8000052E30100000A1F0052E32F
:100720000100009A0100A0E3F081BDE80010D4E5CB
:10073000000051E30300000A010051E30800000A31
:100740000300A0E3F081BDE80C2094E5000052E333
:100750000100000A0C0052E30600009A0300A0E327
:10076000F081BDE80C2094E5170052E30100009AE7
:100770000300A0E3F081BDE8082094E53B0052E3CC
:100780000100009A0300A0E3F081BDE8042094E595
:100790003B0052E30100009A0300A0E3F081BDE8B2
:1007A000102094E5060052E30100009A0400A0E343
:1007B000F081BDE8A0539FE5A0639FE5000050E3F2
:1007C0000070A0E30300000A010050E36900000A82
:1007D0000700A0E3F081BDE8000051E35100000AEA
:1007E0000170A0E30070C5E50100A0E3DC0000EBB0
:1007F000147086E513FDFFEB0C0094E50A10A0E3EE
:100800001EC7FFEB380085E53C1085E5080094E540
:100810000A10A0E319C7FFEB400085E5441085E509
:10082000040094E50A10A0E314C7FFEB480085E537
:100830004C1085E5380095E5000AA0E13C1095E5EF
:10084000010880E1401095E5010680E1441095E53E
:10085000010480E1481095E5010280E14C1095E526
:10086000010080E1180085E50100A0E3BC0000EB79
:10087000180095E50C0086E5F2FCFFEB1C0094E502
:100880000A10A0E37D0E40E2FCC6FFEB200085E5E8
:10089000241085E5180094E50A10A0E3F7C6FFEBE5
:1008A000280085E52C1085E5140094E50A10A0E3E6
:1008B000F2C6FFEB300085E5341085E5200095E5B4
:1008C000000AA0E1241095E5010880E1281095E5D3
:1008D000010680E12C1095E5010480E1301095E5DA
:1008E000010280E1341095E5010080E1180085E502
:1008F0000100A0E39A0000EB180095E5100086E5E2
:10090000D0FCFFEB0100A0E3950000EB100094E5A4
:10091000180086E5CBFCFFEB0000D4E5000050E3B7
:100920000C00000A110000EA0070C5E50100A0E318
:100930008B0000EB147086E5C2FCFFEB0100D4E5F0
:10094000020050E3ABFFFF1A0C0094E5140080E2B4
:100950000C0084E5A7FFFFEA0100D4E5020050E3A4
:100960000200001A0C0094E5140040E20C0084E53B
:100970000000A0E3F081BDE80100A0E3780000EBF7
:10098000340096E50800C0E3340086E5ADFCFFEBDB
:10099000087085E51C0094E50A10A0E37D0E40E296
:1009A000B6C6FFEB200085E5241085E5180094E528
:1009B0000A10A0E3B1C6FFEB280085E52C1085E501
:1009C000140094E50A10A0E3ACC6FFEB300085E507
:1009D000341085E51000D4E5800EA0E1A002A0E16E
:1009E000201095E5010A80E1241095E5010880E1D9
:1009F000281095E5010680E12C1095E5010480E1C1
:100A0000301095E5010280E1341095E5010080E1A8
:100A1000180085E50100A0E3510000EB180095E502
:100A2000200086E587FCFFEB0000D5E5000050E3E1
:100A30000500001A0100D4E5020050E30200001A8C
:100A40000C0094E5140080E20C0084E50C0094E5B1
:100A50000A10A0E389C6FFEB380085E53C1085E568
:100A6000080094E50A10A0E384C6FFEB400085E58A
:100A7000441085E5040094E50A10A0E37FC6FFEB6F
:100A8000480085E54C1085E52800D4E5800FA0E1FD
:100A9000A000A0E1381095E5010A80E13C1095E541
:100AA000010880E12410D4E5011001E2810E80E10B
:100AB000401095E5010680E1441095E5010480E1D0
:100AC0002010D4E5011001E2010E80E1481095E507
:100AD000010280E14C1095E5010080E1180085E5F8
:100AE0000100A0E31E0000EB180095E51C0086E560
:100AF00054FCFFEB0000D4E5000050E30500001AB1
:100B00000100D4E5020050E30200001A0C0094E555
:100B1000140040E20C0084E52C0094E5000050E352
:100B20000000000A080085E50030A0E30120A0E3F2
:100B30000410A0E30300A0E1FFFCFFEB0100A0E331
:100B4000070000EB340096E5080080E3340086E5FA
:100B50003CFCFFEB0000A0E3F081BDE8C40703000C
:100B6000004000B878402DE90050A0E135FCFFEBD3
:100B70008C309FE58C409FE5000055E30060A0E3CA
:100B80001200000A80009FE5040083E52DFCFFEBC6
:100B900000608DE5050000EA040093E5010810E31C
:100BA0000500001A00009DE5010080E200008DE5CF
:100BB00000009DE5040050E1F6FFFFBA00009DE54E
:100BC000040050E10C00001A0600A0E37880BDE8A4
:100BD00000608DE5050000EA040093E5000050E3A5
:100BE0000500000A00009DE5010080E200008DE59F
:100BF00000009DE5040050E1F6FFFFBA0000A0E30D
:100C00007880BDE8004000B8FF0F000065A9000033
:100C1000F0412DE90050A0E10140A0E1E8809FE50E
:100C20000060A0E30000D8E59970A0E3400010E365
:100C30000600000A0060C4E50160C4E50260C4E586
:100C40000370C4E50470C4E50570C4E5F081BDE837
:100C50001C00D5E57D0E40E2FF0000E2D0D5FFEBA1
:100C60000000C4E51800D5E5CDD5FFEB0100C4E5D3
:100C70001400D5E5CAD5FFEB0200C4E50C00D5E5AC
:100C8000C7D5FFEB0300C4E50800D5E5C4D5FFEBED
:100C90000400C4E50400D5E5C1D5FFEB0500C4E5BB
:100CA0000010D4E5990051E30D00008A0110D4E54D
:100CB000120051E30A00008A0210D4E5310051E32A
:100CC0000700008A0310D4E5230051E30400008AE2
:100CD0000410D4E5590051E30100008A590050E3A3
:100CE000D9FFFF9A0060C4E50160C4E50260C4E575
:100CF0000370C4E50470C4E50570C4E5000098E520
:100D0000400080E3000088E5F081BDE8B001030009
:100D1000F8402DE90060A0E10040A0E350109FE5FD
:100D2000060486E0860480E0005181E0080000EAC5
:100D3000840084E080C185E014109CE5000051E34C
:100D40000700000A00108DE50F009CE9FFD7FFEBBC
:100D5000014084E2000C95E5040050E1F3FFFFCA76
:100D6000F880BDE800608DE50F009CE922D8FFEB1C
:100D7000F6FFFFEA043A040070402DE90040A0E3CA
:100D800084609FE584509FE5001096E5200084E292
:100D9000800180E0010080E02AD0FFEB031014E224
:100DA0000600000A010051E30700000A020051E3B7
:100DB0000900000A030051E30E00001A0A0000EACD
:100DC0002411A0E1010285E70A0000EA2411A0E154
:100DD000011285E0040081E5060000EA2411A0E18B
:100DE000011285E0080081E5020000EA2411A0E17B
:100DF000011285E00C0081E5010084E20148C0E3B6
:100E0000400054E3DFFFFF3A7080BDE8C0010300FB
:100E1000E00B030010402DE9520700EBBB3100EB63
:100E20000119A0E3050DA0E352DFFFEB021AA0E3D6
:100E3000050DA0E34FDFFFEB50409FE50400A0E16C
:100E4000E62C00EB011AA0E3050DA0E349DFFFEB60
:100E50000010A0E30400A0E1E02C00EB011081E20F
:100E6000FF1001E2C80051E3F9FFFF3A983100EBAF
:100E70001C009FE5D92C00EB011AA0E3050DA0E3AF
:100E800004E0FFEB0400A0E11040BDE8D32C00EA31
:100E9000FC0800000C300000F0432DE95FDF4DE25C
:100EA0000290A0E308039FE53AD4FFEB0120A0E302
:100EB000031C8FE20000A0E3B63500EBF8029FE5CB
:100EC0000120A0E3BB1F8FE2B23500EBBB1F8FE216
:100ED000120E8DE2E13600EBF4529FE5050050E37F
:100EE0000600000AEC629FE50D40A0E1000096E5D7
:100EF000541090E5010011E30600000A080000EA22
:100F0000000095E5020880E3000085E50000A0E30D
:100F10005FDF8DE2F083BDE8580090E5010010E34B
:100F20003D00000A0D10A0E1120E8DE2B83700EB73
:100F3000000050E33800001A1A00DDE5000050E31D
:100F40003500000A2E0050E3E7FFFF0A0C00DDE544
:100F5000100010E3E4FFFF1A0620A0E39E1F8FE2BB
:100F60001A0084E22EBFFFFA000050E3DEFFFF1AF2
:100F70009B1F8FE21A0084E21FBFFFFA000050E3BC
:100F80000400001A261E8FE21A0084E21ABFFFFA3C
:100F9000000050E3D4FFFF0A14629FE52A10A0E38B
:100FA000120086E2B7BFFFEB1A0084E24CBFFFFAE3
:100FB0000020A0E11A1084E2120086E25FBFFFEB7E
:100FC0000120A0E3001086E2400086E2923500EBAB
:100FD000000050E31000001A1A0084E240BFFFFA3C
:100FE000180050E30700003A1A0084E23CBFFFFA01
:100FF000280050E30300008A0190A0E31F0E8FE257
:10100000D46600EB040000EA1A0084E234BFFFFA61
:101010000A0050E30000001A0090A0E3E0819FE581
:10102000E0419FE5E0619FE5010059E30070A0E326
:101030000600000A000059E38B00000A000095E555
:10104000020880E3000085E50000A0E3AFFFFFEAAF
:10105000140096E5000050E30300001AAC019FE580
:10106000AEBCFFFA100086E5140086E5140096E594
:10107000000050E30D00000A000094E52010A0E3FA
:10108000FB5F00EB000094E5020180E3100086E5C1
:101090007C219FE57C019FE50030A0E3933300EBCA
:1010A000000050E30500000A0000A0E397FFFFEAFC
:1010B00060019FE5753300EB0000A0E393FFFFEABA
:1010C0000309A0E3200086E574718DE570718DE55C
:1010D000200096E5021980E2FD1D81E278118DE580
:1010E00078119DE53F0011E31D00001A030950E34C
:1010F0000900000A20319FE518019FE5001094E5E2
:101100000228A0E3A23600EB0090A0E1240096E5BF
:10111000020850E31700001A0B0000EAFC008FE2FF
:101120008C6600EBF0309FE5E8009FE5101096E537
:101130000228A0E3963600EB0090A0E1E8008FE2E1
:10114000846600EB335C00EBEFFFFFEA000059E33D
:101150000800001A78119DE5000094E50120A0E345
:101160004B0200EB200096E5010080E2200086E5BE
:10117000FB0C50E3D3FFFF3A140096E5000050E368
:101180002C00000A80BCFFFA107086E5147086E51A
:1011900080009FE53D3300EB000050E32900000A8A
:1011A000000095E5010280E3000085E50000A0E372
:1011B00056FFFFEA70A50400333A0000C837040068
:1011C000333A2F42454C4D4F4E545F4241434B55AD
:1011D00050000000B0010300A40803004241434B4B
:1011E000555000002E747874000000002E5458549E
:1011F0000000000066696C655F666F726D61743D2A
:10120000310D0A0070010300CC000300DC02030072
:10121000400002001600FE05B0A504000003030014
:10122000665F72656164310D0A000000665F726579
:101230006164320D0A00000028001FE5133300EB43
:101240000000A0E331FFFFEA200096E5FB0C50E32D
:101250000100000A0000A0E32CFFFFEAFC0000EB05
:101260000070C8E50100A0E328FFFFEA0020A0E32A
:1012700060001FE50230A0E11C3300EB000050E3EA
:101280000100000A0000A0E320FFFFEAB0009FE594
:10129000200086E574718DE570718DE5200096E57E
:1012A00078018DE578019DE53F0010E30D00001AFF
:1012B0009C301FE5A4001FE5001094E50228A0E380
:1012C000333600EB241096E5020851E30A00001AB9
:1012D000000050E30800001A78119DE5000094E535
:1012E0000120A0E3EA0100EB200096E5010080E286
:1012F000200086E57B0B50E3E5FFFF3AEC001FE59D
:10130000E23200EB000050E30400000A000095E523
:10131000010280E3000085E50000A0E3FBFEFFEA98
:10132000200096E57B0B50E30100000A0000A0E3DB
:10133000F6FEFFEAC60000EB0070C8E50100A0E37E
:10134000F2FEFFEA407F0100FE4F2DE90050A0E1D0
:101350000170A0E103A0A0E1BC029FE5104090E570
:10136000B8B29FE5B820CBE1B4029FE518908BE2BC
:101370000020D0E5000099E5071085E0340052E335
:10138000020680E3041041E00500002A94229FE554
:10139000020051E10800003A000089E50500A0E1E3
:1013A000FE8FBDE880229FE5020051E10200003A75
:1013B000000089E50500A0E1FE8FBDE80560A0E121
:1013C000910000EA0000A0E300008DE504008DE537
:1013D000A505A0E108008DE508009DE540008BE52E
:1013E00034829FE5100098E5040050E12B00001ABC
:1013F00002005AE32900001A08009DE53F0010E3AF
:101400002600000A08009DE53F0000E20400CBE54D
:1014100008109DE5000041E008008DE508109DE5FD
:101420000C0098E50120A0E3B0E9FFEB120000EA10
:101430000C1098E5022BA0E3800581E00410A0E1E8
:101440003EBEFFEB024B84E2026B86E2025B85E26A
:10145000070054E10500003ABC019FE508109DE536
:101460000C0090E50120A0E3890100EB680000EA90
:101470000400DBE5010080E20400CBE50400DBE5CD
:10148000400050E3E9FFFF3A08109DE50C0098E5A5
:101490000120A0E37E0100EB024B44E2590000EA88
:1014A00010009BE5022BA0E30410A0E123BEFFEB9C
:1014B0000000A0E374819FE5010080E20108C0E321
:1014C000080050E1FBFFFF3A08009DE53F0010E3F4
:1014D0000700001A020884E2070050E10100009AA8
:1014E00002005AE30B00000A08009DE52003A0E17A
:1014F00003EEFFEB0000A0E3010080E20108C0E37F
:10150000080050E1FBFFFF3A08009DE50005A0E15F
:101510002088A0E11E0000EAFC509FE508109DE530
:101520000C0095E50120A0E370E9FFEB0000A0E3CB
:101530000400CBE5090000EA0410DBE50C0095E5AA
:10154000022BA0E3810580E00410A0E1FBBDFFEBCE
:101550000400DBE5010080E20400CBE5024B84E2FD
:10156000070054E1F3FFFF3A08109DE50C0095E5F4
:101570000120A0E3460100EB250000EA0800A0E1FD
:101580006DC7FFEB85C7FFEB000099E5020110E393
:101590000600001A08009DE510209BE5023BA0E331
:1015A0000010A0E3E6EEFFEB010050E3F2FFFF0ABC
:1015B000026B86E2025B85E264009FE50000D0E5F5
:1015C000340050E30700002A58009FE5000056E170
:1015D0000C00003A000099E5020680E3000089E56E
:1015E0000500A0E1FE8FBDE83C009FE5000056E14C
:1015F0000400003A000099E5020680E3000089E556
:101600000500A0E1FE8FBDE8024B84E2070054E133
:101610006BFFFF3A0600A0E1FE8FBDE8A035030096
:1016200098010300450003000000220B0000F20BAC
:101630001804000014C09FE514C09CE580018CE0F4
:10164000B020C0E1B230C0E1041080E51EFF2FE100
:10165000A0350300FF472DE90700A0E3850800EB54
:10166000D0439FE50400A0E12CBBFFFAC8539FE5DF
:10167000140085E52010A0E37D5E00EB200080E2F1
:10168000020180E3140085E50400A0E123BBFFFA1A
:10169000180085E52010A0E3755E00EB200080E2D5
:1016A000020180E3180085E5000050E30100000A14
:1016B0000217A0E3F3BDFFEB80039FE517BBFFFA22
:1016C000200085E52010A0E3695E00EB200080E2A9
:1016D000020180E3200085E5000050E30100000ADC
:1016E0000117A0E3E7BDFFEB54039FE50BBBFFFA37
:1016F0001C0085E52010A0E35D5E00EB200080E289
:10170000020180E31C0085E5210DA0E303BBFFFA85
:1017100030439FE5000084E52010A0E3545E00EB19
:10172000200080E2020180E3000084E5021BA0E3C8
:10173000D4BDFFEB10039FE5F8BAFFFA0C439FE519
:10174000000084E52010A0E3495E00EB200080E269
:10175000020180E3000084E5F4129FE5C9BDFFEBC0
:10176000F0029FE5EDBAFFFAEC429FE5000084E548
:101770002010A0E33E5E00EB200080E2020180E347
:10178000000084E5021AA0E3BEBDFFEBCC029FE59A
:10179000E2BAFFFAC8629FE5080086E52010A0E3E0
:1017A000335E00EB200080E2020180E3080086E562
:1017B000B0129FE5000081E5210DA0E3D7BAFFFA42
:1017C000A4429FE5000084E52010A0E3285E00EB22
:1017D000200080E2020180E3000084E5021BA0E318
:1017E000A8BDFFEB110DA0E3CCBAFFFA7C429FE548
:1017F000000084E52010A0E31D5E00EB200080E2E5
:10180000020180E3000084E5011BA0E39DBDFFEB26
:10181000810DA0E3C1BAFFFA54429FE5000084E5C0
:101820002010A0E3125E00EB200080E2020180E3C2
:10183000000084E5021AA0E392BDFFEB210DA0E3B6
:10184000B6BAFFFA2C429FE5000084E52010A0E321
:10185000075E00EB200080E2020180E3000084E5E7
:10186000021BA0E387BDFFEB0010A0E308229FE569
:10187000553FA0E30100A0E1A4EDFFEB0070A0E361
:101880000C708DE50000A0E3EC419FE50C109DE598
:101890000020D4E7021081E00C108DE5010080E209
:1018A0000108C0E3150E50E3F7FFFF3ACC919FE526
:1018B000CCA19FE50000D9E5C8819FE5010050E378
:1018C0000200000A000050E31D00000A290000EA9F
:1018D0000810A0E3070DA0E364DDFFEB000050E378
:1018E0002400000A080094E50A0050E10600001AEE
:1018F0000C009DE5501194E5010050E10200001A32
:101900000C0094E5500050E31A00009A0000D8E55E
:10191000010050E31700001A0600A0E3D50700EB12
:101920000000A0E3F6ECFFEB0010A0E348219FE5E8
:10193000553FA0E30100A0E101EEFFEB245400EBD2
:10194000FEFFFFEA080094E50A0050E10600001AD5
:101950000C009DE5501194E5010050E10200001AD1
:101960000C0094E5500050E30200009A0000D8E516
:10197000010050E30300000A0000D8E5000050E336
:101980000B00000A0B0000EA0600A0E3B90700EB19
:101990000000A0E3DAECFFEB0010A0E3D8209FE505
:1019A000553FA0E30100A0E1E5EDFFEB085400EB9B
:1019B000FEFFFFEA0C7084E5140095E5C8109FE572
:1019C0000420A0E349E8FFEBC0109FE5080096E57E
:1019D0000120A0E345E8FFEB94C6FFEB0000D9E54A
:1019E000000050E31200001A0D20A0E10110A0E356
:1019F0000000A0E328F8FFEB0008A0E12008A0E128
:101A0000FF1C40E2FF1051E20900000A00109DE5B2
:101A1000320E51E30600001A04109DE51E0E51E33C
:101A20000300001A001095E5083095E50D20A0E1AF
:101A3000C34F00EBFF87BDE840000800A03503005E
:101A40004000040040B80B00BC0103000406000085
:101A5000C0010300C405000041200000280203006B
:101A600040000200C4000300E00D03007800030002
:101A70007C000300A400030074000300F461040070
:101A8000400003003938373641000300407E010032
:101A9000407F0100F74F2DE910D04DE20190A0E109
:101AA00010B29FE50080A0E300808DE53F0019E3C0
:101AB0000200000A0000A0E31CD08DE2F08FBDE818
:101AC000F4019FE50110A0E30210C0E50050A0E37F
:101AD000710000EA04808DE508808DE5057089E0DD
:101AE0000C708DE50C009DE53F0010E30200001A2C
:101AF0000C009DE52003A0E181ECFFEB10009DE5CB
:101B0000022BA0E3851580E0B0019FE58BBCFFEBC5
:101B10000000A0E3A4119FE500209DE50030D1E77F
:101B2000036082E000608DE5010080E2020B50E37B
:101B3000F8FFFF3A84219FE50C009DE5023BA0E3FE
:101B40000010A0E37EEDFFEB000050E30500000A6B
:101B50000C009DE50005A0E12008A0E1F6C5FFEB23
:101B60000EC6FFEBCFFFFFEA0000A0E3010080E21A
:101B70000108C0E3020B50E3FBFFFF3A38419FE549
:101B80000C009DE5242094E5023BA0E30010A0E3B7
:101B9000DEECFFEB24019FE5241094E5022BA0E38B
:101BA0001FBCFFFA000050E30500000A0C009DE591
:101BB0000005A0E12008A0E1DFC5FFEBF7C5FFEBC2
:101BC000B8FFFFEA3F00A0E30500D0E13100001AB2
:101BD0000040A0E3E8A09FE53F7047E204019AE7D8
:101BE000000057E12700001A060054E304F18F308B
:101BF000200000EA1D0000EA190000EA150000EAD2
:101C0000110000EA080000EAFFFFFFEA0000DBE540
:101C1000010080E30000CBE5A8009FE5001090E5FF
:101C2000A4009FE5001080E5120000EA0000DBE55B
:101C3000020080E30000CBE588009FE5001090E5FE
:101C400084009FE5001080E50A0000EA0300A0E39D
:101C5000670700EB070000EA0200A0E3640700EB5F
:101C6000040000EA0100A0E3610700EB010000EAC4
:101C70000000A0E35E0700EB50009FE5046180E7F1
:101C80000700A0E35A0700EB014084E2060054E39A
:101C9000D1FFFF3A00808DE5015085E218009DE5F7
:101CA000000355E18AFFFF3A0C009FE50280C0E582
:101CB0000100A0E37FFFFFEA420303009801030055
:101CC00068640400DCF70200BC0503004C03030059
:101CD00050A8040010402DE97A0300EBE8409FE58E
:101CE0003C2094E5401094E50000A0E3010052E19F
:101CF0000C00002A401094E5000051E30900000A9E
:101D0000401094E53C2094E5021041E0FA0F51E3C5
:101D10000300009AB011D4E1B211C4E13C0084E5A3
:101D2000400084E51080BDE83C1094E5402094E537
:101D3000020051E10400003A401094E5FA0F51E32B
:101D40000100009A3C0084E5400084E5B001D4E144
:101D5000B211D4E1010050E11900000A0120A0E312
:101D60000820C4E5022BA0E320DBFFEB0020A0E16C
:101D70000030A0E3381094E5090000EAB2C1D4E1D4
:101D8000300094E50C00D0E70300C1E7B201D4E1D4
:101D9000010080E27E0BC0E3B201C4E1010083E2F6
:101DA0000138C0E3020053E1F3FFFF3A400094E53D
:101DB000020080E0400084E510009FE50800D0E5C7
:101DC000506A00EB1040BDE8400300EA4400030005
:101DD000E035040008009FE5201190E504008FE243
:101DE0005C6300EA002000B8495352206E6F7420F3
:101DF000666F756E64212049534E523D25640A007A
:101E0000F8432DE90000A0E300008DE54C029FE5BA
:101E10000000D0E5030050E38F00001A0140A0E36A
:101E20003C829FE53C529FE53C629FE53C929FE5EA
:101E3000040285E0080090E5080050E300F18F30CF
:101E4000620000EA610000EA050000EA110000EA11
:101E5000320000EA3D0000EA470000EA460000EADE
:101E6000500000EA0300D8E5F00050E35700002AD4
:101E7000041295E72002A0E1051481E2FA1881E23C
:101E8000A115A0E1001381E0040196E70120A0E381
:101E9000FFFEFFEB4D0000EA0370D8E5F00057E3CA
:101EA0004A00002AC8019FE56410A0E3000090E505
:101EB00072C1FFEBBC119FE5BC219FE5B010D1E1E1
:101EC000920101E0810180E0B0119FE5001091E5F1
:101ED000000041E000008DE5040196E70F1007E2E5
:101EE000810680E0040080E20420A0E30D10A0E160
:101EF00092BBFFEB040295E70310D8E5050480E2EE
:101F0000FA0880E2A005A0E12112A0E1011380E01F
:101F1000040196E70120A0E3DDFEFFEB2B0000EAC1
:101F2000040295E70120A0E3050480E2FA0880E2BC
:101F3000A015A0E1040196E7D5FEFFEB040196E7AA
:101F40003C119FE50120A0E3D1FEFFEB1F0000EA5A
:101F5000040295E7841084E0050480E2011199E70A
:101F6000FA0880E2A005A0E1011380E0040196E7F1
:101F70000120A0E3C6FEFFEB140000EA040295E78F
:101F8000841084E0050480E2011199E7FA0880E2F8
:101F9000A005A0E1011380E0040196E70120A0E381
:101FA000BBFEFFEB090000EA040295E7841084E021
:101FB000050480E2011199E7FA0880E2A005A0E19A
:101FC000011380E0040196E70120A0E3B0FEFFEBDF
:101FD000010084E2FF4000E2100054E393FFFF3A67
:101FE000A0009FE50810A0E3000090E56813C0E59D
:101FF0008C13C0E590009FE50000D0E5400010E3A1
:102000000300000A9900A0E30400C8E50500C8E544
:10201000040000EA74009FE50010D0E50410C8E554
:102020000100D0E50500C8E5A13500EB160700EB7F
:10203000E67000EBE60B00EB58409FE550109FE583
:10204000000094E50120A0E391FEFFEB48109FE51E
:10205000000094E50120A0E38DFEFFEBF883BDE8CE
:102060007001030018350300E00B0300E00D0300CE
:10207000787404008C0003002002030085EB5100FB
:102080008800030080EB0100C0010300B0010300E1
:10209000B0000300C0EB0100CC000300407F010052
:1020A00008209FE5000082E5041082E51EFF2FE175
:1020B0002C00030070402DE90040A0E10150A0E198
:1020C0000260A0E10030A0E30320A0E10910A0E33A
:1020D0000300A0E1375C00EB0010A0E30620A0E3C2
:1020E0000100A0E1735D00EB0030A0E30320A0E15C
:1020F0000310A0E10300A0E12E5C00EB0000A0E3D0
:10210000FE5B00EB000050E3FBFFFF1A0030A0E392
:102110000320A0E10A10A0E30300A0E1255C00EB8E
:102120000030A0E30320A0E10910A0E30300A0E138
:10213000205C00EB0010A0E30220A0E30100A0E17E
:102140005C5D00EB0030A0E30320A0E10310A0E100
:102150000300A0E1175C00EB0000A0E3E75B00EBED
:10216000000050E3FBFFFF1A0404A0E1202CA0E1D3
:102170000010A0E30100A0E14E5D00EB0030A0E301
:102180000320A0E10310A0E10300A0E1095C00EB43
:102190000000A0E3D95B00EB000050E3FBFFFF1A57
:1021A0000408A0E1202CA0E10010A0E30100A0E1C0
:1021B000405D00EB0030A0E30320A0E10310A0E1AC
:1021C0000300A0E1FB5B00EB0000A0E3CB5B00EBB6
:1021D000000050E3FBFFFF1A0010A0E3FF2004E221
:1021E0000100A0E1335D00EB0030A0E30320A0E19B
:1021F0000310A0E10300A0E1EE5B00EB0000A0E310
:10220000BE5B00EB000050E3FBFFFF1A0040A0E3C1
:102210000D0000EA0010A0E30420D5E70100A0E1D2
:10222000245D00EB0030A0E30320A0E10310A0E157
:102230000300A0E1DF5B00EB0000A0E3AF5B00EB7D
:10224000000050E3FBFFFF1A014084E2060054E166
:10225000EFFFFF3A0030A0E30320A0E10A10A0E363
:102260000300A0E1D35B00EB7040BDE84A0100EA47
:10227000F0412DE90060A0E10170A0E10250A0E171
:10228000060AB0E11B00001A010A55E31900008A92
:102290000600A0E1E50000EB010C55E30100009A07
:1022A000014CA0E3110000EA0540A0E10F0000EAA4
:1022B0000420A0E10710A0E10600A0E17CFFFFEBF5
:1022C000040045E00058A0E12558A0E1000055E3D6
:1022D0000100000A047087E0046086E0010C55E309
:1022E0000100009A014CA0E3000000EA0540A0E1D3
:1022F000000054E3EDFFFF1AF081BDE870402DE9C6
:102300000050A0E10160A0E10508B0E10E00001A54
:10231000020852E30C00001A0040A0E3012AA0E3E7
:102320000610A0E10500A0E1D0FFFFEB1F0054E381
:102330000100000A015A85E2016A86E2010084E296
:102340000148C0E3200054E3F3FFFF3A7080BDE88A
:1023500070402DE90040A0E10150A0E10260A0E141
:102360000030A0E30320A0E10910A0E30300A0E1F6
:10237000905B00EB0010A0E30320A0E30100A0E1CC
:10238000CC5C00EB0030A0E30320A0E10310A0E14F
:102390000300A0E1875B00EB0000A0E3575B00EBCC
:1023A000000050E3FBFFFF1A0404A0E1202CA0E191
:1023B0000010A0E30100A0E1BE5C00EB0030A0E350
:1023C0000320A0E10310A0E10300A0E1795B00EB92
:1023D0000000A0E3495B00EB000050E3FBFFFF1AA5
:1023E0000408A0E1202CA0E10010A0E30100A0E17E
:1023F000B05C00EB0030A0E30320A0E10310A0E1FB
:102400000300A0E16B5B00EB0000A0E33B5B00EB93
:10241000000050E3FBFFFF1A0010A0E3FF2004E2DE
:102420000100A0E1A35C00EB0030A0E30320A0E1E9
:102430000310A0E10300A0E15E5B00EB0000A0E35D
:102440002E5B00EB000050E3FBFFFF1A0040A0E30F
:10245000110000EA0020A0E30210A0E10200A0E1C8
:10246000945C00EB0030A0E30320A0E10310A0E1A6
:102470000300A0E14F5B00EB0000A0E31F5B00EB5B
:10248000000050E3FBFFFF1A0010A0E30100A0E1F1
:10249000705C00EB0400C5E7014084E2060054E1F3
:1024A000EBFFFF3A7040BDE8BB0000EAF0412DE9C8
:1024B0000060A0E10170A0E10250A0E1060AB0E1D5
:1024C0001900001A010A55E31700008A010C55E3B0
:1024D0000100009A014CA0E3110000EA0540A0E1D0
:1024E0000F0000EA0420A0E10710A0E10600A0E12F
:1024F00096FFFFEB040045E00058A0E12558A0E15D
:10250000000055E30100000A046086E0047087E0E3
:10251000010C55E30100009A014CA0E3000000EA21
:102520000540A0E1000054E3EDFFFF1AF081BDE893
:1025300070402DE90050A0E10160A0E10508B0E184
:102540000E00001A020852E30C00001A0040A0E33B
:10255000012AA0E30610A0E10500A0E1D2FFFFEBF5
:102560001F0054E30100000A015A85E2016A86E275
:10257000010084E20148C0E3200054E3F3FFFF3A86
:102580007080BDE810402DE90030A0E30320A0E1F9
:102590000910A0E30300A0E1065B00EB0010A0E33C
:1025A0000520A0E30100A0E1425C00EB0030A0E3C5
:1025B0000320A0E10310A0E10300A0E1FD5A00EB1D
:1025C0000000A0E3CD5A00EB000050E3FBFFFF1A30
:1025D0000020A0E30210A0E10200A0E1355C00EBC6
:1025E0000030A0E30320A0E10310A0E10300A0E17C
:1025F000F05A00EB0000A0E3C05A00EB000050E3EB
:10260000FBFFFF1A0010A0E30100A0E1115C00EB4A
:10261000FF4000E20030A0E30320A0E10A10A0E3A5
:102620000300A0E1E35A00EB0400A0E11080BDE844
:1026300010402DE90040A0E10030A0E30320A0E11C
:102640000910A0E30300A0E1DA5A00EB0010A0E3B8
:102650000620A0E30100A0E1165C00EB0030A0E33F
:102660000320A0E10310A0E10300A0E1D15A00EB98
:102670000000A0E3A15A00EB000050E3FBFFFF1AAB
:102680000030A0E30320A0E10A10A0E30300A0E1D2
:10269000C85A00EB0030A0E30320A0E10910A0E33A
:1026A0000300A0E1C35A00EB0010A0E32020A0E348
:1026B0000100A0E1FF5B00EB0030A0E30320A0E1FC
:1026C0000310A0E10300A0E1BA5A00EB0000A0E370
:1026D0008A5A00EB000050E3FBFFFF1A0404A0E15C
:1026E000202CA0E10010A0E30100A0E1F15B00EBD1
:1026F0000030A0E30320A0E10310A0E10300A0E16B
:10270000AC5A00EB0000A0E37C5A00EB000050E361
:10271000FBFFFF1A0408A0E1202CA0E10010A0E3B9
:102720000100A0E1E35B00EB0030A0E30320A0E1A7
:102730000310A0E10300A0E19E5A00EB0000A0E31B
:102740006E5A00EB000050E3FBFFFF1A0010A0E3FD
:10275000FF2004E20100A0E1D65B00EB0030A0E323
:102760000320A0E10310A0E10300A0E1915A00EBD7
:102770000000A0E3615A00EB000050E3FBFFFF1AEA
:102780000030A0E30320A0E10A10A0E30300A0E1D1
:10279000885A00EB1040BDE80000A0E110402DE990
:1027A00077FFFFEB010000E2000050E3FBFFFF1AA0
:1027B0001080BDE8FF20A0E30210A0E10000A0E32C
:1027C000BACFFFEAF0412DE90040A0E370009FE599
:1027D000000090E50251C0E368709FE5FF20A0E390
:1027E0000710A0E10500A0E1A2B9FFEB0060A0E3A3
:1027F000A400A0E1321EA0E320BFFFEB0100A0E196
:102800002810A0E31DBFFFEB000051E30000001AF9
:10281000B46085E1191DA0E30400A0E117BFFFEB40
:102820002810A0E315BFFFEB000051E30000001AE1
:10283000B46085E1024084E2070054E1EBFFFF3A17
:10284000F081BDE8A035030000B80B00FF412DE981
:102850000040A0E3C0008FE20E0090E80C0090E57D
:102860000C008DE50E008DE8BC009FE50080A0E324
:102870000C8080E5B4609FE5B4509FE50000D6E58C
:10288000010050E30400001A0080C6E5A4109FE593
:102890002A20A0E30000A0E324D3FFEB0400A0E182
:1028A00017E9FFEB0070A0E10710A0E188008FE2BC
:1028B000A86000EB000057E30300000A000095E564
:1028C000010080E2000085E5020000EA001095E5C5
:1028D00074008FE29F6000EB010084E20148C0E3D6
:1028E000020B54E3E4FFFF3A001095E558008FE235
:1028F000986000EB001095E5270051E30200009A74
:1029000054008FE2936000EBFEFFFFEA10D08DE2EF
:10291000F041BDE830008FE28E6000EA4241442081
:10292000424C4F434B203D2020000000F461040046
:102930006601030020010300105E040054705F7202
:102940006573203D2025640A0D00000054705F620D
:102950006164203D2025780A0D0000006E616E64E0
:10296000666C61736820657272626C6F636B0000E5
:1029700010402DE918009FE50000D0E5030050E36A
:102980000200001A100B00EB1040BDE85AD1FFEA1C
:102990001080BDE87001030010402DE9345100EBB8
:1029A0005A6200EB9B4700EBCB2B00EB2C009FE522
:1029B0000010D0E5010051E30700001A0010A0E369
:1029C0000010C0E51040BDE80330A0E30120A0E303
:1029D0000A10A0E33100A0E3E20E00EA1080BDE897
:1029E0004D00030010402DE980D3FFEB1040BDE8FF
:1029F000105000EA1EFF2FE170402DE994509FE532
:102A0000180095E5813700EB8C409FE5FA0F50E305
:102A10000200003A000094E5180085E562EAFFEB49
:102A2000140095E5793700EB000050E30200000A3E
:102A3000000094E5140085E5D6FFFFEB080095E55E
:102A4000723700EB640050E30200003A000094E5A6
:102A5000080085E5C5FFFFEB0C0095E56B3700EB43
:102A60007D0F50E30200003A000094E50C0085E57C
:102A7000DBFFFFEB100095E5643700EB320050E31D
:102A80000300003A000094E5100085E57040BDE8C1
:102A9000D7FFFFEA7080BDE87C010300BC0503009E
:102AA00010402DE918109FE50000A0E35B5F00EBEC
:102AB0001040BDE80120A0E3FA1FA0E30000A0E35E
:102AC000625F00EA001BB7000100A0E35D5900EA65
:102AD00010402DE920009FE50400D0E5020050E3FE
:102AE0000200001A0000A0E3565900EB480C00EB6E
:102AF0001040BDE80000A0E3525900EA6401030061
:102B000010402DE944009FE50120A0E34010A0E320
:102B1000F9F3FFEB1420A0E31010A0E30200A0E300
:102B200080D1FFEB0200A0E347D1FFEB20209FE51F
:102B30003110A0E30200A0E3675E00EB7F00A0E39A
:102B40001E5F00EB1040BDE83100A0E30F5C00EA1F
:102B5000180200B0387300000200A0E3B9D1FFEA08
:102B60000200A0E3D5D1FFEA10402DE9B0009FE5B7
:102B70000020A0E3FF1CA0E3DFF3FFEBA4009FE530
:102B80000020A0E3FF10A0E3DBF3FFEB98009FE53C
:102B90000020A0E3FF1AA0E3D7F3FFEB0130A0E38E
:102BA0000320A0E10C10A0E3010CA0E38FD8FFEB01
:102BB0000130A0E30320A0E1031CA0E3070DA0E384
:102BC0008AD8FFEB0130A0E30320A0E11810A0E3B6
:102BD000020CA0E385D8FFEB0410A0E3010CA0E3F6
:102BE000E4D7FFEB0810A0E3010CA0E3E1D7FFEB73
:102BF000011CA0E3070DA0E3DED7FFEB021CA0E35E
:102C0000070DA0E3DBD7FFEB0810A0E3020CA0E365
:102C1000D8D7FFEB1040BDE81010A0E3020CA0E3F2
:102C2000D4D7FFEA900000B0AC0000B0B00000B014
:102C300028009FE528209FE5020180E30C0082E543
:102C4000021980E2101082E50219A0E3001082E56B
:102C50000030A0E3043082E5080082E589B8FFEA8D
:102C6000808F090090080300F0412DE90040A0E1A9
:102C7000A8019FE5281190E58113B0E10100005AF9
:102C80000150A0E3000000EA0050A0E3280190E515
:102C90000004B0E10100005A0160A0E3000000EA76
:102CA0000060A0E378719FE50C1097E5010054E106
:102CB0000200003A101097E5010054E10400003AC8
:102CC0000400B0E15400000A0400A0E1F041BDE8B6
:102CD000ABB5FFEA000055E30100000A1800A0E3CD
:102CE0008D5B00EB000056E30100000A1700A0E333
:102CF000895B00EB7F0014E30E00000A101044E231
:102D00007F0011E30D00000A0410A0E1450F8FE2DF
:102D1000905F00EB000055E30100000A1800A0E3FB
:102D20009A5B00EB000056E33B00000AF041BDE86F
:102D30001700A0E3955B00EA801044E2EFFFFFEA92
:102D4000000091E5000050E30E00000A080091E544
:102D5000F8209FE5020050E11600000AF0009FE510
:102D60007C5F00EB000055E30100000A1800A0E3BF
:102D7000865B00EB000056E32700000AF041BDE847
:102D80001700A0E3815B00EA0410A0E1C4008FE219
:102D9000705F00EB000055E30100000A1800A0E39B
:102DA0007A5B00EB000056E31B00000AF041BDE82F
:102DB0001700A0E3755B00EA042091E50000A0E3A2
:102DC0000030A0E3020000EA003081E5801081E2DB
:102DD000010080E2020050E1FAFFFFBA000097E52F
:102DE000820380E0000087E5041097E5000062E2BE
:102DF000800381E0040087E5000055E30100000A3C
:102E00001800A0E3615B00EB000056E30200000A3B
:102E1000F041BDE81700A0E35C5B00EAF081BDE88B
:102E2000002000B8900803005553425F6672656544
:102E300020666174616C206572726F72206F6E2003
:102E4000616464726573733A20257821210A000059
:102E50008857681938FE02005553425F66726565EF
:102E600028292C207761726E696E67202D2074727C
:102E70007920746F206672656520612066726565D1
:102E800020626C6F636B3A2025780A00F34F2DE9BE
:102E90000CD04DE220B39FE508009BE508008DE5CE
:102EA0000040E0E300A0A0E310039FE5281190E5B7
:102EB0008113B0E10100005A0180A0E3000000EAA4
:102EC0000080A0E3280190E50004B0E10100005A71
:102ED0000190A0E3000000EA0090A0E3000058E3A6
:102EE0000100000A1800A0E30B5B00EB000059E3AF
:102EF0000100000A1700A0E3075B00EB0C009DE552
:102F000000209BE5020050E10D00003A0C109DE509
:102F1000AB0F8FE20F5F00EB000058E30100000AE7
:102F20001800A0E3195B00EB000059E30100000A60
:102F30001700A0E3155B00EB0000A0E314D08DE2C6
:102F4000F08FBDE808009BE510109BE5010050E103
:102F50000100003A0C009BE508008BE508509BE55A
:102F6000000095E5000050E32F00000A082095E5D9
:102F70006C129FE5010052E11100000A0C009BE574
:102F800010109BE5F000CDE10C309DE554029FE56B
:102F900008109BE500209BE5EE5E00EB000058E387
:102FA0000100000A1800A0E3F85A00EB000059E302
:102FB0000100000A1700A0E3F45A00EB0000A0E3B0
:102FC000DDFFFFEA030050E31300000A860F8FE2E3
:102FD000E05E00EB08009BE5800080E208008BE5E6
:102FE00008009BE510109BE5010050E10100009AEC
:102FF000220E8FE2D75E00EB08009BE510109BE5E8
:10300000010050E10200001A01A0A0E30C009BE5C2
:1030100008008BE50040E0E3550000EA040095E578
:10302000800385E008008BE5ECFFFFEA010074E314
:103030001200000A804084E2016086E20C009DE5F7
:10304000000054E1410000BA046087E590019FE56B
:10305000080087E500109BE5000066E2800381E040
:1030600000008BE504009BE5860380E004008BE50F
:1030700008708BE50000A0E30120A0E3180000EA3F
:103080000570A0E10160A0E310009DE5040050E39D
:10309000010000DA0040A0E3000000EA7040A0E375
:1030A000E5FFFFDA10109BE5800085E2010050E1AA
:1030B0000400002A10109DE5800085E2EFBCFFEBC4
:1030C000000051E3DCFFFF0A0040E0E3DAFFFFEA23
:1030D00008109BE5002081E5801081E208108BE557
:1030E000010080E2060050E1F8FFFFBA0300A0E310
:1030F000000087E510009DE5040050E3090000DAB8
:10310000000058E30100000A1800A0E39F5A00EBFA
:10311000000059E30100000A1700A0E39B5A00EBEE
:10312000800087E284FFFFEA000058E30100000A04
:103130001800A0E3955A00EB000059E30100000AD3
:103140001700A0E3915A00EB100087E27AFFFFEA34
:10315000800085E208008BE510109BE5010050E13E
:103160000300003A01A0A0E30C009BE508008BE5FA
:103170000040E0E300005AE377FFFF0A08109BE5F8
:1031800008009DE5000051E173FFFF3AA4008FE2C3
:10319000705E00EB000058E30100000A1800A0E395
:1031A0007A5A00EB000059E30100000A1700A0E37F
:1031B000765A00EB0000A0E35FFFFFEA90080300EF
:1031C000002000B85553425F6D616C6C6F63202D19
:1031D0002077616E743D25642C20667265653D25FF
:1031E000640A0000885768197CFE02005553425F4C
:1031F0006D616C6C6F63207761726E696E67202DF4
:10320000206E6F7420746865206669727374206222
:103210006C6F636B210A00005553425F6D616C6CEB
:103220006F63202D20626568696E64206C696D692A
:103230007421210A000000005553425F6D616C6CDF
:103240006F63202D204E6F2066726565206D656D61
:103250006F7279210A000000F0472DE90050A0E1CB
:103260000040A0E368819FE568919FE568619FE564
:10327000A175A0E1000054E30300001A050196E7E0
:103280000120A0E30710A0E118E2FFEB010054E3E6
:103290000300001A050196E70120A0E30910A0E150
:1032A00012E2FFEB0010A0E30030A0E3050196E777
:1032B0000320D0E7021081E0FF1001E2012083E249
:1032C0000138C2E3FA0F53E3F8FFFF3AE823D0E5F1
:1032D000010052E13000000A0020A0E30010A0E34A
:1032E000013080E0E933D3E5032082E0FF2002E2F1
:1032F000011081E20118C1E3FA0F51E3F7FFFF3A31
:10330000D117D0E5020051E11E00000A0020A0E321
:103310000010A0E3013080E0D237D3E5032082E043
:10332000FF2002E2011081E20118C1E3FA0F51E32C
:10333000F7FFFF3ABA1BD0E5020051E10B00000A8B
:10334000000054E30200000A010054E30200000AF6
:10335000110000EA0140A0E3C5FFFFEA0240A0E33C
:103360000120A0E30710A0E1E0E1FFEB0A0000EA82
:10337000051196E70820A0E1071C81E2D21081E246
:103380006EB6FFEB040000EA051196E7FA2FE0E3C2
:10339000021041E00820A0E168B6FFEB000054E312
:1033A0000300001A050196E70120A0E30910A0E13F
:1033B000B7F9FFEB010054E30400001A050196E79A
:1033C0000710A0E1F047BDE80120A0E3B0F9FFEA53
:1033D000F087BDE8E903000080EB0100E00D030089
:1033E00038109FE538009FE50020D1E5000090E50A
:1033F0000020C0E50120D1E50120C0E50220D1E593
:103400000220C0E50320D1E50320C0E50420D1E57A
:103410000420C0E50510D1E50510C0E51EFF2FE131
:10342000B6000300C0010300F74F2DE9D0D04DE2F4
:103430000040A0E10150A0E148039FE548639FE5FB
:10344000000090E5010050E30400000A000096E54A
:10345000020980E3000086E5DCD08DE2F08FBDE854
:103460000E0054E3FBFFFF8A040044E2060050E331
:10347000F8FFFF3A030054E30200008A9F0A00EBC2
:10348000000050E30200000A000054E30400000AB8
:10349000040000EA000096E5010880E3000086E5EC
:1034A000ECFFFFEAA4C7FFEB0A0054E30000001A98
:1034B000A1C7FFEB030054E30400008AB32F8FE29F
:1034C000B61F8FE210008DE289B4FFFA030000EA14
:1034D000B32F8FE2B11F8FE210008DE284B4FFFAA8
:1034E000C0829FE50000A0E3000088E5040088E5B5
:1034F000080088E5B0A29FE5B0929FE5B0729FE515
:103500000E0054E34200000A030054E31800008A4E
:10351000010054E30600000A020054E30800000A18
:10352000030054E30A00000A000054E30C00000A00
:10353000680000EA0110A0E30000A0E3A1C6FFEBD1
:10354000640000EA0210A0E30000A0E39DC6FFEBC8
:10355000600000EA0310A0E30000A0E399C6FFEBBF
:103560005C0000EA0010A0E30100A0E195C6FFEBBB
:10357000580000EA0B0054E30600000A0C0054E374
:103580000900000A0D0054E30C00000A0A0054E38D
:103590000F00000A120000EA0120A0E3851F8FE25D
:1035A0007F0F8FE293C7FFEB0D0000EA0220A0E33C
:1035B000021C8FE27A0F8FE28EC7FFEB080000EA51
:1035C0000320A0E37B1F8FE2750F8FE289C7FFEB1B
:1035D000030000EA0020A0E3761F8FE2070D8FE2D0
:1035E00084C7FFEB0000DAE5000050E33900000A71
:1035F000140099E5C8119FE5060880E20120A0E3C8
:1036000023F9FFEB2CE1FFEB4F00A0E3E6C6FFEB55
:10361000300000EA0040A0E32B0000EAB030D5E122
:1036200010208DE2671F8FE290008DE230B4FFFA28
:10363000B030D5E15F2F8FE2621F8FE250008DE244
:103640002BB4FFFAB000D5E1FF0C50E31C00003AA8
:1036500090008DE221C6FFEB000050E33B00000A22
:10366000B000D5E108208DE20010A0E30AF1FFEBE5
:10367000010070E33900000A0200A0E30000C7E582
:1036800050108DE290008DE23E0F00EB00B0A0E103
:103690000000DAE5000050E30700000A140099E595
:1036A0001C119FE5060880E20120A0E3F8F8FFEB7B
:1036B00001E1FFEB4F00A0E3BBC6FFEB00005BE3C3
:1036C000040000CA025085E2014084E2D8009DE572
:1036D000000054E1D0FFFFBA0040A0E3180099E5D4
:1036E000840180E0040090E5000050E30100000A3E
:1036F0000201C0E324B3FFFA014084E2010854E36D
:10370000F5FFFF3A180099E50217A0E3DDB5FFEBDE
:10371000200099E50217A0E3DAB5FFEBB600D7E188
:10372000000050E31000000A6E1FA0E30A00A0E3AF
:103730005AFAFFEB0E0098E894008FE2E44300EBA6
:10374000000098E5000050E32D00000A2F0000EA79
:10375000000096E5010880E3000086E5DDFFFFEA52
:103760000100A0E30000C7E5C4FFFFEA6E1FA0E36D
:103770000A00A0E349FAFFEB0E0098E850008FE240
:10378000D44300EBEDFFFFEA30080300B001030073
:10379000333A2F42454C4D4F4E545F424D5000003E
:1037A00025730000333A0000E8610400470003007D
:1037B000A035030098010300313A2F555345525F5D
:1037C000424D5000007F010025732F253034782EA4
:1037D000626D7000636F707920626D702066696C35
:1037E0006520656E642C746F74616C202564207391
:1037F000756363657373202564206661696C656415
:1038000020256400000096E5010880E3000086E5BD
:103810000000E0E3B600C7E1040098E5000050E3D3
:103820000200001A000096E5010880E3000086E52A
:10383000000096E53E0610E30100000A0108C0E31F
:10384000000086E5000096E524109FE5010010E1E8
:1038500000FFFF1A1C00A0E304008DE5A63100EB79
:103860000030A0E304208DE20110A0E3870A00EB02
:10387000F8FEFFEA0000E10330402DE924D04DE2DC
:103880000050A0E12410A0E30D00A0E18DB5FFEBF6
:1038900040019FE538419FE5141090E5090055E38C
:1038A00005F18F30210000EA450000EA3F0000EA00
:1038B000390000EA330000EA2A0000EA240000EAA6
:1038C0001E0000EA1B0000EAFFFFFFEA08019FE577
:1038D0002420A0E30D10A0E19CFAFFEB000094E58A
:1038E0000920A0E30D10A0E11B0080E213B5FFEB5F
:1038F000000094E50920A0E30D50A0E109108DE23D
:10390000240080E20DB5FFEB000094E50920A0E360
:10391000121085E26C0080E208B5FFEB000094E530
:103920000920A0E31B1085E2750080E203B5FFEBE0
:1039300024D08DE23080BDE843CAFFEBFBFFFFEAF5
:1039400098109FE5552FA0E3FF08A0E3D6FAFFEB00
:10395000F6FFFFEA88209FE5001094E5FD08A0E34C
:10396000D1FAFFEBF1FFFFEA7C109FE574009FE5C1
:103970000010D1E574209FE5011190E7FB08A0E35A
:10398000C9FAFFEBE9FFFFEA061881E20228A0E38B
:10399000F908A0E3E5FAFFEBE4FFFFEA011781E293
:1039A0000228A0E3F708A0E3E0FAFFEBDFFFFFEA5D
:1039B000021881E20228A0E3F508A0E3DBFAFFEB9E
:1039C000DAFFFFEA0228A0E3F308A0E3D7FAFFEB4F
:1039D000D6FFFFEAC0010300A035030000F0FF009E
:1039E000F4610400C4050000E00D03003F03030080
:1039F000E903000030402DE924D04DE20050A0E161
:103A00002410A0E30D00A0E12EB5FFEB3C019FE5E3
:103A10003C119FE5004090E5141091E5090055E345
:103A200005F18F30200000EA440000EA3E0000EA81
:103A3000380000EA320000EA290000EA230000EA28
:103A40001D0000EA1A0000EAFFFFFFEA0920A0E3D8
:103A50001B1084E20D00A0E1B8B4FFEB0920A0E345
:103A6000241084E20D50A0E109008DE2B3B4FFEB15
:103A70000920A0E36C1084E2120085E2AFB4FFEBF2
:103A80000920A0E3751084E21B0085E2ABB4FFEBD4
:103A9000C0409FE50400A0E1E4FAFFEB2420A0E38E
:103AA0000D10A0E10400A0E181F9FFEB24D08DE22C
:103AB0003080BDE8EAC9FFEBFBFFFFEA98109FE505
:103AC000552FA0E3FF08A0E3E8F9FFEBF6FFFFEABC
:103AD00088209FE50410A0E1FD08A0E3E3F9FFEBD7
:103AE000F1FFFFEA7C109FE574009FE50010D1E52F
:103AF00074209FE5011190E7FB08A0E3DBF9FFEBE1
:103B0000E9FFFFEA061881E20228A0E3F908A0E332
:103B1000F9F9FFEBE4FFFFEA011781E20228A0E3D5
:103B2000F708A0E3F4F9FFEBDFFFFFEA021881E2F8
:103B30000228A0E3F508A0E3EFF9FFEBDAFFFFEAC4
:103B40000228A0E3F308A0E3EBF9FFEBD6FFFFEABE
:103B5000C0010300A035030000F0FF00F461040081
:103B6000C4050000E00D03003F030300E90300006B
:103B700070402DE9F348A0E3CF5A84E20400A0E1AD
:103B8000AAFAFFEB014A84E2050054E1FAFFFF9A2A
:103B9000BEC9FFEB7040BDE8B1C9FFEA10402DE996
:103BA000A4409FE50020A0E3FF14A0E30400A0E1EF
:103BB000D1EFFFEB0120A0E3BB14A0E30400A0E1E0
:103BC000CDEFFFEB244D84E180109FE50020A0E3C2
:103BD0000400A0E1C8EFFFEB74109FE50120A0E313
:103BE0000400A0E1C4EFFFEB0000A0E3545500EB9C
:103BF0000000A0E3515600EB0030A0E354209FE505
:103C00000210A0E30300A0E16A5500EB0030A0E33E
:103C10000820A0E30710A0E30300A0E1655500EB36
:103C20000030A0E30320A0E10810A0E30300A0E11E
:103C3000605500EB0030A0E31040BDE80320A0E198
:103C40000A10A0E30300A0E15A5500EA780000B092
:103C5000FF0F0000BB0B000080841E00000052E339
:103C6000011880E10100000A0200A0E3000000EA60
:103C70000000A0E3010080E1010080E304109FE563
:103C8000000081E51EFF2FE1041900B8F0412DE985
:103C90000040A0E38C609FE58C709FE5030014E278
:103CA0000600000A010050E30700000A020050E38A
:103CB0000900000A030050E30E00001A0A0000EA9F
:103CC0002401A0E1005296E70A0000EA2401A0E1E5
:103CD000000286E0045090E5060000EA2401A0E11D
:103CE000000286E0085090E5020000EA2401A0E10D
:103CF000000286E00C5090E5001097E5200084E279
:103D0000800180E0010080E00520A0E11C108FE22E
:103D100077B2FFFA010084E20148C0E3400054E3B7
:103D2000DDFFFF3AF081BDE8E00B0300C0010300B6
:103D300025303858000000000030A0E10000A0E36A
:103D40000020A0E3030000EA02C0D3E70C0020E05B
:103D5000012082E2FF2002E2010052E1F9FFFF3A76
:103D60001EFF2FE12E13A0E3182091E5020512E3B8
:103D7000FCFFFF1A000081E50A0050E30400001A6E
:103D8000180091E5020510E3FCFFFF1A0D00A0E307
:103D9000000081E51EFF2FE18110A0E1810590E187
:103DA0000400A013A12AB0E114209FE501008013B4
:103DB000A10A52E102008003010050E30500A003C4
:103DC0001EFF2FE1FF0700000F402DE910009FE5C7
:103DD00000008DE504108DE50F009DE810D08DE208
:103DE00004F09DE4B80F0A0030380A2801D20120FF
:103DF0007047002070470000FEFFFFEA1EFF2FE122
:103E0000F0412DE90050A0E1D0109FE5850085E04C
:103E1000850180E0004181E0C4609FE5050196E7EF
:103E2000400080E23DB1FFFA100084E5000050E35D
:103E30001E00000A2C7086E2050197E7400080E230
:103E400036B1FFFA140084E5000050E31900000ABF
:103E5000050197E74010A0E3000181E02FB1FFFAD0
:103E6000200084E5000050E31600000A051196E7E3
:103E7000100094E503B4FFEB051197E7140094E5F7
:103E800000B4FFEB050197E70011A0E1200094E5E5
:103E90000CB4FFEB0000A0E3040084E5000084E51F
:103EA0000C0084E5080084E50100A0E3F081BDE892
:103EB0000000A0E3F081BDE8100094E532B1FFFA04
:103EC0000000A0E3F081BDE8100094E52EB1FFFAF8
:103ED000140094E52CB1FFFA0000A0E3F081BDE8E6
:103EE0000C0109006C07030008D04DE20024A0E19A
:103EF0007C309FE5801080E0801181E0011183E03B
:103F00002E2382E2142092E504208DE564209FE5B3
:103F10001630D2E5000053E30B00000A04309DE5A3
:103F2000100013E31000001A0030A0E31630C2E5C1
:103F3000002091E5041091E5010052E10A00000A19
:103F40000210A0E308D08DE2C50000EA04109DE550
:103F5000100011E30400001A0110A0E31610C2E5DE
:103F60000210A0E308D08DE2B20000EA08D08DE292
:103F70001EFF2FE10C01090054070300F0412DE959
:103F80000070A0E10140A0E10250A0E10360A0E1C7
:103F90000510A0E10700A0E1C60200EB040050E11B
:103FA0000100001A0000A0E3F081BDE8050054E123
:103FB0000100001A0100A0E3F081BDE8040055E112
:103FC0000900009A3C009FE5041045E0070190E7D6
:103FD000010040E0060050E10100008A0000A0E37B
:103FE000F081BDE80100A0E3F081BDE8050044E0F8
:103FF000060050E10100008A0000A0E3F081BDE866
:104000000100A0E3F081BDE86C07030070402DE9DA
:104010000040A0E10800D4E50024A0E10A0050E33C
:104020000100009A0400E0E37080BDE80B10D4E5C5
:10403000000051E30900000A180051E30700000ADC
:10404000080051E30500000A480051E30300000A9C
:10405000580051E30100000A0000E0E37080BDE871
:104060000910D4E5000051E30700000A010051E304
:104070000500000A020051E30300000A030051E3B7
:104080000100000A0100E0E37080BDE80A10D4E5F9
:10409000000051E30300000A040051E30100000A9C
:1040A0000200E0E37080BDE8010050E31400000A64
:1040B000020050E31200000A040050E31000000A5E
:1040C000060050E30E00000A080050E30C00000A4E
:1040D0000A0050E30A00000A0C10D4E5000051E386
:1040E0001800000A100051E31600000A200051E3F6
:1040F0001400000A400051E31200000A0300E0E34C
:104100007080BDE80C10D4E5000051E30D00000AFA
:10411000100051E30B00000A200051E30900000ADF
:10412000300051E30700000A400051E30500000A97
:10413000500051E30300000A600051E30100000A4F
:104140000300E0E37080BDE80B12A0E3183291E5B4
:10415000100080E20160A0E3160083E1180281E50F
:104160002E5382E2080095E5060080E3080085E50D
:104170000800D4E50410A0E10D0200EB000050E3BC
:10418000010000AA0C00E0E37080BDE80B00D4E55C
:104190000910D4E5010080E10A10D4E5010080E1B6
:1041A0000C0085E5A000A0E3200085E50C00D4E527
:1041B000080085E50800D4E574509FE5801080E094
:1041C000801181E0011185E01E10D1E5000051E36E
:1041D0001000001A09FFFFEB000050E30900000A7D
:1041E0000800D4E5800000EB0800D4E5801080E0F2
:1041F000801181E0011185E01D10D1E5010051E33E
:104200000200000A030000EA0500E0E37080BDE858
:104210000110A0E3120000EB0800D4E5801080E05C
:10422000800181E0000185E01E60C0E50000A0E3A0
:104230007080BDE80C0109000004A0E1000051E31A
:104240002E0380E20300000A042090E50110C2E181
:10425000041080E51EFF2FE10010A0E3041080E5AC
:104260001EFF2FE10004A0E12E0380E2042090E570
:10427000021081E1041080E51EFF2FE170402DE95E
:104280000140A0E10054A0E17010A0E30400A0E10F
:104290000CB3FFEBEE03E0E3000045E0000084E533
:1042A0002E0385E2041090E5041084E504119FE5D7
:1042B000051081E0081084E5081090E50C1084E5F5
:1042C000F4109FE5051081E0101084E50C1090E5D6
:1042D000141084E5E4109FE5051081E0181084E5D2
:1042E000101090E51C1084E5D4109FE5051081E0C6
:1042F000201084E5141090E5241084E5C4109FE597
:10430000051081E0281084E5181090E52C1084E554
:10431000B4109FE5051081E0301084E51C1090E595
:10432000341084E5A4109FE5051081E0381084E581
:10433000201090E53C1084E594109FE5051081E085
:10434000401084E5241090E5441084E584109FE536
:10435000051081E0481084E5281090E54C1084E5B4
:1043600074109FE5051081E0501084E52C1090E555
:10437000541084E564109FE5051081E0581084E531
:10438000301090E55C1084E554109FE5051081E045
:10439000601084E5341090E5641084E544109FE5D6
:1043A000051081E0681084E5381090E50E00A0E368
:1043B0006C1084E57080BDE8080000B80C0000B8FF
:1043C000100000B8140000B8180000B81C0000B8B5
:1043D000200000B8240000B8280000B82C0000B865
:1043E000300000B8340000B8380000B870402DE943
:1043F000A8219FE5801080E0801181E0014182E0EA
:10440000000050E31E00000A010050E32300000AF0
:10441000020050E32800000A030050E32D00000AC8
:10442000040050E33200000A050050E33700000AA0
:10443000060050E33C00000A070050E34100000A78
:10444000080050E34600000A090050E34B00000A50
:104450000A0050E35000001A2A50A0E340219FE5D3
:104460000510A0E14300A0E31B5800EB180084E511
:104470007F00A0E3D15800EB0500A0E17040BDE84B
:10448000C25500EA2450A0E318219FE50510A0E1E1
:104490004300A0E3105800EB180084E5F3FFFFEAA7
:1044A0002550A0E300219FE50510A0E14300A0E313
:1044B000095800EB180084E5ECFFFFEA2650A0E362
:1044C000E8209FE50510A0E14300A0E3025800EBBF
:1044D000180084E5E5FFFFEA2B50A0E3D0209FE51C
:1044E0000510A0E14300A0E3FB5700EB180084E5B2
:1044F000DEFFFFEA2750A0E3B8209FE50510A0E10A
:104500004300A0E3F45700EB180084E5D7FFFFEA6F
:104510002C50A0E3A0209FE50510A0E14300A0E3FC
:10452000ED5700EB180084E5D0FFFFEA2850A0E328
:1045300088209FE50510A0E14300A0E3E65700EBCB
:10454000180084E5C9FFFFEA2D50A0E370209FE525
:104550000510A0E14300A0E3DF5700EB180084E55D
:10456000C2FFFFEA2950A0E358209FE50510A0E113
:104570004300A0E3D85700EB180084E5BBFFFFEA37
:104580002E50A0E340209FE50510A0E14300A0E3EA
:10459000D15700EB180084E5B4FFFFEA7080BDE856
:1045A0000C01090000B5020090B3020000B6020041
:1045B000E4B60200B4B9020098BA020098BB020047
:1045C00098BC020098BD020098BE020098BF02008D
:1045D0000004A0E1000051E30030A0E32E0380E2DC
:1045E0001600000A010051E30100000A0900E0E39F
:1045F0001EFF2FE1241090E50118A0E12118A0E191
:10460000021081E22112A0E1021041E2241080E5B3
:10461000000052E30210A0E30300000A010052E38D
:104620000300000A0900E0E31EFF2FE1281080E5E7
:10463000000000EA283080E5301080E5020000EA42
:104640004010A0E3281080E5303080E50000A0E3B2
:104650001EFF2FE1F0412DE90080A0E10150A0E113
:104660000270A0E10804A0E1B4209FE5881088E072
:10467000881181E0014182E01D10D4E5010051E381
:104680000200000A0010A0E32E3380E2200000EABE
:10469000080094E50C1094E5010050E10100001AB7
:1046A0000000A0E3F081BDE80760A0E1000056E350
:1046B0000E00000A140094E5081094E50100D0E70C
:1046C0000100C5E4081094E50800A0E1AE0000EB8D
:1046D000080084E5080094E50C1094E5010050E121
:1046E0000200000A016046E2000056E3F0FFFF1AF4
:1046F000060047E0017080E2070000EA18C093E579
:1047000001091CE3FCFFFF0A0000D3E50100C5E43A
:10471000011081E2070051E1F7FFFF3A0700A0E135
:10472000F081BDE80C010900F0472DE920D04DE2F1
:1047300000A0A0E10090A0E304908DE50A04A0E1B0
:1047400000008DE5016CA0E330129FE58A008AE04D
:104750008A0180E0004181E000009DE52E5380E267
:10476000300095E514008DE50180A0E300009DE593
:104770002E1380E2180091E51C008DE5380091E5CC
:104780000C008DE51C0091E508008DE50070D1E579
:104790001C009DE5080010E31100000A14009DE5CF
:1047A000030050E30E00001A2C0095E518008DE57B
:1047B000080095E510008DE518009DE5010C10E35B
:1047C0000700000A18009DE5200C57E11000001AB0
:1047D00010009DE5010CC0E310008DE510009DE583
:1047E000080085E50C1094E50A00A0E1660000EBE6
:1047F00004008DE5080094E504109DE5010050E1FA
:104800000C00001A78019FE51700D0E520D08DE25A
:10481000F087BDE810009DE5010C80E310008DE5F8
:1048200010009DE5020080E310008DE510009DE57D
:10483000080085E5F4FFFFEA140094E50C1094E508
:104840000170C0E7200094E50C1094E5019180E729
:104850001C009DE5400010E30400000A201094E5D0
:104860000C2094E54000A0E3020181E71D0000EA6E
:104870001C009DE5200010E30400000A201094E5D0
:104880000C2094E52000A0E3020181E7150000EA76
:104890001C009DE5100010E30400000A201094E5C0
:1048A0000C2094E51000A0E3020181E70D0000EA6E
:1048B0001C009DE5010010E30300000A200094E5C0
:1048C0000C1094E5018180E7060000EA1C009DE5DC
:1048D000080010E30300000A201094E50C2094E582
:1048E0000800A0E3020181E714009DE5010050E308
:1048F0000B00001A08009DE5800010E30800000A84
:104900000C009DE5241094E50C2094E5020181E75C
:104910008010A0E32E03A0E31C1080E564109FE547
:10492000381080E50C1094E50A00A0E1160000EBB9
:104930000C0084E51C009DE5010010E30600000A60
:10494000200094E50C1094E5018180E70C1094E5BB
:104950000A00A0E10C0000EB0C0084E5180095E5CE
:104960001C008DE51C009DE5010910E3A6FFFF1A60
:10497000000056E2016046E27BFFFFCAA2FFFFEAA9
:104980000C010900540703000F0300001C209FE5E1
:10499000000192E7012081E2020050E10100001ACB
:1049A0000000A0E31EFF2FE1010081E21EFF2FE1C6
:1049B0009807030070402DE90064A0E1005091E5E4
:1049C000044091E5A40085E00410A0E1ABB6FFEB44
:1049D000020040E2010850E30500003A840185E04E
:1049E0000410A0E1A5B6FFEB0110E0E3200281E096
:1049F000000000EA030280E32E1386E2240081E532
:104A00000000A0E37080BDE8F8402DE90070A0E14F
:104A100098109FE5870087E0870180E0004181E0F2
:104A2000000094E5041094E5010050E11700000A2D
:104A30000000A0E300008DE50704A0E170509FE5B1
:104A40002E6380E2150000EA100094E5001094E562
:104A50000100D0E7000086E5001094E50700A0E122
:104A6000140000EB000084E5000095E5010080E201
:104A7000000085E5000094E5041094E5010050E194
:104A80000300001A0210A0E30700A0E1E9FDFFEB1C
:104A9000F880BDE800009DE5010080E200008DE5A2
:104AA00000009DE5080050E3E6FFFF3AF880BDE80E
:104AB0000C010900800003001C209FE5000192E723
:104AC000012081E2020050E10100001A0000A0E391
:104AD0001EFF2FE1010081E21EFF2FE16C070300A2
:104AE000F0412DE90080A0E10140A0E10260A0E1D9
:104AF0000874A0E19C109FE5880088E0880180E0B0
:104B0000005181E01C00D5E5010050E30B00000AD4
:104B10000000A0E380309FE52E1387E21A0000EA30
:104B20000100D4E4101095E5042095E50200C1E7EA
:104B3000041095E50800A0E1DEFFFFEB040085E529
:104B4000016056E2F5FFFF2A2E0387E2040090E59C
:104B5000020010E30E00001A0800A0E1F041BDE8D9
:104B60000210A0E3BEFDFFEA182091E5010212E366
:104B7000FCFFFF0A0120D4E4002081E5002093E53A
:104B8000012082E2002083E5010080E2060050E17E
:104B9000F4FFFF3AF081BDE80C010900800003003A
:104BA000FA0FA0E30000A0E110402DE90124A0E3EA
:104BB0000B12A0E3682081E50020A0E3682081E5D6
:104BC00044109FE5010050E10000009A0100A0E1BF
:104BD00038409FE50020A0E30010E0E30400A0E1DE
:104BE000C5EBFFEB28109FE50120A0E30400A0E146
:104BF000C1EBFFEB0114A0E30120A0E3C109C4E174
:104C0000BDEBFFEB0000A0E31080BDE8B80B000097
:104C10003C0200B000001A6310402DE90040A0E102
:104C20001800A0E3BC5300EB6C209FE5041092E554
:104C30000100A0E1050000EA040051E10200001AB1
:104C40001040BDE81800A0E3D05300EA141091E52D
:104C5000000051E3F7FFFF1A001094E5011981E30A
:104C6000001084E5140084E5044082E51800A0E308
:104C7000C65300EB24009FE50410A0E3000090E57C
:104C80000C1080E5101090E5041081E3101080E511
:104C90001040BDE87D0EA0E3441D00EA5C0803005F
:104CA000A408030010402DE90040A0E10000A0E3AB
:104CB00050309FE5002283E0B0C0D2E100005CE309
:104CC0000B00001A08C092E502005CE3080000BA7D
:104CD00001C0A0E3003283E0B0C0C3E1B240C2E152
:104CE000B410C2E10010A0E3081082E50C10C2E588
:104CF0001080BDE8010080E20A0050E3ECFFFFBA3B
:104D00000F00A0E31080BDE8645E040064009FE52E
:104D1000141090E5011081E2141080E5142090E554
:104D20000110A0E3800052E3000000BA141080E5F7
:104D300044209FE50A0000EA143090E50310C2E722
:104D4000140090E51EFF2FE1143090E5013083E25E
:104D5000143080E5143090E5800053E3000000BA81
:104D6000141080E5143090E50330D2E7000053E3DF
:104D7000F4FFFF1AEFFFFFEA44080300008D09006B
:104D800010402DE91010A0E33800A0E33EF8FFEB3F
:104D90000040A0E1000054E30C00000A3810A0E33A
:104DA0000400A0E147B0FFEB3800A0E3BA3F00EBFE
:104DB000FF00A0E31A00C4E520009FE5101090E575
:104DC000341084E5104080E50400A0E11080BDE8C7
:104DD0000C008FE25F5700EB0000A0E31080BDE8FD
:104DE00044080300616C6C6F635F6465766963659A
:104DF000206661696C6564210A00000010402DE99D
:104E00000000A0E33C109FE5802291E7000052E300
:104E10000400000A010080E2080050E3F9FFFFBA35
:104E20000000A0E31080BDE8804281E02010A0E3F4
:104E30000400A0E123B0FFEB0C009FE5180084E51F
:104E40000400A0E11080BDE824030900ECD10100BA
:104E500010402DE90000A0E358109FE50020D1E7A5
:104E6000000052E30600000A010080E2010C50E35A
:104E7000F9FFFFBA40008FE2365700EB0000A0E3D5
:104E80001080BDE80120A0E30020C1E740109FE5AD
:104E90000C2091E5012082E20C2081E534109FE591
:104EA000004191E71810A0E30400A0E105B0FFEB7A
:104EB0000400A0E11080BDE8008C0900616C6C6FFB
:104EC000635F6F6863695F4544206661696C656410
:104ED000210A0000440803000088090070402DE901
:104EE0000040A0E10010A0E35C209FE50130D2E784
:104EF000000053E30600000A011081E2010C51E3B7
:104F0000F9FFFFBA44008FE2125700EB0000A0E364
:104F10007080BDE80100A0E30100C2E744009FE506
:104F20000C2090E5012082E20C2080E538009FE50E
:104F3000015190E73010A0E30500A0E1E1AFFFEBE5
:104F4000284085E50500A0E17080BDE8008C0900DF
:104F5000616C6C6F635F6F6863695F544420666166
:104F6000696C6564210A0000440803000088090098
:104F700070402DE90050A0E11010A0E38C00A0E3E8
:104F8000C1F7FFEB0040A0E1000054E30700000A76
:104F90008C00A0E3403F00EB8C10A0E30400A0E1F4
:104FA000C8AFFFEB005084E50400A0E17080BDE8CD
:104FB00008008FE2E75600EB0000A0E37080BDE838
:104FC000616C6C6F635F757472206661696C656497
:104FD000210A000070402DE994409FE5000094E50F
:104FE00000C0A0E10020A0E30010A0E384309FE512
:104FF0000050D0E5052082E0010080E2011081E24E
:105000000118C1E3030051E1F8FFFF3A050C8CE2FF
:1050100064108FE2BB0080E2B5ADFFFA60609FE5EF
:1050200060509FE5001094E5000095E50620A0E1A2
:1050300042AFFFEB000095E5001094E50620A0E1EB
:10504000050A80E23DAFFFEB000095E5001094E516
:105050000620A0E1010880E238AFFFEB000095E5F3
:10506000001094E50620A0E17040BDE8150A80E23A
:1050700032AFFFEAC0010300BB05000025303858FD
:1050800000000000C4050000CC00030010402DE922
:105090000B02A0E3101290E5031681E3101280E5E5
:1050A00078109FE5801080E574109FE5841080E5FE
:1050B0000030A0E30320A0E1021AA0E38000A0E3F7
:1050C0004ACFFFEB5C009FE50120A0E30810A0E3BE
:1050D00089EAFFEB50009FE550109FE5000081E555
:1050E0000000C1E1001090E50614C1E3011381E363
:1050F000001080E50110A0E3202080E2001082E58E
:10510000001090E5011081E3001080E5001090E5AB
:10511000010011E3FCFFFF1A0000A0E31080BDE8CE
:10512000555555555555050500D800B005030200E5
:10513000A4D800B01EFF2FE10030A0E10000A0E3E2
:105140000120A0E3040000EA02C0D3E70C0040E025
:10515000FF0000E2012082E20128C2E3010052E1E7
:10516000F8FFFF3A1EFF2FE170402DE90040A0E359
:105170007D5E80E20D0051E301F18F301E0000EAF8
:105180001D0000EA0A0000EA0D0000EA080000EA3B
:10519000090000EA060000EA070000EA040000EA4D
:1051A000030000EA040000EA010000EA020000EA4D
:1051B000FFFFFFEA1F40A0E30F0000EA1E40A0E34C
:1051C0000D0000EA1C40A0E3030015E30400001AF0
:1051D0006410A0E30500A0E1A8B4FFEB000051E3D8
:1051E0000400001A191EA0E30500A0E1A3B4FFEB20
:1051F000000051E30000001A1D40A0E30400A0E1FC
:105200007080BDE8F0472DE90070A0E10260A0E1E8
:105210000390A0E1020041E2341097E5208681E08E
:10522000001AA0E1A15BA0E1070000E201A0A0E359
:105230001A00A0E1FF4000E20810A0E1018088E22E
:105240000700A0E12B4000EB000050E30100000A42
:105250000100A0E3F087BDE8051087E03CC0D1E580
:1052600004001CE00000000A0100A0E3090050E176
:105270000100001A0200A0E3F087BDE804002CE062
:105280003C00C1E503A0C7E5016056E20800000A42
:105290008400A0E1FF4010E2EFFFFF1A0140A0E30D
:1052A000015085E2020C55E3EAFFFF3A0050A0E30B
:1052B000E0FFFFEA0000A0E3F087BDE870402DE9C1
:1052C0000040A0E10000A0E30300C4E50000E0E32B
:1052D000380084E50400A0E1064000EB000050E344
:1052E0000100000A0400A0E37080BDE8020C84E223
:1052F0003A0080E2363D00EB0050A0E124619FE5DA
:10530000060055E10500001A0B20A0E3461F8FE2BE
:105310003C0084E242AEFFFA000050E30700000ABE
:105320003C00D4E5EB0050E30600000AE90050E33E
:105330000400000AE80050E30200000A330000EA1B
:105340000100A0E37080BDE8060055E10500001AE9
:105350000820A0E3DC108FE28E0084E230AEFFFA7A
:10536000000050E30800000A470084E2183D00EB0B
:105370004910D4E5012040E2020010E12300001AA8
:10538000020C50E30200000A200000EA0000A0E343
:105390007080BDE8000051E31C00000A010041E2FA
:1053A000000011E11900001A4A0084E2083D00EBF8
:1053B000000050E31500000A4C00D4E5010040E273
:1053C000010050E31100008A4D0084E2003D00EB33
:1053D000000050E30D00000A4F0084E2FC3C00EBAB
:1053E000800050E30300002A5C0084E2D23C00EB22
:1053F000010850E30500003A520084E2F43C00EB5F
:10540000000050E30100000A0000A0E37080BDE846
:10541000060055E10100001A0200A0E37080BDE81B
:105420000300A0E37080BDE855AA0000EB7690452C
:105430005846415420202000464154333220202039
:105440000000000070402DE90060A0E10040A0E3F2
:105450000050A0E3000056E30200000A010056E3FA
:105460000B00001A050000EA8010A0E3C000A0E3D2
:105470007ECEFFEB040080E0FF4000E2040000EA83
:10548000011AA0E34000A0E378CEFFEB040080E027
:10549000FF4000E2010085E2FF5000E2320055E3E8
:1054A000EBFFFF3A000054E30300000A320054E32C
:1054B0000300000A0200A0E37080BDE80000A0E342
:1054C0007080BDE80100A0E37080BDE832C082E2D8
:1054D0000C0050E10A0000CA322042E2020050E112
:1054E000070000BA320083E2000051E1040000CA64
:1054F000320043E2000051E1010000BA0100A0E3E4
:105500001EFF2FE10000A0E31EFF2FE1FE432DE967
:105510000080A0E10040A0E38100A0E1900206E04D
:105520009C709FE5230000EA0000A0E300008DE5E9
:1055300004008DE5040088E0A005A0E108008DE5E9
:10554000020B84E2000056E10100009A025BA0E336
:10555000080000EA040046E00058A0E12558A0E158
:105560000010A0E35C009FE5011081E20118C1E397
:10557000000051E1FBFFFF3A08009DE5102097E590
:10558000023BA0E30010A0E360DEFFEB054084E0F7
:105590000010A0E3100097E5040000EA0120D0E726
:1055A000203097E5032082E0202087E5011081E28A
:1055B000050051E1F8FFFF3A040056E1D9FFFF8AE8
:1055C000FE83BDE89801030018040000F05F2DE998
:1055D00058739FE50000D7E5010050E30900001A69
:1055E000011AA0E3010CA0E320CEFFEB000050E382
:1055F0000400001A0810A0E3070DA0E31BCEFFEB88
:10560000000050E31100000A021BA0E3010CA0E31C
:1056100016CEFFEB18939FE518439FE5000050E37B
:105620001000000A011AA0E3010CA0E30FCEFFEB6B
:10563000000050E30B00000A021AA0E3010CA0E3F3
:105640000ACEFFEB000050E30600000A3E0000EA2D
:10565000731FA0E30A00A0E390F2FFEBF05FBDE848
:10566000B50F8FE21B3C00EA0000D7E5010050E3D4
:105670000200000A000050E30200000A170000EADE
:10568000F15C00EB150000EA011AA0E3010CA0E3B5
:10569000F6CDFFEB000050E30A00000A021AA0E377
:1056A000010CA0E3F1CDFFEB000050E30500000A80
:1056B000021BA0E3010CA0E3ECCDFFEB000050E3E4
:1056C0000200000A050000EADF5C00EB030000EACC
:1056D0000100D4E5010010E30000001ADA5C00EBE1
:1056E000021BA0E3010CA0E3E0CDFFEB000050E3C0
:1056F0000500001A0000D7E5000050E30200001A80
:105700000100D4E5010010E30F00001A000099E544
:10571000010050E30400001A191EA0E30A00A0E3F0
:105720005EF2FFEB8D0F8FE2EA3B00EB0000D4E569
:10573000030050E30400001A5F1FA0E30A00A0E387
:1057400056F2FFEB8A0F8FE2E23B00EB000099E597
:10575000010050E37400001A021AA0E3010CA0E358
:10576000C2CDFFEB20529FE5000050E30580A0E38F
:105770001500000A0300D4E5000050E30100000A10
:10578000010040E20300C4E5011AA0E3010CA0E31C
:10579000B6CDFFEBF4A19FE5F4B19FE5000050E327
:1057A0000060A0E32600000A0400D4E5000050E3F6
:1057B0000100000A010040E20400C4E50000D7E552
:1057C000010050E34400000A4D0000EA0300D4E564
:1057D000010080E2FF0000E20300C4E5050050E3A1
:1057E000E8FFFF9A0380C4E50000D5E5040010E35C
:1057F000E4FFFF1A040080E30000C5E5731FA0E387
:105800000A00A0E325F2FFEB620F8FE2B13B00EB51
:105810000000D7E5000050E30100001A60B9FFEB7B
:105820004BB8FFEB0000D7E5010050E30000001A81
:1058300047B8FFEB0100D4E5080080E30100C4E5B0
:10584000D0FFFFEA0400D4E5010080E2FF0000E29F
:105850000400C4E5050050E3D7FFFF9A0480C4E5C7
:105860000000D5E5080010E3D3FFFF1A080080E32D
:105870000000C5E56E1FA0E30A00A0E307F2FFEBFE
:10588000490F8FE2933B00EBB060CAE100608BE50B
:1058900038019FE5006080E534119FE53000A0E30A
:1058A0000000C1E52C019FE50218A0E3001080E58F
:1058B0000020A0E30210A0E10200A0E1D9F6FFEB76
:1058C0006E1FA0E30A00A0E3F4F1FFEB0100D4E5B2
:1058D000040080E30100C4E5B7FFFFEA0810A0E37D
:1058E000070DA0E361CDFFEB000050E33A00000A92
:1058F0000600D4E5000050E30100000A010040E288
:105900000600C4E5021BA0E3010CA0E357CDFFEBAA
:10591000000050E36C00000A0500D4E5000050E3ED
:105920000100000A010040E20500C4E5F09FBDE867
:105930004000030030080300700103004552524F3D
:10594000523A20496E636F72726563742044495005
:105950002D53572073657474696E677300000000DF
:1059600055534220464F554E4420202020202020D1
:10597000200000004C4F474F20494E4954204649D3
:105980004E495348202020202000000078010300C9
:105990009E010300B4010300446F776E6C6F616475
:1059A000204261636B757044617461005265777267
:1059B00069746520416C6C20496D61676520202009
:1059C00020202020202020202020202020202000F7
:1059D000B801030045000300F46104000600D4E5AB
:1059E000010080E2FF0000E20600C4E5050050E38C
:1059F000C3FFFF9A0680C4E50000D5E5400010E330
:105A0000BFFFFF1A400080E30000C5E56E1FA0E362
:105A10000A00A0E3A1F1FFEB420F8FE22D3B00EB68
:105A2000000099E528719FE5010050E30600000A97
:105A3000006087E5046087E5086087E50100D4E53C
:105A4000040080E30100C4E5F09FBDE82B0100EBFA
:105A5000000050E31500000AB060CAE190001FE5A5
:105A60003010A0E30010C0E500608BE5A4001FE546
:105A7000006080E5A4101FE50208A0E3000081E5B6
:105A8000713F00EB0020A0E30210A0E10200A0E1C2
:105A900064F6FFEB6E1FA0E30A00A0E37FF1FFEBCB
:105AA0000100D4E5040080E30100C4E594FFFFEAAF
:105AB000006087E5046087E5086087E50100D4E5BC
:105AC000040080E30100C4E5F09FBDE80500D4E5D3
:105AD000010080E2FF0000E20500C4E5050050E39C
:105AE00091FFFF9A0580C4E50000D5E5100010E3A2
:105AF0008DFFFF1A100080E30000C5E5691FA0E3D9
:105B00000A00A0E365F1FFEB48009FE5F13A00EBE6
:105B10000100A0E30E4D00EB3C109FE50100A0E367
:105B20000000C1E5F09FBDE8526577726974652099
:105B3000416C6C20496D6167652020202020202069
:105B40002020202020202020202020202020202055
:105B500020000000E8610400A8FD02000503030026
:105B600070402DE9A0009FE5A0409FE50000D0E532
:105B70000060A0E3010050E30900000A000050E3C8
:105B80000600001A0110A0E34000A0E3F9CBFFEBF0
:105B90000210A0E34000A0E3BECCFFEB0960C4E527
:105BA0007080BDE80200D4E5000050E3FBFFFF1A5F
:105BB0000150A0E30250C4E50410A0E3070DA0E3E8
:105BC000AACCFFEB010050E30700000A0110A0E39C
:105BD0004000A0E3AFCCFFEB0210A0E34000A0E345
:105BE000E4CBFFEB0950C4E57080BDE80110A0E3F1
:105BF0004000A0E3DFCBFFEB0210A0E34000A0E3F6
:105C0000A4CCFFEB0960C4E57080BDE84000030050
:105C100070010300F0472DE9D0429FE50400D4E570
:105C2000010050E31800000AC4029FE50110D4E50A
:105C30000020D0E5000051E30700000A0000D4E591
:105C4000010080E2FF0000E20000C4E5000052E134
:105C50000100008A010082E20000C4E50060A0E3C8
:105C60000560C4E50660C4E50760C4E584829FE57D
:105C7000795F48E20730D4E5030285E0B010D0E157
:105C8000000051E30300000A170000EAF047BDE8F6
:105C90000200A0E3EB4C00EA081090E5020051E39B
:105CA000110000AA0CC0D0E501005CE30E00001A50
:105CB00001C081E208C080E50570D4E55290A0E300
:105CC000871188E0049081E5B290D0E1B090C1E105
:105CD000B490D0E1B290C1E1011087E20510C4E5B3
:105CE00002005CE30000001A0C60C0E5010083E2E2
:105CF000FF0000E20700C4E50A0050E3DCFFFF3AC2
:105D00000500D4E5030050E30800000A0760C4E57D
:105D10000730D4E5030285E0F010D0E1010051E343
:105D20000500000A020051E30300000A140000EA23
:105D3000FF00A0E30700C4E5160000EA086080E564
:105D400005C0D4E55470A0E38C1188E0047081E5AF
:105D5000B270D0E1B070C1E1B470D0E1B270C1E115
:105D600001108CE2FF1001E20510C4E502C0A0E3BF
:105D7000B0C0C0E101C0A0E30CC0C0E5030051E326
:105D80000400002A010083E2FF0000E20700C4E5EE
:105D90000A0050E3DDFFFF3A0700D4E5010080E28E
:105DA0000700C4E503C0A0E30A0000EA010285E0A1
:105DB000F030D0E1010053E30100000A020053E398
:105DC0000200001A086080E5B0C0C0E10C60C0E5C8
:105DD000010081E20700C4E50710D4E50A0051E3A1
:105DE000F1FFFF3A0510D4E5000051E33A00000A44
:105DF0000000D4E5000052E10100008AF4009FE5B4
:105E00008E4B00EB0760C4E5EC709FE507C0D4E55E
:105E10000C0285E00C20D0E5010052E30C00001AD2
:105E20000630D4E5088090E5031287E0088081E51C
:105E3000B080D0E1B080C1E10C20C1E5B220D0E15A
:105E4000B220C1E1B400D0E1B400C1E1010083E2BD
:105E50000600C4E501008CE2FF0000E20700C4E593
:105E60000A0050E3E8FFFF3A0760C4E507C0D4E545
:105E70000C0285E00C20D0E5000052E30C00001A73
:105E80000630D4E5086090E5031287E0086081E5FC
:105E9000B060D0E1B060C1E10C20C1E5B220D0E13A
:105EA000B220C1E1B400D0E1B400C1E1010083E25D
:105EB0000600C4E501008CE2FF0000E20700C4E533
:105EC0000A0050E3E8FFFF3AF047BDE828109FE5DD
:105ED000A020A0E3990F41E2CDABFFEA1FF3FFEB57
:105EE0000060C4E50160C4E50360C4E5F087BDE877
:105EF000640103001835030048600400C860040012
:105F000030402DE96DDF4DE24010A0E3170E8DE229
:105F1000ECABFFEB121EA0E350008DE2E9ABFFEB10
:105F20005010A0E30D00A0E1E6ABFFEB0050A0E3B2
:105F30000010A0E30D00A0E1B52300EBB8108FE244
:105F40000D00A0E1C52200EB3C20A0E30010A0E37F
:105F500054108DE550208DE5000050E31200001A2A
:105F600050408DE21E0000EA6A00DDE5000050E3CB
:105F70000B00000A2E0050E31900000A5C00DDE56A
:105F8000100010E31600000A0B20A0E36C108FE253
:105F90001A0084E222ABFFFA000050E31000001A5E
:105FA000040000EA0D00A0E1C61F00EB0500A0E11F
:105FB0006DDF8DE23080BDE81A2084E248108FE268
:105FC000170E8DE2CAA9FFFA170E8DE244ABFFFA55
:105FD000170050E30200001A170E8DE20C0000EBD0
:105FE0000050A0E150108DE20D00A0E1882300EBED
:105FF000000050E3EAFFFF1ADAFFFFEA333A00003D
:1060000042454C4D4F4E545F424D5000333A2F2580
:106010007300000030402DE95DDF4DE20050A0E349
:106020000010A0E10D00A0E18C2200EB000050E385
:106030001E00001A50408DE2150000EA6A00DDE5FE
:10604000000050E31700000A2E0050E31000000A81
:106050005C00DDE5100010E30D00001A58108FE21F
:106060001A0084E2E4AAFFFA000050E30500000AE7
:106070001A0084E21AABFFFA080050E30400001A89
:106080000150A0E3070000EA34108FE21A0084E216
:10609000D9AAFFFA50108DE20D00A0E15C2300EBBD
:1060A000000050E3E4FFFF0A0D00A0E1851F00EBB4
:1060B0000500A0E15DDF8DE23080BDE82E626D70ED
:1060C000000000002E64620048109FE50300D1E547
:1060D000000050E30E00000A0500D1E5010080E257
:1060E000FF0000E20500C1E50F0050E30800009A40
:1060F0000000A0E30300C1E50400D1E5020050E385
:106100000300002A10009FE5001090E5021C81E3C7
:10611000001080E51EFF2FE1E6010300B00103003F
:1061200010402DE918D04DE2000090E5000090E508
:106130000030A0E3C8C0A0E314408DE208E08DE287
:1061400004308DE518108EE80228A0E12228A0E195
:106150000138A0E100208DE52338A0E10120A0E373
:106160002310A0E3E85A00EB18D08DE21080BDE8C0
:10617000021041E21C2090E5022042E2010052E1BF
:106180000100008A0000A0E31EFF2FE1302090E50F
:10619000BA00D0E1912020E01EFF2FE1F0472DE969
:1061A0000090A0E10180A0E11A0088E2883900EBAC
:1061B000000050E30100000A0000A0E3F087BDE802
:1061C0000000D8E53F0000E2010040E2001180E05D
:1061D000804181E00160A0E30050A0E3A8A09FE51A
:1061E0000500DAE7080080E0793900EB0070A0E1F3
:1061F000000056E30F00000A010C54E30900002AD6
:106200000700A0E1B92400EB0060A0E10400A0E1D8
:10621000800089E0B000D0E1014084E2B32400EBCB
:10622000000056E10100000A0000A0E3F087BDE88D
:106230000760A0E1040000EAFF0C47E2FF0050E223
:106240000100000A0000A0E3F087BDE8015085E2EC
:106250000D0055E3E1FFFF3A0000D8E5400010E3F0
:106260000700000A000056E30500000A840089E0E8
:10627000B000D0E1000050E30100000A0000A0E3FC
:10628000F087BDE80100A0E3F087BDE86CF80200EC
:10629000F0472DE90090A0E10150A0E10270A0E1DB
:1062A00003A0A0E10040A0E368619FE5540096E5EB
:1062B000000050E30700001A070DA0E317A8FFFA3B
:1062C000580086E52010A0E3694B00EB200080E237
:1062D000020180E3540086E5580096E5000050E393
:1062E0004B00000A540096E54010A0E30010C0E502
:1062F00000005AE32A80A0E31700000A031085E299
:10630000FF2001E2011080E20200A0E1640300EB43
:10631000540096E50520A0E10710A0E1030080E20B
:1063200086AAFFEB540096E5050080E0031080E2AA
:106330000900A0E15A0300EB540096E5050080E057
:106340000580C0E5064085E2DEF1FFEB0000A0E33A
:10635000542096E5303096E5280000EA0310A0E3CB
:10636000851081E0FF2001E2011080E20200A0E13F
:106370004B0300EB060000EA540096E5840080E041
:10638000031080E20400D7E7450300EB010084E23C
:106390000148C0E3050054E1F6FFFF3A540096E5DA
:1063A000850080E0031080E20900A0E13C0300EBDF
:1063B000540096E5850080E00580C0E50600A0E376
:1063C000854080E0DFFFFFEAB011D6E1B251D6E1AF
:1063D00001C081E27ECBCCE305005CE10500000A50
:1063E00000C0D2E701C0C3E7B011D6E1011081E2DD
:1063F0007E1BC1E3B011C6E1010080E2FF0000E2B4
:10640000040050E1EFFFFF3AB0F1FFEBF047BDE8C9
:106410002FEEFFEAF087BDE844000300F0472DE9C6
:1064200006DD4DE20090A0E10150A0E10270A0E184
:1064300003A0A0E10040A0E3061DA0E30D00A0E141
:10644000A0AAFFEB4000A0E30000CDE500005AE366
:106450002A80A0E30D60A0E11600000A030085E297
:10646000FF0000E2011086E20D0300EB0520A0E131
:106470000710A0E1030086E230AAFFEB054086E0AA
:10648000031084E20900A0E1050300EB0580C4E5E8
:10649000062085E2C4109FE50100A0E30100C1E5EC
:1064A00000C0A0E3B2C0C1E1B4C0C1E10000A0E3FC
:1064B000AC309FE5240000EA0300A0E3850080E003
:1064C000FF0000E2011086E2F50200EB050000EAA1
:1064D000840086E0031080E20400D7E7F00200EBBE
:1064E000010084E20148C0E3050054E1F7FFFF3AF0
:1064F000854086E0031084E20900A0E1E80200EB99
:106500000580C4E50600A0E3852080E0E0FFFFEA07
:10651000B240D1E1B450D1E1014084E27E4BC4E30A
:10652000050054E10600000A0040D6E7B250D1E170
:106530000540C3E7B240D1E1014084E27E4BC4E3B1
:10654000B240C1E1010080E2FF0000E2020050E140
:10655000EEFFFF3A01C0C1E506DD8DE2F087BDE840
:10656000FC010300786C0400F0412DE906DD4DE2EA
:106570000060A0E10180A0E10240A0E10370A0E181
:10658000061DA0E30D00A0E14EAAFFEB4000A0E332
:106590000000CDE50600A0E30D50A0E101108DE262
:1065A000BF0200EB5500A0E30300CDE50460CDE59C
:1065B000080CA0E1400CA0E1470200EB0500CDE58E
:1065C0000408A0E1400CA0E1430200EB0600CDE589
:1065D000040CA0E1400CA0E13F0200EB0700CDE578
:1065E0002A00A0E30800CDE50000A0E3016047E237
:1065F000060000EA014080E2840184E0050080E0BA
:106600000920A0E30D10A0E1CCA9FFEBFF0004E2FC
:10661000060050E1F6FFFFBA874187E029F1FFEB62
:106620000000A0E350209FE5303092E50D0000EA25
:10663000B011D2E1B261D2E101C081E27ECBCCE304
:1066400006005CE10500000A00C0D5E701C0C3E711
:10665000B011D2E1011081E27E1BC1E3B011C2E1B1
:10666000010080E2FF0000E2040050E1EFFFFF3A8A
:1066700016F1FFEB06DD8DE2F081BDE8440003007A
:10668000F0412DE90060A0E10170A0E10250A0E11D
:106690006C409FE54000A0E30000C4E50600A0E3D5
:1066A000011084E27E0200EB5500A0E30300C4E584
:1066B0000460C4E5070CA0E1400CA0E1060200EB79
:1066C0000500C4E50508A0E1400CA0E1020200EBD2
:1066D0000600C4E5050CA0E1400CA0E1FE0100EBC2
:1066E0000700C4E52A00A0E30800C4E514009FE504
:1066F0000310A0E30110C0E50010A0E30210C0E504
:10670000F081BDE8D86104007C01030070402DE9F0
:1067100054419FE5021BA0E3340094E5D9A9FFEBA7
:1067200048019FE5341094E50800D0E5022BA0E372
:10673000DE5700EB0028A0E12228A0E1BA22C4E144
:106740000050A0E3BC52C4E1150000EA20019FE51F
:106750000C00D0E5000050E30F00001ABC00D4E1AB
:10676000BE30D4E1010080E21E0AC0E3030050E124
:106770000900000A340094E501C0D0E7BC00D4E170
:10678000013080E2BC30C4E1603094E500C0C3E772
:10679000BC00D4E10E0AC0E3BC00C4E1010081E208
:1067A000BC02C4E1BC12D4E1020051E1E6FFFF3AB1
:1067B000C0409FE50000D4E5000050E31200000A4D
:1067C000021BA0E3010CA0E3A8C9FFEB000050E30B
:1067D0002400000A011AA0E3010CA0E3A3C9FFEB07
:1067E000000050E31F00000A021AA0E3010CA0E31E
:1067F0009EC9FFEB000050E31A00000A0000D4E538
:10680000010050E30A00000A0E0000EA021BA0E3A8
:10681000010CA0E395C9FFEB000050E3ECFFFF1A69
:1068200054009FE50000D0E5010010E30D00000AD0
:10683000E7FFFFEA0810A0E3070DA0E38BC9FFEB19
:10684000000050E30700000A30009FE50010D0E58B
:10685000000051E30000000A0050C0E501B8FFEB62
:106860007040BDE81AEDFFEA7080BDE84400030007
:10687000E0350400C861040040000300710103001A
:106880000703030070402DE918D04DE20040A0E15D
:10689000430F8FE2AF5000EB18619FE50600A0E1C7
:1068A000421600EB110E8FE2AA5000EB0410A0E19B
:1068B0000400A0E1BC5900EB0050A0E1000055E34A
:1068C000040000AA110E8FE2A25000EB0500A0E127
:1068D00018D08DE27080BDE8120E8FE29D5000EB63
:1068E0000600A0E1311600EB0400A0E1764800EBC1
:1068F0000050A0E1000055E3030000AA110E8FE252
:10690000945000EB0500A0E1F0FFFFEA0600A0E1D3
:10691000261600EB430F8FE28E5000EB0400A0E13F
:10692000A25B00EB0050A0E1000055E3030000AAC9
:10693000420F8FE2875000EB0500A0E1E3FFFFEA82
:106940000600A0E1191600EB1B00D4E51920D4E5E0
:10695000020050E30E00000A010050E30E00000A9E
:10696000F8108FE2010C8FE27A5000EB0410A0E1E6
:106970000400A0E18C5900EB0050A0E1000055E3B9
:10698000480000AA1900D4E5682400EB0500A0E146
:10699000CEFFFFEAF4108FE2F1FFFFEAF8108FE27A
:1069A000EFFFFFEA436F6E6E65637420646576697E
:1069B0006365203D3E0A0000102700007573626881
:1069C0005F6765745F6465766963655F646573635B
:1069D000726970746F72203D3E0A000075736268C0
:1069E0005F6765745F6465766963655F646573633B
:1069F000726970746F72204E4721210A00000000F6
:106A000072657365745F646576696365203D3E0AEF
:106A10000000000072657365745F64657669636584
:106A2000204E4721210A0000757362685F73657408
:106A30005F61646472657373203D3E0A000000006C
:106A4000536574206164647265737320636F6D6D48
:106A5000616E64206661696C656421210A00000032
:106A60006C6F772D73706565640000004E6577204C
:106A7000257320646576696365206164647265735B
:106A8000732025642061737369676E65642E0A0044
:106A9000686967682D7370656564000066756C6C65
:106AA0002D737065656400001110D4E5010051E399
:106AB0000100000A070D8FE2265000EB010AA0E357
:106AC0001A5800EB0050A0E10500B0E10B00000AED
:106AD0001C5084E5012AA0E30510A0E10400A0E118
:106AE000F95800EB0060A0E1000056E3070000AA9F
:106AF0001900D4E50D2400EB0600A0E173FFFFEAC6
:106B00001900D4E5092400EB0900E0E36FFFFFEA78
:106B1000010AA0E3055800EB0060A0E10E10D4E5E7
:106B2000000051E30600000A013AA0E30620A0E1BC
:106B30000400A0E1475900EB0610A0E15D0F8FE2D1
:106B40002C4100EB0F10D4E5000051E30600000AD1
:106B5000013AA0E30620A0E10400A0E13D5900EBCA
:106B60000610A0E1570F8FE2224100EB1010D4E590
:106B7000000051E30600000A013AA0E30620A0E16C
:106B80000400A0E1335900EB0610A0E1050D8FE2EF
:106B9000184100EB011AA0E30600A0E1C45800EB85
:106BA0000510D5E50400A0E12A5B00EB0060A0E140
:106BB000000056E3060000AA0510D5E5120E8FE28C
:106BC000E44F00EB1900D4E5D82300EB0600A0E168
:106BD0003EFFFFEA0510A0E10400A0E1765900EBBA
:106BE0000060A0E1000056E3060000AA0510D5E50C
:106BF000430F8FE2D74F00EB1900D4E5CB2300EB16
:106C00000600A0E131FFFFEA0700D5E5200010E310
:106C10001000000A0000A0E34B1FA0E314208DE247
:106C200010108DE50010A0E104008DE508008DE551
:106C30000C208DE500008DE50130A0E30320A0E3EA
:106C40000400A0E1305800EB000050E3010000AA6E
:106C5000CC008FE2BF4F00EBFC009FE5082090E5E1
:106C6000000052E30200000A0010A0E30400A0E1CB
:106C700032FF2FE10600A0E114FFFFEA5761726EB8
:106C8000696E67212054686973206465766963655D
:106C900020686173206D756C7469706C6520636F1A
:106CA0006E66696775726174696F6E73205B2564C7
:106CB0005D2E200A000000004D616E7566616374F0
:106CC000757265723A20000050726F647563743A91
:106CD0002000000053657269616C204E756D62651D
:106CE000723A200053657420636F6E66696775722F
:106CF0006174696F6E202564206661696C6564212A
:106D00000A000000506172736520636F6E666967E8
:106D100075726174696F6E202564206661696C65A7
:106D200064210A0044657669636520646F65732099
:106D30006E6F74206163636570742072656D6F742B
:106D4000652077616B65757020656E61626C65208A
:106D5000636F6D6D616E642E0A000000A40803006D
:106D6000F0402DE9D8C09FE50310D0E5302041E286
:106D7000090052E30200009A412041E2050052E37B
:106D80002D00008A0220D0E5304042E2090054E3A1
:106D90000200009A413042E2050053E32600008AD7
:106DA0000030D0E5305043E2090055E30200009A7C
:106DB000416043E2050056E31F00008A0100D0E570
:106DC000306040E2090056E30200009A417040E260
:106DD000050057E31800008A410053E30200003A1F
:106DE000373043E20336A0E1000000EA0536A0E1B7
:106DF000410050E30200003A370040E2000483E023
:106E0000000000EA060483E0410052E30200003A79
:106E1000372042E2020280E0000000EA040280E043
:106E2000410051E30200003A010080E037C040E237
:106E3000010000EA010080E030C040E20C00A0E167
:106E4000F080BDE8FFFF0F0030402DE90040A0E1D9
:106E50000020A0E30000A0E30F0000EA0032A0E160
:106E60000200D4E730C040E209005CE30200009A6F
:106E7000415040E2050055E30A00008A410050E31A
:106E80000200003A370040E2030080E1000000EA1F
:106E900003008CE1012082E2FF2002E2010052E1C6
:106EA000EDFFFF3A3080BDE80000E0E33080BDE850
:106EB00020109FE50020E0E3BE21C1E10000D0E505
:106EC000300040E2090050E30000008ABE01C1E149
:106ED000BE01D1E11EFF2FE1440003000A0050E390
:106EE000030000BA370080E2000CA0E1400CA0E1F2
:106EF0001EFF2FE10300002A300080E2000CA0E119
:106F0000400CA0E11EFF2FE10000E0E31EFF2FE197
:106F100040209FE50010E0E3B212C2E10010D0E58E
:106F2000301041E2090051E30800008A0100D0E579
:106F3000300050E30500003A390050E30300008AB6
:106F4000011181E0810080E0300040E2B202C2E144
:106F5000B202D2E11EFF2FE1440003000010A0E1C5
:106F60003C009FE50010D1E5302041E2090052E3EA
:106F70000200009A413041E2050053E30400008A18
:106F8000410051E30300003A370041E20008A0E16C
:106F90002008A0E11EFF2FE10208A0E12008A0E1E7
:106FA0001EFF2FE1FFFF00000010A0E17C009FE525
:106FB0000020D1E5303042E2090053E30200009A9C
:106FC00041C042E205005CE31200008A0110D1E5F5
:106FD00030C041E209005CE30200009A41C041E296
:106FE00005005CE30B00008A410052E30200003A16
:106FF000372042E2020200E0000000EA030200E063
:10700000410051E30400003A010080E0370040E213
:107010000008A0E12008A0E11EFF2FE1010080E0B0
:10702000300040E20008A0E12008A0E11EFF2FE1AF
:10703000FFFF000064309FE50010E0E3B012C3E101
:107040000010D0E5302041E2090052E31100008A2F
:107050000110D0E5300051E30E00003A390051E351
:107060000C00008A0200D0E5300050E30900003A2D
:10707000390050E30700008A64C0A0E39C0202E0EC
:10708000301041E2011181E0811082E0010080E0D6
:10709000300040E2B002C3E1B002D3E11EFF2FE1B5
:1070A000440003009F0050E30300009A3720A0E350
:1070B000202282E00020C1E5020000EA3020A0E3A7
:1070C000202282E00020C1E50F0000E2090050E329
:1070D0000200009A370080E20100C1E51EFF2FE1A7
:1070E000300080E20100C1E51EFF2FE1F0432DE9F1
:1070F00001DB4DE291DF4DE25010A0E35F8E8DE2A7
:107100000800A0E16FA7FFEB3C20A0E32C129FE555
:10711000D97F8DE20700A0E13DA7FFEB121EA0E39F
:10712000094D8DE20400A0E166A7FFEB10029FE588
:1071300010529FE5000090E5010050E30600000AB0
:10714000000095E5020980E3000085E50000E0E32A
:1071500001DB8DE291DF8DE2F083BDE80120A0E349
:10716000791F8FE20000A0E30A1D00EBDC019FE520
:107170000120A0E31D1E8FE2061D00EB0010A0E31E
:107180000800A0E1221F00EB711F8FE20800A0E1C0
:10719000321E00EB000050E30400000A000095E5F9
:1071A000020880E3000085E50000E0E3E7FFFFEA76
:1071B0000800A0E1431B00EB651F8FE20800A0E17F
:1071C000261E00EB3C00A0E30010A0E340028DE58A
:1071D00044128DE588619FE50410A0E10800A0E15C
:1071E0000B1F00EB000050E30E00001A5A02DDE511
:1071F000000050E30B00000A2E0050E3F5FFFF0AE9
:107200001A9084E24C02DDE5100010E3F1FFFF1A52
:10721000151E8FE20900A0E177A6FFFA000050E3F7
:107220000D00001A070000EA0C00D6E5000050E34C
:107230000200001A000095E5020880E3000085E5E1
:107240000000E0E3C1FFFFEA121E8FE20900A0E1A7
:1072500069A6FFFA000050E3DEFFFF0A14119FE564
:107260003C20A0E30700A0E1E9A6FFEB0C20A0E38F
:107270001A1084E20F0087E2B0A6FFEB1A0084E246
:1072800097A6FFFA0C0050E30100000A0000E0E3BB
:10729000AEFFFFEAE0009FE50820A0E31A1084E2B9
:1072A000A6A6FFEB3A5E8DE20540A0E10120A0E337
:1072B0000710A0E10400A0E1D71C00EBBC109FE583
:1072C0001C4081E5B8409FE5000050E30B00001A28
:1072D0000170A0E30070C4E5092DA0E3101085E261
:1072E0000D00A0E1CAA6FFEB3A3E8DE20F0093E845
:1072F0005A1A00EB010050E30000001A0C70C6E5BA
:107300000000D4E5010050E30300001A0500A0E1ED
:10731000DE1A00EB0000A0E30000C4E50800A0E1D5
:10732000E81A00EB0C00D6E5000050E30100000A6B
:107330000000A0E385FFFFEA0000E0E383FFFFEA2F
:1073400030F8020030080300B0010300333A0000B7
:10735000C8370400333A2F42454C4D4F4E545F48D6
:1073600045580000C86104002E68657800000000E0
:107370002E48455800000000F4F7020024030300E3
:107380000403030046010300F04F2DE99DDF4DE2A9
:107390000040A0E10000A0E314008DE50070A0E330
:1073A0000090A0E30800A0E3244A00EBD8B89FE5D2
:1073B00010009BE5000050E30800001A9A0EA0E3BD
:1073C000D6A3FFFA10008BE514008BE52010A0E394
:1073D000274700EB200080E2020180E310008BE5EC
:1073E00014009BE5000050E30300000A48009BE501
:1073F000000050E30300000A0B0000EA0100A0E3D4
:107400009DDF8DE2F08FBDE8190DA0E3C3A3FFFA65
:10741000400080E248008BE52010A0E3144700EB19
:10742000200080E2020180E344008BE548009BE5F8
:10743000000050E30E00000A50089FE5001090E5A0
:10744000011081E2001080E544A89FE50000DAE524
:10745000300050E30800000A310050E30600000A43
:10746000320050E30400000A330050E30200000A37
:10747000050000EA0100A0E3E0FFFFEA180084E253
:10748000063200EB0068A0E12668A0E10000DAE522
:10749000410050E30700000A420050E30500000AE3
:1074A000430050E30300000A440050E30100000AD7
:1074B000450050E30300001A030084E2F73100EBBB
:1074C0000068A0E12668A0E10120A0E30410A0E18B
:1074D00018008DE2501C00EBB8879FE5000050E3D8
:1074E0000400000A000098E5020480E3000088E53B
:1074F0000100A0E3C1FFFFEA18008DE23C008BE52C
:1075000010109BE514308DE23620A0E318008DE2C8
:107510009F1D00EBB411DDE1000051E30100000A02
:10752000000050E30400000A000098E5020480E334
:10753000000088E50100A0E3B0FFFFEA10009BE532
:107540000010D0E5420051E30200001A0110D0E51E
:107550004D0051E30400000A000098E5020480E3B6
:10756000000088E50100A0E3A4FFFFEA0A10D0E5CF
:107570000B20D0E5021481E10C20D0E5021881E156
:107580000D20D0E5021C81E110108DE51210D0E530
:107590001320D0E5021481E11420D0E5021881E126
:1075A0001520D0E5024C81E1000054E30100000AFF
:1075B000320E54E30400009A000098E5010580E3D0
:1075C000000088E50100A0E38CFFFFEA1610D0E57B
:1075D0001720D0E5021481E11820D0E51900D0E58C
:1075E000021881E1005C81E1000055E30100000A1E
:1075F0001E0E55E30400009A000098E5010580E3A3
:10760000000088E50100A0E37CFFFFEA0000DBE565
:10761000020050E30E00001A08208DE20010A0E3E3
:107620000600A0E11CE1FFEB08009DE5040050E12D
:107630000200001A0C009DE5050050E10400000A5C
:10764000000098E5010480E3000088E50100A0E364
:107650006AFFFFEA10009BE51F20A0E31C00D0E5B5
:10766000180050E30600001A0170A0E3841084E0C3
:107670002C108BE5811182E0A112A0E10111A0E1A3
:1076800030108BE5100050E30600001A0270A0E3F2
:107690008400A0E12C008BE5040282E0A002A0E1BE
:1076A0000001A0E130008BE5000057E30400000A70
:1076B000E4159FE50000D1E5000050E30500000A55
:1076C0000A0000EA000098E5020480E3000088E573
:1076D0000100A0E349FFFFEA0020DAE5300052E3B1
:1076E0000200001AB4259FE50238A0E3003082E5CD
:1076F000000050E30500001A0000DAE5410050E305
:107700000200001A98159FE590059FE5041080E59A
:1077100010209DE50030A0E318008DE2F31900EB86
:10772000FF0C56E30500003A0000DBE5010050E3E2
:107730000200001A64059FE5040090E5A095A0E111
:1077400060059FE5FF0C56E30500003A0010DBE5FD
:10775000020051E30200001A141090E5861181E046
:10776000049091E5FF0C56E30500002A0010DBE5CC
:10777000010051E30200001A20159FE5001091E579
:10778000A195A0E1FF0C56E30500002A0010DBE5FF
:10779000020051E30200001A141090E5861181E006
:1077A000049091E5FC049FE5100090E534008BE522
:1077B000D4A49FE5961EA0E310009AE5B1A5FFEBC7
:1077C00010109AE530209AE514308DE218008DE211
:1077D000EF1C00EB000050E30400000A000098E5F5
:1077E000020480E3000088E50100A0E303FFFFEA54
:1077F000B401DDE1000050E31100000A88149FE5A8
:10780000301091E5010050E13400000A94049FE536
:10781000101090E570049FE5340090E5010040E011
:107820008410A0E1950101E0010050E11D00000A73
:10783000000098E5020480E3000088E50100A0E371
:10784000EEFEFFEA5C049FE5101090E538049FE52A
:10785000340090E5010040E08410A0E1950101E0D2
:10786000010050E10400000A000098E5020480E3F2
:10787000000088E50100A0E3E0FEFFEA28149FE590
:107880000100A0E30000C1E50538A0E10428A0E163
:107890002338A0E12228A0E10910A0E10600A0E120
:1078A00063E7FFEB090000EAFC139FE50100A0E39A
:1078B0000000C1E50538A0E10428A0E12338A0E1DB
:1078C0002228A0E10910A0E10600A0E158E7FFEBA3
:1078D000B4A39FE50000A0E30500CAE59D0000EA0F
:1078E000010057E32F00001A00A0A0E398039FE5D2
:1078F000440090E56C028DE58C039FE52C0090E53B
:1079000068028DE51E0000EA100092E50A1080E092
:107910000230D1E50110D1E50A00D0E7A331A0E1A2
:107920008335A0E12111A0E1811283E1A00181E171
:10793000BA00C2E12024A0E104208DE500008DE51D
:1079400068029DE50310A0E3CCAAFFEB80B0A0E1A4
:107950000310A0E30A00A0E1C8AAFFEB000060E268
:1079600080108BE06C029DE5001081E000009DE539
:10797000020041E504209DE5012041E503008AE283
:1079800001A8C0E368029DE5FC229FE500005AE1E2
:10799000DCFFFF3AF0029FE56C129DE5100090E5D8
:1079A0008420A0E1E5A4FFEB020057E31D00001ACC
:1079B0000000A0E3D0329FE52C2093E544C093E57E
:1079C000130000EA101093E500A0D1E7001081E059
:1079D0000110D1E501148AE1BC10C3E11FAB01E243
:1079E0003EBE01E28AA0A0E18BA08AE11F1001E265
:1079F0000A1081E1BA10C3E121B4A0E100A042E085
:107A00000CA08AE002104AE501B04AE5020080E2DB
:107A10000108C0E3020050E1E9FFFF3A100093E5DE
:107A20000C10A0E1C5A4FFEB0000A0E358A29FE565
:107A30008430A0E1120000EA841060E0011041E20D
:107A40000128A0E12228A0E110109AE500C081E001
:107A500001B0DCE502E0D1E701E0CCE502B0C1E72E
:107A6000012042E20228A0E12228A0E100C0D1E7E3
:107A700002B0D1E700B0C1E702C0C1E7020080E276
:107A80000108C0E3A30050E1EAFFFF3A14129FE5AA
:107A900034009AE5101091E5842080E0021781E21D
:107AA000EE1B81E2010052E10400009A000098E51B
:107AB000010580E3000088E50100A0E34FFEFFEA36
:107AC00010109AE50320A0E19CA4FFEB34009AE596
:107AD000840080E034008AE534FFFFEAC4B19FE50A
:107AE0008000A0E110109BE58470A0E1901421E0DB
:107AF00010009AE50720A0E190A4FFEB0500DAE56D
:107B000010109BE5002045E0012042E28220A0E128
:107B1000921423E08000A0E1941020E00720A0E16F
:107B20000310A0E185A4FFEB0510DAE510009BE54A
:107B30000720A0E1011045E0011041E28110A0E121
:107B4000910420E010109AE57CA4FFEB0500DAE533
:107B5000010080E20500CAE50500DAE5A50050E174
:107B6000DDFFFF3A0100DAE5010050E30C00001AE6
:107B70000000A0E32C119FE5102091E58410A0E106
:107B8000950101E0040000EA0030D2E71CC09AE54C
:107B90000C3083E01C308AE5010080E2000051E1F6
:107BA000F8FFFF8A8905A0E10030DAE534109AE594
:107BB0000070A0E10620A0E1E2E5FFEB38008AE5D5
:107BC000001098E5020611E30100000A0100A0E39D
:107BD0000AFEFFEAFF0C56E30400003A0010DAE563
:107BE000010051E30100001AB0109FE5040081E597
:107BF000FF0C56E30400002A0010DAE5010051E30F
:107C00000100001A94109FE5000081E588109FE5AF
:107C10000100A0E30000C1E570009FE5041090E5BD
:107C2000011081E2041080E50100DAE5010050E373
:107C30000500001A0528A0E10418A0E12228A0E10F
:107C40002118A0E10700A0E12FF6FFEB14009AE550
:107C5000000050E30300000ACBA1FFFA0000A0E3FC
:107C600010008AE514008AE548009AE5000050E318
:107C70000300000AC4A1FFFA0000A0E348008AE55F
:107C800044008AE50000A0E3DCFDFFEA9801030060
:107C9000E861040045000300B00103004700030051
:107CA000F46104000000220BA0350300460003002D
:107CB000F0412DE90070A0E10180A0E1005097E5BE
:107CC000000058E30600000A0810A0E10700A0E148
:107CD0008D2000EB020050E30900002A0100A0E320
:107CE000F081BDE8146095E5000056E30200000A4B
:107CF0001C0095E5060050E10700008A0160A0E342
:107D0000050000EA010070E3F4FFFF0A1C1095E58E
:107D1000000051E1F1FFFF8A0860A0E1180095E53D
:107D2000000050E31E00000A0000D5E5040050E307
:107D30001D00000A0040A0E3080056E11500001AEB
:107D4000014086E21C0095E5040050E10000008A35
:107D50000240A0E30410A0E10700A0E16A2000EBCC
:107D6000010050E3DDFFFF0A010070E3DBFFFF0AC3
:107D7000000050E30700000A140095E5020050E3FC
:107D80000300003A1C1095E5000051E10000009A44
:107D90000060A0E10040A0E3000054E34600000AB8
:107DA0005C0000EA0000A0E3F081BDE80120A0E350
:107DB0000610A0E10500A0E1931E00EB0040A0E149
:107DC0000400B0E11000000A010074E30E00000A94
:107DD0000130A0E30320A0E10410A0E10500A0E130
:107DE00007F5FFEB020050E30900000A010050E331
:107DF0000900000A000058E30900000A0710D7E54F
:107E0000020051E30900000A100000EA0400A0E1AA
:107E1000F081BDE80100A0E3F081BDE80000E0E3EF
:107E2000F081BDE80210A0E30710C7E5070000EAF3
:107E3000011086E2010054E10400000A081097E5F1
:107E4000011046E0181087E50310A0E30710C7E50E
:107E50000710D7E5020051E33A00000A011088E25A
:107E6000010054E10700001A1C1097E5000051E3DF
:107E70000100000A011081E2000000EA0210A0E304
:107E80001C1087E52F0000EA1C0097E50160A0E3C5
:107E9000000050E30000001A1C6087E50420A0E108
:107EA0000810A0E10700A0E13E1E00EB000050E337
:107EB0002400001A1C6087E5220000EA0640A0E1C9
:107EC000014084E21C0095E5040050E10400008AB2
:107ED0000240A0E3020056E30100002A0000A0E3F4
:107EE000F081BDE80410A0E10700A0E1062000EB4E
:107EF000000050E30700000A010050E377FFFF0A8B
:107F0000010070E375FFFF0A060054E1EBFFFF1A62
:107F10000000A0E3F081BDE80020E0E30410A0E150
:107F20000500A0E1CB3C00EB000050E30500001A87
:107F3000000058E30300000A0420A0E10810A0E1BB
:107F40000500A0E1C33C00EB000050E30400000A80
:107F5000010050E30E00000A0140A0E30400A0E18C
:107F6000F081BDE8144085E51C1095E5180095E505
:107F7000021041E2010050E10100008A010040E2EC
:107F8000180085E50400D5E5010080E30400C5E59F
:107F9000F1FFFFEA0040E0E3EFFFFFEAF34F2DE9D6
:107FA00004D04DE20170A0E1000097E500008DE5EE
:107FB00004009DE5000090E50CA090E50040A0E3E2
:107FC0000D00A0E1F84A00EB010070E31700000A81
:107FD000010850E30400003A0410A0E12028A0E1C9
:107FE00081108AE0014084E2B020C1E10058A0E1A4
:107FF0002558A0E1200055E30E00003A2F0055E37C
:108000000C00000A5C0055E30A00000A800055E3FA
:108010000C00002A0510A0E1C70F8FE2F0A2FFFBC1
:10802000000050E30700000A0600A0E3FE8FBDE851
:108030000600A0E3FE8FBDE8200055E30C00002AF7
:108040000460A0E3160000EAFF0054E30100003AD8
:108050000600A0E3FE8FBDE80400A0E180008AE0F6
:10806000014084E2B050C0E1D4FFFFEA010080E2A9
:1080700000008DE500009DE50010D0E52F0051E3E4
:10808000F9FFFF0A5C0051E3F7FFFF0A0060A0E37D
:1080900000009DE50000D0E5200050E30000002A2C
:1080A0000460A0E300009DE5000087E5070000EA0A
:1080B000010044E280008AE0B000D0E1200050E3FB
:1080C0000100000A2E0050E30200001A014044E2C1
:1080D000000054E3F5FFFF1A0000A0E384108AE0DB
:1080E000B000C1E1000054E30100000A0070A0E309
:1080F000020000EA0600A0E3FE8FBDE8017087E2FF
:1081000087008AE0B000D0E1200050E3FAFFFF0AC8
:10811000000057E30200001AB000DAE12E0050E33D
:108120000200001A036086E3000000EA014044E216
:10813000000054E30400000A010044E280008AE0E9
:10814000B000D0E12E0050E3F7FFFF1A04009DE5D8
:108150002020A0E30B10A0E3400080E245A3FFEB4A
:108160000080A0E30890A0E108B0A0E30700A0E130
:1081700080008AE0B050D0E1017087E2000055E352
:108180001800000A200055E30300000A2E0055E302
:108190000300001A040057E10100000A036086E3AF
:1081A000F1FFFFEA0B0058E10100002A040057E14B
:1081B0001100001A0B005BE30900000A040057E1FC
:1081C0000000000A036086E30600008A0470A0E154
:1081D0000880A0E30BB0A0E3090DA0E1209CA0E182
:1081E000E1FFFFEA036086E304009DE54000D0E57F
:1081F000E50050E33600000A380000EA800055E34D
:108200000900003A026086E338119FE50500A0E10D
:108210009C1C00EB0050A0E1800015E30200000A66
:1082200024119FE57F0005E20050D1E7010C55E3E2
:108230000C00003A01004BE2000058E10200003A55
:10824000036086E30B80A0E1C7FFFFEA04109DE511
:108250000800A0E12524A0E1010080E0018088E27F
:108260004020C0E5140000EA000055E30400000AC5
:108270000510A0E1D4008FE259A2FFFB000050E3FB
:108280000200000A5F50A0E3036086E30A0000EAF0
:10829000410045E2190050E30000008A029089E3A2
:1082A000610045E2190050E30300008A019089E370
:1082B000200045E20058A0E12558A0E104109DE50A
:1082C0000800A0E1010080E0018088E24050C0E5A4
:1082D000A5FFFFEA04009DE50510A0E34010C0E5FE
:1082E00008005BE30100001A090DA0E1209CA0E159
:1082F0000C00A0E30900D0E10200000A0300A0E3A3
:108300000900D0E10000001A026086E3020016E3D3
:108310000500001A010019E30000000A106086E35E
:10832000040019E30000000A086086E304009DE5EC
:108330004B60C0E50000A0E3FE8FBDE82A3A3C3E5A
:108340007C223F7F00000000B501000079F80200A8
:108350002B2C3B3D5B5D0000F05F2DE90060A0E150
:108360000190A0E14010A0E30600A0E1C5A2FFEB50
:108370008500A0E30000C6E5C000A0E32000C6E53C
:108380004040A0E30050A0E30580A0E10170A0E31D
:1083900000A0A0E3C1B0A0E3010084E204B0C6E7FE
:1083A000014080E200A0C6E7000057E30500000A94
:1083B000850089E0B070D0E1000057E30100000AB9
:1083C000010085E2FF5000E2040086E00710A0E112
:1083D000F64400EB024084E21F0014E3F1FFFF1AB1
:1083E000010088E2FF8000E2850089E0B000D0E172
:1083F000000050E3E7FFFF1A2350C6E5010088E2C2
:108400000100C6E50900A0E1585800EB0010A0E10A
:10841000240086E2F05FBDE8E44400EA000050E397
:108420000100000A0000A0E31EFF2FE10000A0E30E
:108430001EFF2FE1000050E30100000A0000A0E34E
:108440001EFF2FE10000A0E31EFF2FE10200D0E598
:10845000060050E30500000A18009FE50010D0E573
:10846000021081E30010C0E50000A0E31EFF2FE131
:108470000100A0E31EFF2FE104030300F04F2DE9EC
:108480005CD04DE20040A0E10260A0E10090A0E3DA
:108490000050A0E3FF1001E20400A0E1505800EBFF
:1084A00000A0A0E1010084E2BEFAFFEBFF0000E2C1
:1084B0003C008DE5DC7E9FE5B601D7E100B0A0E38E
:1084C000000050E30B00000A0300D4E5440050E331
:1084D0000800000A0330A0E30220A0E30A10A0E392
:1084E0003100A0E31FF8FFEBB6B1C7E10100A0E344
:1084F0005CD08DE2F08FBDE80300D4E5590050E375
:108500000200001A0410D4E5360051E30100001AFD
:10851000590050E30600000A0A00D7E5590050E36D
:108520000300001A700E9FE501B0C0E504B080E5BD
:1085300000B0C0E50300D4E50A00C7E5B011D7E1FB
:10854000BE12C7E1410040E2190050E31680A0E3EB
:1085500000F18F30F90E00EA360500EAB30400EAB4
:10856000200300EA140000EA7E0C00EA990D00EAFC
:10857000580100EAF20C00EA3A0500EAEF0E00EAC0
:10858000EE0E00EAED0E00EAC70300EAD20E00EAA2
:10859000EA0E00EA1C0200EAAD0200EAE70E00EA79
:1085A000E60E00EAE50E00EAE40E00EAE30E00EA59
:1085B000D40800EA010D00EA4F0B00EA1000D4E5F0
:1085C0002C0050E30300000A2A0050E30100000AD7
:1085D0000000A0E3C5FFFFEA0400D4E5300050E34B
:1085E0000100000A310050E30000001AB6B1C7E1F3
:1085F000300050E30500000A310050E30300000A98
:10860000380050E30100000A390050E32401001A49
:10861000880D9FE558008DE5B000D0E1BC01CDE1AB
:108620007C0D9FE554008DE5B200D0E1BE01CDE1A7
:10863000700D9FE550008DE5B400D0E1B002CDE1B2
:10864000642D9FE5641D9FE5640D9FE5BBA1FFEBD5
:10865000850085E0009184E00B00D9E5310040E21F
:10866000030050E30100003A0000A0E39FFFFFEA8F
:108670000B0089E20DFAFFEBFF0000E2FF0050E380
:108680001900000A010040E2FF8000E20410D7E573
:108690000100A0E31008A0E1010010E10A00000AB7
:1086A0001C208DE2882082E0B0B0C2E1082488E07E
:1086B000883482E0F82C9FE5832082E0062C82E259
:1086C000B0B0C2E10000C1E10400C7E51C008DE2CA
:1086D000880080E04C008DE5B000D0E1800050E3E0
:1086E0000300003A0000A0E380FFFFEA0000A0E3DF
:1086F0007EFFFFEABC1C9FE5010088E20400C1E5A3
:10870000050089E24AFAFFEBA81C9FE5B000C1E131
:10871000080089E246FAFFEB981C9FE5B200C1E130
:10872000B020D1E1901C9FE5010052E10100001A48
:108730000000A0E36DFFFFEA010050E10100001A14
:108740000000A0E369FFFFEA0C0089E283F9FFEB78
:10875000681C9FE5010050E10100001A0000A0E341
:1087600062FFFFEA0C0089E27CF9FFEB449C9FE585
:108770000008A0E12008A0E1B600C9E10410D9E595
:10878000011041E2030051E30100003A0000A0E3C0
:1087900056FFFFEAB010D9E1320E51E30200008A21
:1087A000B210D9E11E0E51E30300009A101C9FE5A0
:1087B000002091E5012682E3002081E50A2089E27C
:1087C000081089E2C6C1FFEB000050E30300001A65
:1087D000EC0B9FE5001090E5021781E3001080E5A7
:1087E000B000D9E1B820D9E1021080E0320E51E3A7
:1087F0000400008AB210D9E1BA30D9E1031081E057
:108800001E0E51E30300009AB41B9FE5003091E572
:10881000013683E3003081E5A41B9FE5001091E55C
:10882000010611E30A00000A940B9FE5001090E591
:108830000116C1E3001080E50330A0E30220A0E3AD
:108840000810A0E33100A0E346F7FFEB0100A0E32E
:1088500026FFFFEA020711E30A00000A600B9FE50A
:10886000001090E50217C1E3001080E50330A0E39B
:108870000120A0E30810A0E33100A0E339F7FFEBEB
:108880000100A0E319FFFFEA00808DE5BA30D9E1CD
:10889000B210D9E1C7AFFFEB5C0087E5010070E3E0
:1088A0001200000A082488E0883482E0002B9FE54B
:1088B000B010D9E1832082E0800080E0000182E0F6
:1088C000B010C0E1B210D9E1B210C0E1B610D9E1E8
:1088D000B610C0E10410D9E50410C0E5BA10D9E122
:1088E000BA10C0E1B810D9E1B810C0E1180000EA30
:1088F0004C009DE5B010D0E1080488E0882480E0B9
:10890000AC0A9FE5820080E0062CA0E3B01082E173
:10891000B020D9E1813081E0030180E0B020C0E1E6
:10892000B220D9E1B220C0E1B620D9E1B620C0E141
:108930000420D9E50420C0E5BA20D9E1BA20C0E17D
:10894000B820D9E1B820C0E1010081E24C109DE5DA
:10895000B000C1E14C009DE5B000D0E1800050E3E3
:108960000100003A0000A0E3E0FEFFEA081488E0FE
:10897000882481E0381A9FE5821081E0061C81E29C
:10898000B000C1E1010085E20158C0E3010045E209
:10899000800080E0000184E01000D0E52C0050E36E
:1089A0000100001A010C55E328FFFF3AF8299FE562
:1089B000FC199FE5F4099FE5E0A0FFEB0400D4E576
:1089C000300050E30800000A310050E30600000ABE
:1089D00004B0C7E50400D4E5300050E32B00000AE2
:1089E000380050E32900000A2D0000EA58109DE5E8
:1089F000B0C0D1E100005CE30200000A0410D7E53A
:108A0000011081E30410C7E554109DE5B210D1E1D7
:108A1000000051E30200000A0420D7E5022082E3AF
:108A20000420C7E550209DE5B420D2E1000052E3C8
:108A30000200000A0430D7E5043083E30430C7E5C0
:108A400006B0C7E57C399FE50A008DE8300040E2BA
:108A500008208DE570399FE550199FE5FF0000E281
:108A60000C20A0E198B6FFEB0600D7E5010050E32B
:108A70000400000A48099FE5001090E50213C1E3D5
:108A8000001080E5D2FFFFEA0000A0E397FEFFEAB6
:108A90000030A0E30320A0E10310A0E10A00A0E160
:108AA000FAF5FFEB0400D4E5380050E30100000ABA
:108AB000390050E30100001A6410A0E3B611C7E1C9
:108AC000310050E30100000A390050E39B0D001A09
:108AD0000100A0E385FEFFEA0400D4E5300040E297
:108AE000080050E300F18F30940D00EA060000EA20
:108AF0001F0000EA380000EA4D0000EA620000EAC8
:108B00007B0000EA900000EAA90000EA0510D4E525
:108B1000310041E2030050E30100003A0000A0E30D
:108B200072FEFFEA0600D4E5312040E2030052E382
:108B30000300003A460050E30100000A0000A0E3F1
:108B40006AFEFFEA302040E2301041E20B00A0E173
:108B5000D6B6FFEB000056E3780D001A0030A0E314
:108B60000320A0E10310A0E10A00A0E1C7F5FFEB9C
:108B7000720D00EA0510D4E5310041E2030050E334
:108B80000100003A0000A0E358FEFFEA0600D4E529
:108B9000312040E2030052E30300003A460050E374
:108BA0000100000A0000A0E350FEFFEA302040E28E
:108BB000301041E20100A0E3BCB6FFEB000056E339
:108BC0005E0D001A0030A0E30320A0E10310A0E135
:108BD0000A00A0E1ADF5FFEB580D00EA0500D4E571
:108BE000460050E30100000A0000A0E33FFEFFEA58
:108BF0000600D4E5460050E30100000A0000A0E3AF
:108C00003AFEFFEA1620A0E30210A0E10200A0E372
:108C1000A6B6FFEB000056E3480D001A0030A0E3B3
:108C20000320A0E10310A0E10A00A0E197F5FFEB0B
:108C3000420D00EA0500D4E5460050E30100000AB9
:108C40000000A0E329FEFFEA0600D4E5460050E359
:108C50000100000A0000A0E324FEFFEA1620A0E3C2
:108C60000210A0E10300A0E390B6FFEB000056E382
:108C7000320D001A0030A0E30320A0E10310A0E1B0
:108C80000A00A0E181F5FFEB2C0D00EA0510D4E508
:108C9000310041E2030050E30100003A0000A0E38C
:108CA00012FEFFEA0600D4E5312040E2030052E361
:108CB0000300003A460050E30100000A0000A0E370
:108CC0000AFEFFEA302040E2301041E20400A0E357
:108CD00076B6FFEB000056E3180D001A0030A0E353
:108CE0000320A0E10310A0E10A00A0E167F5FFEB7B
:108CF000120D00EA0500D4E5460050E30100000A29
:108D00000000A0E3F9FDFFEA0600D4E5460050E3C9
:108D10000100000A0000A0E3F4FDFFEA1620A0E332
:108D20000210A0E10500A0E360B6FFEB000056E3EF
:108D3000020D001A0030A0E30320A0E10310A0E11F
:108D40000A00A0E151F5FFEBFC0C00EA0510D4E5A8
:108D5000310041E2030050E30100003A0000A0E3CB
:108D6000E2FDFFEA0600D4E5312040E2030052E3D1
:108D70000300003A460050E30100000A0000A0E3AF
:108D8000DAFDFFEA302040E2301041E20600A0E3C5
:108D900046B6FFEB000056E3E80C001A0030A0E3F3
:108DA0000320A0E10310A0E10A00A0E137F5FFEBEA
:108DB000E20C00EA0500D4E5460050E30100000A99
:108DC0000000A0E3C9FDFFEA0600D4E5460050E339
:108DD0000100000A0000A0E3C4FDFFEA1620A0E3A2
:108DE0000210A0E10700A0E330B6FFEB000056E35D
:108DF000D20C001A0030A0E30320A0E10310A0E190
:108E00000A00A0E121F5FFEBCC0C00EA00A0C7E5C9
:108E10000400D4E50100C7E502B0C7E503B0C7E52B
:108E2000450050E30400000A0900D4E52A0050E39D
:108E30003200000A0000A0E3ACFDFFEA8CB59FE51C
:108E4000780059E30000003A7790A0E3050185E03F
:108E5000040080E0050080E2C0F7FFEB0008A0E11D
:108E60002008A0E189108BE0B000C1E1FF1C40E2C6
:108E7000FF1051E20300000AFF0C50E30300002A38
:108E80000000A0E399FDFFEA0000A0E397FDFFEAE0
:108E9000010085E20158C0E3010089E2FF9000E291
:108EA000010045E2000180E0040080E00900D0E517
:108EB0002C0050E30100001A010C55E3DFFFFF3ADC
:108EC0000C059FE50080C0E5000056E30500001A90
:108ED000175400EB002080E20030A0E30110A0E373
:108EE0000A00A0E1E9F4FFEBD74E00EBDC149FE5AC
:108EF0000920A0E10E00A0E34AE9FFEB8F0C00EA95
:108F0000050084E295F7FFEBFF1C40E2FF1051E201
:108F10000100000A0000A0E374FDFFEA0400D4E5AC
:108F2000300050E30F00000A310050E30D00000A4A
:108F3000320050E30B00000A330050E30900000A3E
:108F4000410050E30700000A420050E30500000A18
:108F5000430050E30300000A440050E30100000A0C
:108F60000000A0E361FDFFEA64049FE50080C0E526
:108F70000400D4E5300050E30400000A410050E34F
:108F80000200000A000056E31800000A1D0000EA73
:108F9000000056E30500001AE55300EB30249FE57E
:108FA0000030A0E30110A0E30A00A0E1B7F4FFEB5A
:108FB000A54E00EB0400D4E5300050E30300001A96
:108FC00008149FE50B00A0E10020A0E315E9FFEBEA
:108FD0000400D4E5410050E3580C001AEC139FE55F
:108FE0000A00A0E30020A0E30EE9FFEB530C00EA27
:108FF000CF5300EBD8239FE50030A0E30110A0E39E
:109000000A00A0E1A1F4FFEB8F4E00EB0400D4E5D1
:10901000300040E2090050E30300008AAC139FE5F2
:10902000FF0000E20020A0E3FEE8FFEB0400D4E52F
:10903000411040E2050051E3400C008A370040E255
:1090400088139FE5FF0000E20020A0E3F5E8FFEBB6
:109050003A0C00EA0900D4E52C0050E30300000AB2
:109060002A0050E30100000A0000A0E31FFDFFEA10
:109070000400D4E5300050E30200000A310050E360
:109080002E0C001A2D0000EA0000A0E30020A0E151
:109090000010A0E1C5B1FFEB20939FE52C839FE575
:1090A000050185E0040080E0050080E22BF7FFEB7E
:1090B000090050E10F00000AB000C8E10120A0E360
:1090C00008139FE50200A0E1B8B1FFEB000050E3F8
:1090D0000C00000A010085E20158C0E3010045E2EE
:1090E000000180E0040080E00900D0E52C0050E39E
:1090F0000200000A030000EA0000A0E3FBFCFFEA14
:10910000010C55E3E5FFFF3AB4029FE5000090E54E
:10911000030310E30100000A0100A0E3F3FCFFEAEF
:10912000000056E3050C001A0030A0E30320A0E184
:109130000310A0E10A00A0E154F4FFEBFF0B00EAEA
:1091400078829FE5050185E0040080E0050080E26B
:1091500002F7FFEB080050E11000000A6C129FE5D7
:10916000B000C1E10400D4E50120A0E30F0000E25B
:109170008EB1FFEB000050E30C00000A010085E215
:109180000158C0E3010045E2000180E0040080E0F6
:109190000900D0E52C0050E30200000A030000EAB9
:1091A0000000A0E3D1FCFFEA010C55E3E4FFFF3A25
:1091B0000C029FE5000090E5030310E30100000AA4
:1091C0000100A0E3C9FCFFEA000056E3DB0B001A34
:1091D0000030A0E30320A0E10310A0E10A00A0E119
:1091E0002AF4FFEBD50B00EA0400D4E5E4519FE537
:1091F000300050E30200000A310050E3CF0B001AA8
:10920000750000EA1100D4E52A0050E30100000ACD
:109210000000A0E3B5FCFFEA871D00EBA0819FE5FD
:109220000000D8E5400010E30100000A0000A0E3C0
:10923000AEFCFFEA0100A0E30000C5E5050084E202
:1092400032F7FFEB1C0085E5070084E22FF7FFEB08
:10925000180085E5090084E22CF7FFEB140085E592
:109260000B0084E229F7FFEB0C0085E50D0084E29A
:1092700026F7FFEB080085E50F0084E223F7FFEBFC
:10928000040085E51C0095E5FF0050E30300000A9B
:10929000630050E30100008A0F0050E30100002A40
:1092A0000000A0E391FCFFEA7D2E80E21C2085E512
:1092B000180095E5FF0050E30300000A000050E3AA
:1092C0000100000A0C0050E30100009A0000A0E336
:1092D00086FCFFEA141095E5FF0051E30800000A40
:1092E000000051E30600000AFF1000E27D0E42E29A
:1092F000FF0000E29BEFFFEB141095E5010050E149
:109300000100002A0000A0E378FCFFEA0C0095E5CC
:10931000FF0050E30100000A170050E30100009A2B
:109320000000A0E371FCFFEA080095E5FF0050E3B0
:109330000100000A3B0050E30100009A0000A0E396
:109340006AFCFFEA040095E5FF0050E30100000A13
:109350003B0050E30100009A0000A0E363FCFFEA39
:1093600070109FE50000A0E3C1DCFFEB000098E572
:109370000202C0E3000088E5000056E36F0B001A0C
:109380000030A0E30320A0E10310A0E10A00A0E167
:10939000BEF3FFEB690B00EA440003002435030031
:1093A00060140300601A030060200300061200002E
:1093B000600E0300662003000C350300FFFF000071
:1093C000FFFF0F00B0010300641A030062140300E2
:1093D0009C3303008C3403006C3303000500D4E598
:1093E0002A0050E30100000A0000A0E33FFCFFEA6E
:1093F000111D00EB38001FE518149FE5000090E5F3
:10940000010010E10800000A3C001FE500B0C0E5C3
:1094100001B0C0E502B0C0E59910A0E30310C0E5BB
:109420000410C0E50510C0E5170000EA5C101FE558
:109430000000A0E3F3DBFFEB1C00D5E57D0E40E26E
:10944000FF0000E2D6B3FFEB7C401FE50000C4E55F
:109450001800D5E5D2B3FFEB0100C4E51400D5E553
:10946000CFB3FFEB0200C4E50C00D5E5CCB3FFEBB6
:109470000300C4E50800D5E5C9B3FFEB0400C4E56B
:109480000400D5E5C6B3FFEB0500C4E5000056E3D4
:109490002A0B001AC8201FE50030A0E30610A0E345
:1094A0000A00A0E179F3FFEB240B00EA0800D4E501
:1094B0002A0050E30100000A0000A0E30BFCFFEAD1
:1094C0000400D4E5300040E2070050E300F18F30A3
:1094D0001A0B00EA4A0000EA2B0000EA030000EA47
:1094E000160B00EA640000EA8A0000EAB50000EA10
:1094F000050084E2CEF6FFEBFF1C40E2FF1051E2D4
:109500000500000A050084E2C9F6FFEBFF0050E306
:109510000300009A0000A0E3F4FBFFEA0000A0E3D0
:10952000F2FBFFEA050084E2C1F6FFEBE8529FE59B
:10953000B800C5E10020A0E1E8029FE5B71F8FE277
:10954000000090E5030C80E2720080E2689CFFFA64
:109550000600D5E5010010E30300001A050084E2CF
:10956000B3F6FFEBFF0000E29EA8FFEB000056E31E
:10957000F20A001A0030A0E30320A0E10310A0E1EA
:109580000A00A0E141F3FFEBEC0A00EA0500D4E594
:10959000460050E30500001A0600D4E5460050E3FB
:1095A0000200001A0700D4E5460050E30100000A5B
:1095B0000000A0E3CDFBFFEA5C429FE50B20A0E1A9
:1095C00006B0C4E55C029FE5251E8FE2000090E531
:1095D000030C80E29F0080E2459CFFFA0800D4E57E
:1095E00080A8FFEB000056E3D40A001A0030A0E385
:1095F0000320A0E10310A0E10A00A0E123F3FFEBA8
:10960000CE0A00EA0500D4E5460050E30500001A42
:109610000600D4E5460050E30200001A0700D4E536
:10962000460050E30100000A0000A0E3AFFBFFEAA0
:10963000E4019FE50120A0E30620C0E5E4019FE5E9
:10964000761F8FE2000090E5030C80E29F0080E22D
:10965000279CFFFAFF00A0E362A8FFEB000056E39F
:10966000B60A001A0030A0E30320A0E10310A0E135
:109670000A00A0E105F3FFEBB00A00EA050084E26E
:109680006BF6FFEBFF1C40E2FF1051E20500000A01
:10969000050084E266F6FFEB030050E30300009A46
:1096A0000000A0E391FBFFEA0000A0E38FFBFFEACC
:1096B000050084E25EF6FFEB000050E30D00000AB7
:1096C000050084E25AF6FFEBFF2000E248019FE527
:1096D0000020C0E54C019FE5051D8FE2000090E5EC
:1096E000030C80E27B0080E2019CFFFA000056E35D
:1096F0000200000A910A00EA0000A0E37BFBFFEAF7
:109700000030A0E30320A0E10310A0E10A00A0E1E3
:10971000DEF2FFEB890A00EA050084E244F6FFEB83
:10972000FF1C40E2FF1051E20500000A050084E240
:109730003FF6FFEBFF0050E30300009A0000A0E3B8
:109740006AFBFFEA0000A0E368FBFFEA050084E291
:1097500037F6FFEB000050E30E00000A050084E23C
:1097600033F6FFEBC0109FE5B000C1E1000050E30D
:109770000A00000A0100A0E3963500EB184000EB58
:10978000C4031FE5000090E5010310E30500000A93
:109790000100A0E355FBFFEA0000A0E353FBFFEA52
:1097A0000000A0E351FBFFEA000056E3630A001A41
:1097B0000030A0E30320A0E10310A0E10A00A0E133
:1097C000B2F2FFEB5D0A00EA0500D4E5460050E383
:1097D0000500001A0600D4E5460050E30200001A16
:1097E0000700D4E5460050E30100000A0000A0E3B2
:1097F0003EFBFFEA331000EB000056E34F0A001A6D
:109800000030A0E30320A0E10310A0E10A00A0E1E2
:109810009EF2FFEB490A00EA4000002018350300E1
:109820002530385800000000C00103004801030043
:109830000900D4E52A0050E30100000A0000A0E37B
:109840002AFBFFEA040084E2C3F5FFEB98541FE50E
:10985000050050E10100001A0000A0E323FBFFEA2D
:10986000050084E2BCF5FFEB050050E10100001AA1
:109870000000A0E31DFBFFEA060084E2B6F5FFEB63
:10988000050050E10100001A0000A0E317FBFFEA09
:10989000070084E2C3F5FFEB050050E10100001A68
:1098A0000000A0E311FBFFEA040084E2AAF5FFEB4D
:1098B0000A0050E30500009A040084E2A6F5FFEBDD
:1098C0000F0050E30100000A0000A0E307FBFFEADD
:1098D000040084E2A0F5FFEB000050E30D00000A55
:1098E000040084E29CF5FFEB0A0050E30900008AC3
:1098F000050084E298F5FFEB020050E30300003A14
:10990000050084E294F5FFEB0F0050E30100009A9C
:109910000000A0E3F5FAFFEA060084E28EF5FFEB13
:10992000090050E31200008A060084E28AF5FFEB8A
:10993000000050E30E00000A0400D4E524549FE523
:10994000460050E31300003A00B0C5E5AE3F00EB1F
:1099500014049FE50010D0E5000051E3FCFFFF1A5E
:1099600008049FE500B0C0E5000056E30200000ACD
:10997000060000EA0000A0E3DCFAFFEA0030A0E302
:109980000320A0E10310A0E10A00A0E13FF2FFEBF9
:109990000100A0E3D5FAFFEA070084E281F5FFEBBE
:1099A000B200C5E1050084E26BF5FFEB0000C5E500
:1099B0000600D4E50F0000E20C00C5E50400D4E584
:1099C000311040E2080051E30300008A0F1000E26A
:1099D0006400A0E3810060E1B400C5E10400D4E5C7
:1099E000410050E30100003AFA0FA0E3B400C5E1E2
:1099F0000400D4E5300050E30100001A0100A0E3A8
:109A00000000C5E5B6B0C5E1000056E3CB09001A79
:109A10000100A0E30D00C5E50EA0C5E50030A0E300
:109A20000A00A0E10320A0E10310A0E117F2FFEB80
:109A30000100A0E3ADFAFFEA0400D4E52A0050E3F8
:109A40000100000A0000A0E3A8FAFFEA7E2F00EB65
:109A50000030A0E388261FE50310A0E10A00A0E182
:109A60000AF2FFEBB50900EAC10F8FE2394400EBBF
:109A700010039FE50000D0E5030050E30100000A59
:109A80000000A0E399FAFFEA1700D4E52C0050E3A8
:109A90000300000A2A0050E30100000A0000A0E3CE
:109AA00092FAFFEAE0029FE50000D0E5010050E3F2
:109AB0000200001A0400D4E5320050E30800000A56
:109AC0000400D4E5300050E30700000A310050E301
:109AD0000500000A320050E30300000A0000A0E382
:109AE00082FAFFEA0000A0E380FAFFEA300050E3C8
:109AF0002800000A94129FE5012CA0E3010C81E2EA
:109B0000C39CFFEB0000A0E318008DE5850085E015
:109B1000050280E0049080E0050089E20EF5FFEB8D
:109B20000080A0E1FF1C48E2FF1051E21700000A8C
:109B3000000058E32C00000A060089E20710A0E3A9
:109B4000C0F4FFEB28008DE528009DE5010070E3DF
:109B50002700000A0D0089E20710A0E3B9F4FFEB2B
:109B60002C008DE52C009DE5010070E32200000A29
:109B70001C029FE5080280E048008DE5080090E5A2
:109B8000FF0050E31E00000A0000A0E357FAFFEABE
:109B90000000A0E355FAFFEAF4019FE5011CA0E3F1
:109BA000C89CFFEB0000A0E3E4219FE5FF30A0E3A9
:109BB000001282E0083081E500B282E704B081E55E
:109BC0000CB081E5010080E20108C0E3100050E321
:109BD000F6FFFF3A08B082E50208A0E3040082E540
:109BE0000604A0E3000082E5C5FFFFEA0000A0E351
:109BF0003EFAFFEA0000A0E33CFAFFEA0000A0E31F
:109C00003AFAFFEA0000A0E3080050E11600000A5B
:109C10007C219FE5001292E7002282E0042092E579
:109C2000012092E01000000A28309DE5010053E178
:109C30000400003A28309DE5030052E10100009A3B
:109C40000000A0E329FAFFEA28309DE52CC09DE53D
:109C50000C3083E0010053E10300009A020053E15D
:109C60000100002A0000A0E320FAFFEA010080E2E0
:109C70000108C0E3100050E3E2FFFF3AD802CDE153
:109C8000010080E00C119FE5010050E10100009A05
:109C90000000A0E315FAFFEA28009DE5060450E362
:109CA0000100002A0000A0E310FAFFEA28009DE569
:109CB0008007B0E10100000A0000A0E30BFAFFEA10
:109CC0002C009DE58007B0E10100000A0000A0E340
:109CD00006FAFFEA140089E29FF4FFEB30008DE5FD
:109CE00030109DE5FF0C41E2FF0050E20700000A42
:109CF00030009DE5000050E30200000A30009DE5C1
:109D0000070050E3030000DA0000A0E3F7F9FFEAE0
:109D10000000A0E3F5F9FFEA30009DE5010050E303
:109D20000500000A30009DE5020050E30200000A31
:109D300030009DE5030050E31B00001A0000A0E383
:109D40004C109FE5080050E11300000A002281E05A
:109D5000082092E530309DE5030052E10E00001A24
:109D60000000A0E3E1F9FFEA686C0400E6010300EB
:109D7000E701030049636F6D6D616E642073746168
:109D800072740D0A0000000070010300400003001F
:109D9000E00B0300E00C030000006209010080E218
:109DA0000108C0E3100050E3E5FFFF3A150089E227
:109DB00056F4FFEB34008DE534109DE5FF0C41E2D5
:109DC000FF0050E20600000A34009DE5000050E369
:109DD0000500000A30009DE5010050E30400000A80
:109DE000080000EA0000A0E3C0F9FFEA0000A0E3D9
:109DF000BEF9FFEA34009DE5030050E30100000ACC
:109E00000000A0E3B9F9FFEA30009DE5020050E34D
:109E10000400001A34009DE50B0050E30100000A25
:109E20000000A0E3B1F9FFEA30009DE5010050E336
:109E30000400001A2C009DE5020650E30100000A10
:109E40000000A0E3A9F9FFEA30009DE5020050E31D
:109E50000400001A2C009DE5020650E30100000AF0
:109E60000000A0E3A1F9FFEA30009DE5030050E304
:109E70000400001A2C009DE5020850E30100000ACE
:109E80000000A0E399F9FFEA30009DE5030050E3EC
:109E90000400001A34009DE5050050E30100000AAB
:109EA0000000A0E391F9FFEA30009DE5040050E3D3
:109EB0000400001A34009DE5040050E30100000A8C
:109EC0000000A0E389F9FFEA3C011FE528109DE5A9
:109ED000081280E748009DE52C109DE5041080E500
:109EE00048009DE534109DE50C1080E548009DE597
:109EF00030109DE5081080E5010085E20158C0E3BF
:109F00000100A0E31018A0E118009DE5010080E128
:109F10000008A0E12008A0E118008DE5010045E25D
:109F2000801080E0000281E0040080E01700D0E5AE
:109F30002C0050E30100001A010C55E3F2FEFF3A39
:109F40004B0FA0E3262A00EB7C0B1FE51310A0E3C8
:109F50000010C0E5000056E30400001A002080E273
:109F60000030A0E30110A0E30A00A0E1C7F0FFEB7E
:109F7000010056E30400001AAC2B1FE50030A0E3FB
:109F80000110A0E30A00A0E123F1FFEB0400D4E5F7
:109F9000300050E30D00001A0150A0E378949FE5D3
:109FA000408049E2050198E7000050E30300000A01
:109FB000050199E7F498FFFA05B188E705B189E74B
:109FC000010085E2FF5000E2100055E3F4FFFF3A84
:109FD0000150A0E318009DE50190A0E3190510E1F0
:109FE0001802000A34849FE5050198E7000050E359
:109FF0001500000A640087E50218A0E3A19BFFEBAF
:10A00000100055E305F18F30590000EA580000EACE
:10A010001C0000EA1F0000EA220000EA250000EA16
:10A02000280000EA2B0000EA2E0000EA310000EAD6
:10A03000340000EA370000EA3A0000EA3D0000EA96
:10A04000400000EA430000EA460000EAD0039FE532
:10A05000B298FFFA640087E5BC139FE5050181E72C
:10A060002010A0E3023C00EB200080E2020180E32C
:10A07000640087E5000050E3E0FFFF0A0218A0E358
:10A08000809BFFEBDDFFFFEA98139FE5640097E5F7
:10A09000000081E5360000EA8C139FE5640097E537
:10A0A000000081E5320000EA80139FE5640097E537
:10A0B000000081E52E0000EA74139FE5640097E537
:10A0C000000081E52A0000EA68139FE5640097E537
:10A0D000000081E5260000EA5C139FE5640097E537
:10A0E000000081E5220000EA50139FE5640097E537
:10A0F000000081E51E0000EA44139FE5640097E537
:10A10000000081E51A0000EA38139FE5640097E536
:10A11000000081E5160000EA2C139FE5640097E536
:10A12000000081E5120000EA20139FE5640097E536
:10A13000000081E50E0000EA14139FE5640097E536
:10A14000000081E50A0000EA08139FE5640097E536
:10A15000000081E5060000EAFC129FE5640097E537
:10A16000000081E5020000EAF0129FE5640097E537
:10A17000000081E5A4029FE5642097E5052180E7C2
:10A180000510A0E1B60F8FE2724200EB00041FE55C
:10A19000058280E0080098E5080050E300F18F3068
:10A1A000A80100EAA70100EA050000EA040000EAAD
:10A1B000910000EAE10000EA2B0100EA2A0100EA2E
:10A1C000550100EAB0091FE503B0C0E5AC091FE581
:10A1D000DA3FE0E3000090E5B4129FE50B20A0E138
:10A1E000030040E04299FFFAC8091FE5A0129FE56D
:10A1F000003090E5E30FE0E30020A0E3000043E03F
:10A200003B99FFFAF0091FE502B0C0E5EC091FE534
:10A210007C129FE5000090E50B20A0E1050C80E298
:10A22000A90080E23299FFFA6C0E1FE50000D0E52C
:10A23000400010E33300000A080085E21900A0E1A5
:10A24000D9ABFFEBD4019FE5051190E70090C1E584
:10A25000051190E701B0C1E5052190E7AA10A0E340
:10A260000210C2E5052190E70310C2E5581A1FE568
:10A270009920A0E30420C1E50520C1E5082098E568
:10A28000010052E30200001A050190E70120E0E31B
:10A29000042080E5800A1FE50290C0E57C9A1FE556
:10A2A000E30FE0E3003099E5E4119FE50120A0E32E
:10A2B000000043E00E99FFFAA40A1FE5D0119FE5C4
:10A2C0000220D0E5000099E5050C80E2A90080E2BB
:10A2D0000799FFFAC00A1FE5B4119FE50420D0E5F5
:10A2E000000099E5360E80E20199FFFAD80A1FE5D1
:10A2F0009C119FE50520D0E5000099E5E10F80E283
:10A30000FB98FFFA260000EA080085E21900A0E1A8
:10A31000A5ABFFEB7C119FE500019FE50120D1E596
:10A32000053190E70020C3E50010D1E5052190E755
:10A330000110C2E5051190E702B0C1E5050190E703
:10A3400003B0C0E550019FE5349B1FE50020D0E538
:10A350000420C9E50100D0E50500C9E53C0B1FE577
:10A360002C119FE5000090E5360E80E2E098FFFAA0
:10A37000500B1FE50520D9E5000090E510119FE581
:10A38000E10F80E2DA98FFFA080098E5010050E357
:10A390000300001A84009FE50110E0E3050190E747
:10A3A000041080E50090A0E3050000EA050291E7B3
:10A3B000050480E2FA0880E2A00889E050CAFFEBB9
:10A3C000019089E2040098E53C161FE5C02FA0E14A
:10A3D000A20780E0C00859E1F3FFFF3A080098E5C2
:10A3E000020050E31701001A0000E0E3440087E593
:10A3F00048B087E54CB087E5120100EA0400D4E5D7
:10A40000320050E32500000A080085E21900A0E1AF
:10A4100065ABFFEB0090A0E32D0000EA200E0300E7
:10A42000E00D030040000200E0000300E400030030
:10A43000E8000300EC000300F0000300F400030058
:10A44000F8000300FC000300000103000401030006
:10A45000080103000C0103001001030014010300B4
:10A460001801030049636F6D6D616E643A54705F4B
:10A470006669656C643D25582C54656D705F6C6F22
:10A48000676F646174615F4255464645523D255889
:10A490000D0A000020980100B0000300B600030080
:10A4A00014071FE5050290E7051480E2FA1881E21F
:10A4B0000500A0E167E3FFEBE20000EA050291E797
:10A4C000050480E2FA0880E2A00889E00CCAFFEBEC
:10A4D000019089E2040098E54C171FE5C02FA0E128
:10A4E000A20780E0C00859E1F3FFFF3A018C81E246
:10A4F000051198E71800A0E3E803C1E5051198E706
:10A50000D107C1E5051198E7BA0BC1E5010C48E296
:10A51000050290E70120A0E3050480E2FA0880E24A
:10A52000A015A0E1050198E759DDFFEB050198E7CB
:10A53000E01E9FE50120A0E355DDFFEBC10000EA2E
:10A54000080085E21900A0E117ABFFEB859085E0DC
:10A55000700089E2801180E0380D1FE50020A0E343
:10A56000000090E5010080E0DC101FE56098FFFA34
:10A57000710089E2801180E0580D1FE50020A0E302
:10A58000000090E5010080E0FC101FE55898FFFAFC
:10A59000720089E2801180E0780D1FE50020A0E3C1
:10A5A000000090E5010080E01C111FE55098FFFAC3
:10A5B000640E9FE59C111FE50020D0E5053191E771
:10A5C0000020C3E50120D0E5053191E70120C3E576
:10A5D0000220D0E5053191E70220C3E50320D0E554
:10A5E000053191E70320C3E50420D0E5053191E76B
:10A5F0000420C3E50520D0E5053191E70520C3E53A
:10A600000600D0E5052191E70600C2E50000A0E3C1
:10A61000052191E7002082E007B0C2E5010080E259
:10A620000108C0E3630050E3F8FFFF3A0090A0E3A5
:10A63000050000EA050291E7050480E2FA0880E2DD
:10A64000A00889E0AEC9FFEB019089E2040098E51B
:10A65000C4181FE5C02FA0E1A20780E0C00859E19F
:10A66000F3FFFF3AEE1300EB760000EA080085E204
:10A670001900A0E1CCAAFFEB859085E0700089E28B
:10A68000801180E0640E1FE50020A0E3000090E54B
:10A69000010080E008121FE51598FFFA710089E2B9
:10A6A000801180E0840E1FE50020A0E3000090E50B
:10A6B000010080E028121FE50D98FFFA720089E280
:10A6C000801180E0A40E1FE50020A0E3000090E5CB
:10A6D000010080E048121FE50598FFFA0090A0E312
:10A6E000050000EA050291E7050480E2FA0880E22D
:10A6F000A00889E082C9FFEB019089E2040098E597
:10A7000074191FE5C02FA0E1A20780E0C00859E13D
:10A71000F3FFFF3AC21300EB4A0000EA080085E2AB
:10A720001900A0E1A0AAFFEB10031FE5E010A0E3D1
:10A73000052190E70010C2E5DC1C9FE5053190E79C
:10A740000020D1E50120C3E50120D1E5053190E7E6
:10A750000220C3E50220D1E5053190E70320C3E5DF
:10A760000320D1E5053190E70420C3E50420D1E5BD
:10A77000053190E70520C3E50510D1E5050190E717
:10A780000610C0E5859085E0700089E2801180E0C8
:10A79000700F1FE50020A0E3000090E5010080E0BD
:10A7A00014131FE5D297FFFA710089E2801180E04F
:10A7B000900F1FE50120A0E3000090E5010080E07C
:10A7C00034131FE5CA97FFFA720089E2801180E016
:10A7D000B00F1FE50020A0E3000090E5010080E03D
:10A7E00054131FE5C297FFFA0090A0E3050000EAAA
:10A7F000050291E7050480E2FA0880E2A00889E0FA
:10A800003FC9FFEB019089E2040098E5801A1FE53B
:10A81000C02FA0E1A20780E0C00859E1F3FFFF3A92
:10A82000000081E2050290E70120A0E3050480E238
:10A83000FA0880E2A015A0E120041FE5050190E7D9
:10A8400093DCFFEB761300EB010085E2FF5000E2A2
:10A85000100055E3DEFDFF3ACC1A1FE5012CA0E302
:10A86000010C41E26A99FFEB07E5FFEBDBE2FFEB4E
:10A870006B1300EBD6E9FFEBA44B9FE59C1B9FE518
:10A88000000094E50120A0E381DCFFEB941B9FE531
:10A89000000094E50120A0E37DDCFFEB880B9FE541
:10A8A000000090E5020110E30500000A7C1B9FE513
:10A8B000EF00A0E30000C1E5000056E30400000A39
:10A8C000080000EA641B9FE51C00A0E30000C1E54E
:10A8D000F8FFFFEA542B9FE50030A0E30110A0E34E
:10A8E0000A00A0E169EEFFEB010056E31306001A2F
:10A8F000382B9FE50030A0E30110A0E30A00A0E19F
:10A90000C5EEFFEB0D0600EA880B1FE50000D0E561
:10A91000030050E30100000A0000A0E3F3F6FFEAA1
:10A92000040084E28CF1FFEB0080A0E1FF1C48E210
:10A93000FF1051E20700000AFF0008E2E01600EBFA
:10A9400024008DE524009DE5080090E5000050E31B
:10A950000200000A050000EA0000A0E3E3F6FFEAB7
:10A96000000058E30100000A0000A0E3DFF6FFEA60
:10A97000010084E28BF1FFEBFF1C40E2FF1051E28B
:10A980000800000A030040E224109DE50C1091E548
:10A99000000051E10500000A000058E30300000A2E
:10A9A0000000A0E3D1F6FFEA0000A0E3CFF6FFEA43
:10A9B0000B0050E30100009A000058E31100000A68
:10A9C000FF0008E2BE1600EB24008DE54B0FA0E36C
:10A9D000832700EB24009DE5080090E5080050E384
:10A9E00000F18F30350200EA080000EA320000EA88
:10A9F000550000EA800000EABF0000EAE40000EA37
:10AA0000E30000EAE20000EA0000A0E3B7F6FFEA94
:10AA1000050084E286F1FFEB0020A0E10200B0E136
:10AA20000600000A020052E30400000A040052E398
:10AA30000200000A3C009DE5061040E20D0000EA1D
:10AA40000000A0E3A9F6FFEA090084E00800D0E5D1
:10AA5000413040E21A0053E30400003A300040E283
:10AA60000A0050E30100003A0000A0E39FF6FFEA6D
:10AA7000010089E2FF9000E2010059E1F1FFFFBA15
:10AA800000108DE5083084E20810A0E10000A0E38A
:10AA9000CCA1FFEB000050E30002001A88099FE5FB
:10AAA000000090E5020110E30100000A0100A0E3AC
:10AAB0008EF6FFEA0000A0E38CF6FFEA050084E2D0
:10AAC0005BF1FFEBFF1C40E2FF1051E20900000ABE
:10AAD000000050E30900000A010050E30700000AEB
:10AAE0004C199FE50310D1E5F00051E30500003A51
:10AAF0000000A0E37DF6FFEA0000A0E37BF6FFEA9A
:10AB00000000A0E379F6FFEAF0261FE50F1001E24E
:10AB1000082192E7811682E0001181E014108DE592
:10AB20000420A0E310008DE28498FFEB10009DE567
:10AB3000010040E210008DE514009DE50420A0E333
:10AB400010108DE27D98FFEBD40100EAE0989FE5BC
:10AB50000300D9E5F00050E30100003A0000A0E353
:10AB600062F6FFEA050084E231F1FFEB0050A0E15C
:10AB7000FF0C45E2FF0050E21900000A000055E317
:10AB80001900000A010055E31700000A0810A0E3AD
:10AB9000080084E2ABF0FFEB010070E31400000A50
:10ABA00088271FE50330D9E5081192E70F3003E24B
:10ABB000831681E0051191E7000041E014008DE566
:10ABC0000310D9E5080192E70420A0E30F1001E289
:10ABD000810680E0050180E014108DE25798FFEBBC
:10ABE000AE0100EA0000A0E340F6FFEA0000A0E3A7
:10ABF0003EF6FFEA0000A0E33CF6FFEA050084E22F
:10AC00000BF1FFEB0050A0E128989FE5090055E10A
:10AC10000100001A0000A0E334F6FFEAFA0F55E342
:10AC20000100003A0000A0E330F6FFEA080084E2E9
:10AC3000DCF0FFEB090050E10100001A0000A0E386
:10AC40002AF6FFEAFF0050E30100009A0000A0E3AB
:10AC500026F6FFEA3C481FE5081194E7E823D1E512
:10AC60000530D1E7032042E0002082E0E823C1E57F
:10AC7000081194E70500C1E7081194E7D127D1E551
:10AC8000053081E0E933D3E5032042E0002082E093
:10AC9000D127C1E5081194E7051081E0E903C1E57A
:10ACA000081194E7BA2BD1E5053081E0D237D3E51E
:10ACB000032042E0002082E0BA2BC1E5081194E7AE
:10ACC000051081E0D207C1E5020C44E2080290E7DA
:10ACD0000120A0E3050480E2FA0880E2A015A0E1CB
:10ACE000080194E76ADBFFEB080194E724179FE56E
:10ACF0000120A0E366DBFFEB680100EA050084E2C7
:10AD000082F0FFEB0050A0E128979FE5090055E194
:10AD10000100001A0000A0E3F4F5FFEA000055E38B
:10AD20000100000A630055E30100009A0000A0E35F
:10AD3000EEF5FFEA070084E29AF0FFEB090050E12C
:10AD40000100001A0000A0E3E8F5FFEAFF0050E36D
:10AD50000100009A0000A0E3E4F5FFEA44191FE5B2
:10AD6000883088E0082191E7CC169FE5031181E047
:10AD7000041091E53530A0E3930101E0BC369FE576
:10AD8000811003E0021081E0051081E00600C1E5BA
:10AD9000420100EAA8069FE5089280E0220000EA4E
:10ADA000010010E31200000AC100A0E1050050E11B
:10ADB0000F00001A850084E044008DE5050080E264
:10ADC00065F0FFEBFF1C40E2FF1051E20600000AB5
:10ADD00044009DE5050080E25FF0FFEB4C169FE527
:10ADE0000002A0E10500C1E70D0000EA0000A0E3B9
:10ADF000BEF5FFEA850084E040008DE5050080E2B5
:10AE000068F0FFEBFF1C40E2FF1051E26800000A0F
:10AE100040009DE5050080E262F0FFEB0C169FE527
:10AE20000500C1E7010085E20158C0E30C0099E587
:10AE3000A01F80E00130C1E3033040E0C13083E077
:10AE4000050053E1D5FFFFCADC359FE50030D3E5AF
:10AE5000400013E35800000AA03F80E00110C1E366
:10AE6000010040E0C30080E0061080E2C8059FE5D5
:10AE7000883088E0030180E0043090E5930101E030
:10AE80008137A0E16C1A1FE5A337A0E108C191E763
:10AE900003B0CCE70C3099E5A34F83E0C4C0A0E138
:10AEA0000140C4E3043043E00C3083E004C090E58B
:10AEB000063083E29C0303E008C191E78337A0E1F9
:10AEC000A337A0E10C3083E001B0C3E50C3099E575
:10AED000A3CF83E0CC40A0E101C0CCE30C3043E041
:10AEE00004C090E5043083E0063083E29C0303E075
:10AEF00008C191E78337A0E1A337A0E10C3083E0DC
:10AF000002B0C3E50C3099E599C0A0E3A35F83E0EC
:10AF1000C540A0E10150C5E3053043E0043083E0C3
:10AF2000044090E5063083E2940303E0084191E792
:10AF30008337A0E1A337A0E1043083E003C0C3E579
:10AF40000C3099E5A35F83E0C540A0E10150C5E363
:10AF5000053043E0043083E0044090E5063083E2AE
:10AF6000940303E0084191E78337A0E1A337A0E110
:10AF7000043083E004C0C3E50C3099E5040090E59B
:10AF8000A34F83E0C450A0E10140C4E3043043E098
:10AF9000053083E0063083E2930000E0081191E77A
:10AFA0008007A0E1A007A0E1010080E005C0C0E5A6
:10AFB0005D0000EA0000A0E34CF5FFEAA04F80E04E
:10AFC0000110C1E3010040E0C40080E0061080E20F
:10AFD00064049FE5884088E0040180E0044090E537
:10AFE0004C3B1FE5940101E000C0D3E58147A0E19F
:10AFF000D81B1FE5A447A0E1085191E704C0C5E7AD
:10B000000CC099E50140D3E5ACEF8CE0CE50A0E157
:10B0100001E0CEE30EC04CE005C08CE0045090E5AA
:10B0200006C08CE2950C0CE0085191E78CC7A0E1BA
:10B03000ACC7A0E105C08CE00140CCE50CC099E5AF
:10B040000240D3E5ACEF8CE0CE50A0E101E0CEE3CE
:10B050000EC04CE005C08CE0045090E506C08CE2C8
:10B06000950C0CE0085191E78CC7A0E1ACC7A0E1BA
:10B0700005C08CE00240CCE50CC099E50340D3E567
:10B08000ACEF8CE0CE50A0E101E0CEE30EC04CE08E
:10B0900005C08CE0045090E506C08CE2950C0CE0F5
:10B0A000085191E78CC7A0E1ACC7A0E105C08CE0D6
:10B0B0000340CCE50CC099E50440D3E5ACEF8CE04F
:10B0C000CE50A0E101E0CEE30EC04CE005C08CE024
:10B0D000045090E506C08CE2950C0CE0085191E715
:10B0E0008CC7A0E1ACC7A0E105C08CE00440CCE572
:10B0F0000540D3E50C3099E5040090E5A3CF83E04B
:10B10000CC50A0E101C0CCE30C3043E0053083E03B
:10B11000063083E2930000E0081191E78007A0E188
:10B12000A007A0E1010080E00540C0E50000A0E329
:10B1300004C39FE5885088E005418CE00E0000EADA
:10B14000C22083E0043094E5062082E2930202E00C
:10B15000D8129FE58237A0E1402D1FE50010D1E70E
:10B16000082192E7A337A0E1032082E0002082E0DB
:10B170000610C2E5010080E20108C0E30C1099E569
:10B18000A12F81E00130C2E3033041E0C2E083E05F
:10B1900000005EE1E9FFFFCA040094E5010080E2DF
:10B1A000040084E5A1EF81E00120C2E3021041E048
:10B1B000CE1081E0061081E2010080E2910000E003
:10B1C0007C329FE5020850E32600009A000083E2EB
:10B1D000080290E7050480E2FA0880E2A015A0E1E9
:10B1E00054029FE5050190E7001381E0020C83E221
:10B1F000080190E70120A0E325DAFFEB04B084E525
:10B2000034029FE530129FE5050190E7010080E2DE
:10B21000050181E7041099E5800851E10400008AE6
:10B2200014029FE505B180E7080094E5010080E283
:10B23000080084E508029FE5080290E7050480E223
:10B24000FA0880E2A015A0E1EC019FE5050190E776
:10B25000001381E03C0E1FE50120A0E3080190E708
:10B2600022C2FFEB0D0000EAD8019FE50000D0E507
:10B27000000050E30900001A080293E705119CE75B
:10B28000050480E2FA0880E2A005A0E1011380E055
:10B29000780E1FE50120A0E3080190E7FCD9FFEB41
:10B2A0004EE0FFEBB411D7E10100A0E3100881E10B
:10B2B000B401C7E1000056E30200000A060000EAFC
:10B2C0000000A0E389F4FFEA0030A0E30320A0E13E
:10B2D0000310A0E10A00A0E1ECEBFFEB010056E354
:10B2E0009603001A0030A0E30320A0E10310A0E1C0
:10B2F0000A00A0E148ECFFEB900300EA48019FE55B
:10B300000000D0E5030050E30100000A0000A0E3C4
:10B3100076F4FFEA4B0FA0E3312500EB0400D4E5FF
:10B3200028519FE5300050E30700000A310050E348
:10B330005D00000A350050E39F00000A360050E32C
:10B34000C900000A0000A0E368F4FFEA0600D4E5A3
:10B350002A0050E30100000A0000A0E363F4FFEAC2
:10B36000050084E2FCEEFFEB0090A0E1FF0C49E257
:10B37000FF0050E20300000A0400D4E5300050E36F
:10B380000200000A040000EA0000A0E357F4FFEA0C
:10B390000500D4E5460050E30100000A0000A0E3E8
:10B3A00052F4FFEA84409FE50080C4E500A0C7E5B1
:10B3B000000056E30500001ADD4A00EB0030A0E370
:10B3C000002084E20110A0E30A00A0E1AFEBFFEB54
:10B3D000010056E30400001A50209FE50030A0E36E
:10B3E0000110A0E30A00A0E10BECFFEB964500EB97
:10B3F0000910A0E10000A0E3A69EFFEBFF0000E221
:10B4000024109FE5001091E5050011E11000000AED
:10B410000100A0E335F4FFEA80EB0100BC0003006B
:10B42000C0EB0100CC000300407F0100B00103002D
:10B430008C34030018350300FFFF0000787404000B
:10B44000FFFF0100E00B0300400003007001030058
:10B4500000800010000050E30400000A1C00A0E37C
:10B460000000C4E5000056E30200000A060000EAFE
:10B470000000A0E31DF4FFEA9F1200EB54201FE53B
:10B480000030A0E30110A0E380EBFFEB010056E3E6
:10B490002A03001A981200EB70201FE50030A0E389
:10B4A0000110A0E3DCEBFFEB240300EA0600D4E587
:10B4B0002A0050E30100000A0000A0E30BF4FFEAB9
:10B4C000050084E2A4EEFFEB0090A0E1FF0C49E24E
:10B4D000FF0050E20300000A0400D4E5310050E30D
:10B4E0000200000A150300EA0000A0E3FFF3FFEAF0
:10B4F000C8401FE50080C4E500A0C7E5000056E392
:10B500000500001A8A4A00EB0030A0E3002084E224
:10B510000110A0E30A00A0E15CEBFFEB010056E3A1
:10B520000400001AFC201FE50030A0E30110A0E396
:10B530000A00A0E1B8EBFFEB434500EB0910A0E1E6
:10B540000100A0E3539EFFEBFF0000E228111FE57E
:10B55000001091E5050011E10100000A0100A0E3DF
:10B56000E2F3FFEA000050E30400000A1C00A0E33D
:10B570000000C4E5000056E30200000A060000EAED
:10B580000000A0E3D9F3FFEA5B1200EB64211FE5A2
:10B590000030A0E30110A0E33CEBFFEB010056E319
:10B5A000E602001A541200EB80211FE50030A0E3F0
:10B5B0000110A0E398EBFFEBE00200EA0800D4E5FD
:10B5C0002A0050E30100000A0000A0E3C7F3FFEAED
:10B5D000050084E260EEFFEB0020A0E1AC511FE526
:10B5E000050052E10100001A0000A0E3BFF3FFEAEA
:10B5F000FF0002E2B21300EB683B9FE50120C3E5C8
:10B6000004B083E50810D0E50010C3E5080090E51C
:10B61000040050E30500000A060084E261EEFFEB3F
:10B62000FF0050E30800000A0000A0E3AFF3FFEAC8
:10B63000060084E235EEFFEB050050E10100001A40
:10B640000000A0E3A9F3FFEAB800C3E124021FE56C
:10B650000620A0E10A10A0E12FB1FFEB000050E3AB
:10B66000B602001A0000A0E3A0F3FFEA0800D4E548
:10B670002A0050E30100000A0000A0E39BF3FFEA68
:10B68000050084E234EEFFEB0020A0E15C521FE5F0
:10B69000050052E10100001A0000A0E393F3FFEA65
:10B6A000FF0002E2861300EBB83A9FE50110D3E5F4
:10B6B000020051E10100000A0000A0E38BF3FFEA61
:10B6C000041093E5020071E30100008A011081E299
:10B6D000041083E50810D0E50010C3E5080090E5EC
:10B6E000040050E30600000A050050E30F00000AC2
:10B6F000060050E30D00000A070050E30B00000AAB
:10B70000100000EA060084E200EEFFEB050050E1C5
:10B710000100001A0000A0E374F3FFEAB810D3E1BF
:10B72000000051E10700000A0000A0E36FF3FFEA08
:10B73000060084E21BEEFFEBFF0050E30100000A6D
:10B740000000A0E369F3FFEA20031FE50620A0E163
:10B750000A10A0E1F0B0FFEB000050E37702001AFE
:10B760000000A0E361F3FFEA24031FE50000D0E539
:10B77000030050E30100000A0000A0E35BF3FFEACE
:10B780000400D4E5300050E30300000A310050E328
:10B790003000000A0000A0E354F3FFEA4B0FA0E3DF
:10B7A0000F2400EB0500D4E52A0050E30100000A55
:10B7B0000000A0E34DF3FFEA90431FE50080C4E5DD
:10B7C00000A0C7E5000056E30500001AD84900EBC9
:10B7D0000030A0E3002084E20110A0E30A00A0E111
:10B7E000AAEAFFEB010056E30400001AC4231FE598
:10B7F0000030A0E30110A0E30A00A0E106EBFFEB9C
:10B800000100A0E3B801C7E1000860E0BA01C7E1A8
:10B810001C00A0E30000C4E500A0C7E5000056E35B
:10B820000400001AFC231FE50030A0E30110A0E390
:10B830000A00A0E195EAFFEB010056E33F02001A7F
:10B8400018241FE50030A0E30110A0E30A00A0E1E6
:10B85000F1EAFFEB390200EA4B0FA0E3E02300EB33
:10B860000600D4E52A0050E30100000A0000A0E32E
:10B870001EF3FFEA050084E2B7EDFFEB0040A0E114
:10B88000FF0C44E2FF0050E20500000A000054E310
:10B890000100000A0F0054E3030000DA0000A0E3F7
:10B8A00012F3FFEA0000A0E310F3FFEA84541FE55F
:10B8B0000080C5E500A0C7E5000056E30500001ABA
:10B8C0009B4900EB0030A0E3002085E20110A0E3DB
:10B8D0000A00A0E16DEAFFEB010056E30400001A44
:10B8E000B8241FE50030A0E30110A0E30A00A0E1A6
:10B8F000C9EAFFEB0100A0E3B801C7E1BA41C7E123
:10B900001C00A0E30000C5E500A0C7E5000056E369
:10B910000500000AEC241FE50030A0E30110A0E3BD
:10B920000A00A0E1BCEAFFEB040200EA04251FE5DF
:10B930000030A0E30110A0E30A00A0E153EAFFEB0E
:10B94000FE0100EA0500D4E52A0050E30100000AE8
:10B950000000A0E3E5F2FFEA0400D4E5300050E384
:10B96000F601001A3C051FE50080C0E500A0C7E510
:10B97000000056E30400001A002080E20030A0E33B
:10B980000110A0E30A00A0E140EAFFEB2E4400EB27
:10B99000D4B5FFEB000050E30200000A0100A0E371
:10B9A0006B3500EBE50100EA84051FE5001090E52A
:10B9B000021981E3001080E50100A0E3CBF2FFEA69
:10B9C0007C051FE50000D0E5030050E30100000AFC
:10B9D0000000A0E3C5F2FFEA0400D4E5300050E324
:10B9E0000300000A310050E34800000A0000A0E311
:10B9F000BEF2FFEA0500D4E52A0050E30100000A88
:10BA00000000A0E3B9F2FFEAE0551FE50080C5E5BC
:10BA100000A0C7E5000056E30500001A444900EB0A
:10BA20000030A0E3002085E20110A0E30A00A0E1BD
:10BA300016EAFFEB044400EBAAB5FFEB000050E36D
:10BA40000400000A04461FE50000D4E5000050E3AE
:10BA50000600000A0F0000EA34061FE5001090E51A
:10BA6000021981E3001080E50100A0E39FF2FFEAE4
:10BA7000CBA0FFEBFF0000E254161FE5001091E59C
:10BA8000010211E30100000A0100A0E397F2FFEABE
:10BA9000000050E30300000A0000D4E5010050E379
:10BAA0000200000A0B0000EA0000A0E38FF2FFEAA8
:10BAB000A79FFFEBFF0000E294161FE5001091E541
:10BAC000010211E30100000A0100A0E387F2FFEA8E
:10BAD000000050E30500000A1C00A0E30000C5E5DB
:10BAE00000A0C7E5000056E30200000A930100EA47
:10BAF0000000A0E37DF2FFEAD0261FE50030A0E3BE
:10BB00000110A0E30A00A0E1E0E9FFEB8B0100EAED
:10BB10000500D4E52A0050E30100000A0000A0E37C
:10BB200072F2FFEAFC461FE50080C4E500A0C7E50D
:10BB3000000056E30500001AFD4800EB0030A0E3CA
:10BB4000002084E20110A0E30A00A0E1CFE9FFEBAE
:10BB5000BD4300EB63B5FFEB000050E30700000AB4
:10BB6000CCD4FFEBFF0000E244171FE5001091E585
:10BB7000020811E30700000A0100A0E35BF2FFEAFC
:10BB80005C071FE5001090E5021981E3001080E5D5
:10BB90000100A0E355F2FFEA000050E30500000AAF
:10BBA0001C00A0E30000C4E500A0C7E5000056E3C8
:10BBB0000200000A610100EA0000A0E34BF2FFEA84
:10BBC00098271FE50030A0E30110A0E30A00A0E1E0
:10BBD000AEE9FFEB590100EA94071FE50000D0E54C
:10BBE000030050E30100000A0000A0E33FF2FFEA77
:10BBF0000800D4E52A0050E30100000A0000A0E399
:10BC00003AF2FFEA0400D4E538508DE2300040E219
:10BC1000120050E300F18F30480100EA100000EA02
:10BC2000110000EA280000EA3D0000EA650000EA91
:10BC30006F0000EA7D0000EA7E0000EAA20000EA50
:10BC4000CE0000EA3D0100EA3C0100EA3B0100EAC7
:10BC50003A0100EA390100EA380100EA370100EA56
:10BC6000F00000EA0000A0E320F2FFEA0500D4E5BE
:10BC7000460050E30500001A0600D4E5460050E3F4
:10BC80000200001A0700D4E5460050E30100000A54
:10BC90000000A0E315F2FFEA70481FE51C00A0E3D6
:10BCA0000000C4E5E41200EB0100C4E5000056E327
:10BCB0002201001A0030A0E3002084E20210A0E379
:10BCC0000A00A0E171E9FFEB1C0100EA0500D4E5E0
:10BCD000460050E30500001A0600D4E5460050E394
:10BCE0000200001A0700D4E5460050E30100000AF4
:10BCF0000000A0E3FDF1FFEA7B1000EBD4181FE584
:10BD00000000C1E5000056E30C01001A002081E2AA
:10BD10000030A0E30110A0E30A00A0E15BE9FFEB23
:10BD2000060100EA0500D4E5300050E30300000AF4
:10BD3000310050E31000000A0000A0E3EBF1FFEA3D
:10BD40000600D4E5460050E30200001A0700D4E5DF
:10BD5000460050E30100000A0000A0E3E3F1FFEA1F
:10BD600026D8FFEB0030A0E340291FE50310A0E137
:10BD70000A00A0E145E9FFEBF00000EA0600D4E587
:10BD8000460050E30200001A0700D4E5460050E3E5
:10BD90000100000A0000A0E3D4F1FFEA74191FE5D6
:10BDA0001C00A0E30000C1E5000056E3E300001A18
:10BDB000002081E20030A0E30110A0E30A00A0E12E
:10BDC00032E9FFEBDD0000EA0500D4E5300050E386
:10BDD0000300000A310050E30300000A0000A0E362
:10BDE000C2F1FFEA0000A0E3C0F1FFEA0000A0E317
:10BDF000BEF1FFEA0500D4E5300050E30500000A7B
:10BE0000310050E30500000A320050E30500000A4B
:10BE10000000A0E3B5F1FFEA0000A0E3B3F1FFEA00
:10BE20000000A0E3B1F1FFEA0000A0E3AFF1FFEAF8
:10BE30000000A0E3ADF1FFEA4B0FA0E3682200EBA6
:10BE4000050084E27AECFFEB0020A0E1FF0C42E267
:10BE5000FF0050E20900000A303A1FE50010A0E39D
:10BE60000700A0E300508DE52F9CFFEB000050E39E
:10BE70001300000A000056E30200000A070000EA6F
:10BE80000000A0E399F1FFEA38009DE5642A1FE570
:10BE9000FF1000E20130A0E30A00A0E1FBE8FFEBA5
:10BEA000010056E3A500001A38009DE5842A1FE52D
:10BEB000FF1000E20130A0E30A00A0E156E9FFEB29
:10BEC0009E0000EA0000A0E388F1FFEA4B0FA0E328
:10BED000432200EB050084E255ECFFEB0020A0E1DB
:10BEE000FF1C42E2FF1051E20B00000A0140A0E3F8
:10BEF0000400A0E1721100EB080090E5030050E39C
:10BF00000700000A010084E2FF4000E2100054E351
:10BF1000F6FFFF3A0000A0E374F1FFEA0000A0E39F
:10BF200072F1FFEAFC3A1FE50410A0E10800A0E36B
:10BF300000508DE5FC9BFFEB000056E30700000A74
:10BF400038009DE51C2B1FE5FF1000E20030A0E348
:10BF50000A00A0E130E9FFEB0100A0E363F1FFEA92
:10BF600038009DE53C2B1FE5FF1000E20030A0E308
:10BF70000A00A0E1C5E8FFEB0100A0E35BF1FFEAE6
:10BF80000500D4E5460050E30500001A0600D4E59C
:10BF9000460050E30200001A0700D4E5460050E3D3
:10BFA0000100000A0000A0E350F1FFEAB8019FE59C
:10BFB0000000D0E5010050E30900000AAC019FE554
:10BFC0000000D0E5010050E30500000AA41B1FE5B6
:10BFD0001C00A0E30000C1E5000056E30B00000ACE
:10BFE000560000EABC1B1FE5EF00A0E30000C1E51E
:10BFF000000056E35100001A002081E20030A0E367
:10C000000110A0E30A00A0E1A0E8FFEB4B0000EA6A
:10C01000E82B1FE50030A0E30110A0E30A00A0E137
:10C020009AE8FFEB450000EA0600D4E5460050E33D
:10C030000200001A0700D4E5460050E30100000AA0
:10C040000000A0E329F1FFEA0500D4E5300050E349
:10C050000300000A310050E30A00000A0000A0E3D8
:10C0600022F1FFEA000056E30400001A0030A0E3CA
:10C070000320A0E10310A0E10A00A0E183E8FFEBA8
:10C08000E3C2FFEB2D0000EA000056E30400001AB3
:10C090000030A0E30320A0E10310A0E10A00A0E12A
:10C0A0007AE8FFEBC8009FE500B0C0E5C4009FE55B
:10C0B000000090E5000050E30400000AFF20A0E328
:10C0C0000210A0E10200A0E178A9FFEB1B0000EA4A
:10C0D0004000A0E334A4FFEB180000EA0400D4E51C
:10C0E00094109FE5300050E30200000A310050E355
:10C0F0000A00000A110000EA0100A0E30000C1E507
:10C10000000056E30D00001A0030A0E30320A0E178
:10C110000310A0E10A00A0E15CE8FFEB070000EAE1
:10C1200000B0C1E5000056E30400001A0030A0E3AF
:10C130000320A0E10310A0E10A00A0E153E8FFEB17
:10C14000000056E30500001ABE02D7E1B011D7E1A6
:10C15000010050E10100001A0000A0E3E3F0FFEA53
:10C160000100A0E3E1F0FFEA2435030040030300EF
:10C1700041030300300303001C0103008803030094
:10C18000000050E30700000A1C209FE50210A0E118
:10C19000011041E2000051E3FCFFFF1A010040E200
:10C1A000000050E3F8FFFF1A1EFF2FE150C300000C
:10C1B00008402DE94B1FA0E3910000E000008DE551
:10C1C000020000EA00009DE5010040E200008DE56C
:10C1D00000009DE5000050E3F9FFFFCA0880BDE8BC
:10C1E00008402DE9000260E08000A0E100008DE53C
:10C1F000020000EA00009DE5010040E200008DE53C
:10C2000000009DE5000050E3F9FFFFCA0880BDE88B
:10C2100008402DE96410A0E3910000E000008DE5E6
:10C22000020000EA00009DE5010040E200008DE50B
:10C2300000009DE5000050E3F9FFFFCA0880BDE85B
:10C24000F0412DE90040A0E10170A0E1006094E51B
:10C250000010A0E30400A0E1690200EB000050E33D
:10C260001E00001A0050A0E3381094E50600A0E17B
:10C27000202400EB000050E31800001A0010D6E55F
:10C28000040051E30600000A3C1094E50020D1E5CB
:10C29000E50052E30700000A000052E30500000A2F
:10C2A000080000EA3C1094E50010D1E50120A0E36D
:10C2B000A113D2E10300000A015085E2070055E115
:10C2C0000600000A000000EA0050A0E30110A0E30D
:10C2D0000400A0E1C80000EB000050E3E1FFFF0A0A
:10C2E000040050E30000001A0700A0E3F081BDE85D
:10C2F000F0412DE90050A0E10140A0E10500A0E1DE
:10C30000BF3500EB000050E30100000A0100A0E38C
:10C31000F081BDE888008FE20E3A00EB0410A0E146
:10C320000500A0E191E7FFEB0060A0E1386085E542
:10C33000021CA0E33C0085E2E292FFEB3C8085E238
:10C340000170A0E30040A0E3000000EA074084E0A1
:10C35000BA00D5E1040050E10600009A0100D5E5DD
:10C36000042086E00730A0E10810A0E1ED0200EB18
:10C37000000050E3F4FFFF0ABA20D5E10410A0E169
:10C380002C008FE2F33900EBBA00D5E1040050E154
:10C390000100000A0100A0E3F081BDE80000A0E375
:10C3A000F081BDE873796E635F77696E646F770DB6
:10C3B0000A0000006E3D25782C66732D3E6373697C
:10C3C0007A653D25780D0A00F05F2DE90040A0E177
:10C3D000006094E50010A0E30400A0E1080200EB77
:10C3E000000050E33C00001A0000D6E5040050E3D2
:10C3F0000A00000AFF70A0E30790A0E100A0E0E3BC
:10C400004CA084E5381094E50600A0E1B92300EBC8
:10C410000080A0E10800B0E17500001A2F0000EADA
:10C420000C0096E5514800EB00A0A0E1240000EAD2
:10C43000100096E5240080E2E52000EB0A0050E1C0
:10C440001F00001A100096E52370D0E54050A0E3CD
:10C450000080A0E3110000EA1F0015E30000001AAD
:10C46000025085E2100096E5050080E0D82000EB40
:10C470001E0C00EB0090A0E10C0096E5880080E027
:10C48000B000D0E1190C00EB000059E10500001AE2
:10C49000010047E2FF7000E2025085E2018088E27D
:10C4A000000057E3EBFFFF1A000057E30400001AF7
:10C4B0000C0096E5880080E0B000D0E1000050E379
:10C4C0000400000A0010A0E30400A0E1AC0000EBAF
:10C4D00000B050E2D5FFFF0A0B00A0E1F09FBDE8DD
:10C4E0003C0094E50050D0E5000055E30B00000A45
:10C4F0000B10D0E53F1001E20610C4E5E50055E35E
:10C500000300000A080011E30600000A0F0051E3CF
:10C510000400000AFF70A0E34CA084E52E0000EAAE
:10C520000480A0E3320000EA0F0051E30200000A99
:10C53000000057E31A00000A1C0000EA4B10D4E583
:10C54000400011E32400001A400015E30400000A33
:10C550000D90D0E5BF5005E20570A0E1301094E5E4
:10C560004C1084E5070055E10A00001A0D10D0E5D3
:10C57000090051E10700001A0C2096E50010A0E127
:10C580000200A0E104E7FFEB000050E30100000A15
:10C59000010047E2000000EAFF00A0E3FF7000E2B4
:10C5A0000D0000EAD63400EB090050E11000000A4B
:10C5B0004B00D4E5010010E30500001A3C0094E5AF
:10C5C0000B20A0E3401084E29591FFFA000050E3B5
:10C5D0000700000AFF70A0E34CA084E50010A0E370
:10C5E0000400A0E1040000EB0080A0E10800B0E13D
:10C5F00083FFFF0A0800A0E1F09FBDE8F0472DE9A6
:10C600000040A0E10190A0E1007094E5300094E5C5
:10C61000206080E20000D7E5040050E30A00000A31
:10C620000206A0E3060050E10080A0E30000008ABB
:10C63000388084E5380094E5000050E30400000AE7
:10C64000861BB0E10400000A450000EA0102A0E3F5
:10C65000F3FFFFEA0400A0E3F087BDE8010080E2F9
:10C66000380084E5341094E5000051E30400000A2A
:10C67000BA00D7E1010040E2A60410E10600000A7A
:10C68000370000EAB800D7E1A60250E13400008A82
:10C69000388084E50400A0E3F087BDE80400A0E151
:10C6A000190E00EB0050A0E1010055E30100008AE3
:10C6B0000200A0E3F087BDE8010075E31500000A61
:10C6C0001C0097E5050050E12000008A000059E3B6
:10C6D0001200000A341094E50400A0E173EDFFEBB2
:10C6E0000050A0E1000055E30F00000A010055E3EF
:10C6F0000F00000A010075E30F00000A0510A0E119
:10C700000700A0E1F9FEFFEB000050E30C00000A77
:10C710000100A0E3F087BDE80100A0E3F087BDE8D9
:10C72000388084E50400A0E3F087BDE80700A0E3BB
:10C73000F087BDE80200A0E3F087BDE80100A0E3B8
:10C74000F087BDE80700D4E5040080E30700C4E5F6
:10C75000345084E50510A0E10700A0E183E6FFEB7B
:10C76000380084E5306084E5860BA0E1A00BA0E1F1
:10C77000070080E03C0080E23C0084E50000A0E38C
:10C78000F087BDE8F0472DE90050A0E101A0A0E14D
:10C790000470A0E3008095E5FF60A0E3FF90A0E3B4
:10C7A000540000EA0800A0E1D22200EB0070A0E1F2
:10C7B0000700B0E15200001A3C0095E50040D0E5CA
:10C7C000000054E31100000A0010D8E5040051E312
:10C7D0001000000A0B10D0E53F1001E20610C5E57D
:10C7E000E50054E30700000A2E0054E30500000AA8
:10C7F0002020C1E3080052E31400000A0020A0E357
:10C800000A0052E11300000AFF60A0E32C0000EAD6
:10C810000470A0E33A0000EA850054E32800001AFF
:10C82000300095E54C0085E50500A0E1232000EBF4
:10C830000070A0E10700B0E13100001A100098E597
:10C840000400D0E53F0000E20600C5E52C0000EA48
:10C850000120A0E3E9FFFFEA0F0051E30200000A14
:10C86000000056E32000001A1C0000EA400014E318
:10C870000400000A0D90D0E5BF4004E20460A0E18E
:10C88000301095E54C1085E5060054E10A00001AC9
:10C890000D10D0E5090051E10700001A0C2098E5C1
:10C8A0000010A0E10200A0E1F02700EB000050E33F
:10C8B0000100000A010046E2000000EAFF00A0E3D8
:10C8C000FF6000E20010A0E30500A0E14AFFFFEBDB
:10C8D0000070A0E10700B0E10600000A080000EACD
:10C8E000073400EB090050E10500000A0000E0E316
:10C8F0004C0085E5020000EA381095E5000051E3A0
:10C90000A7FFFF1A000057E30100000A0000A0E3A0
:10C91000380085E50700A0E1F087BDE8F0432DE988
:10C920005CD04DE20040A0E1005094E54B00D4E51E
:10C93000A00010E30200000A0600A0E35CD08DE234
:10C94000F083BDE80060A0E30C0095E5000000EA7C
:10C95000016086E2861080E0B010D1E1000051E372
:10C96000FAFFFF1A0000D5E5040050E31300000AA7
:10C97000402084E2070092E850308DE2070083E80F
:10C980005B00DDE5010010E35400000A4000A0E375
:10C990004B00C4E50170A0E30C2095E50730A0E151
:10C9A00050108DE2400084E2080D00EB0400A0E18D
:10C9B00084FEFFEB000050E34200001A3E0000EA54
:10C9C0000F10A0E30E0086E2AC96FFEB026080E25F
:10C9D0000610A0E10400A0E118FEFFEB000050E308
:10C9E000D5FFFF1A300094E5011046E2001061E225
:10C9F000810280E04C0084E50700D4E5040010E3E8
:10CA00002800000A0400C0E30700C4E50400A0E118
:10CA10004E0B00EB000050E3C7FFFF1A341094E503
:10CA20000020E0E30400A0E15E0B00EB000050E317
:10CA3000C1FFFF1A080094E5000050E31900000A46
:10CA40000410A0E10D00A0E1841F00EB000050E302
:10CA5000B9FFFF1AD021C4E1BA00D5E18004A0E1FA
:10CA6000002092E00030A3E2F021C4E1100095E53F
:10CA7000380080E2303300EBD021C4E1100095E5AE
:10CA8000280080E22C3300EB0700D4E5101095E578
:10CA9000010080E32100C1E50D00A0E16A3300EB55
:10CAA000000050E3A4FFFF1A100095E50C1095E577
:10CAB00028EEFFEB0000A0E39FFFFFEA017087E292
:10CAC000640057E3B3FFFF3A640057E30B00000A2A
:10CAD000040050E398FFFF1A5B00DDE54B00C4E55E
:10CAE0005B00DDE5020010E30600000A0D10A0E384
:10CAF0000C0086E26196FFEB017080E2020000EA22
:10CB00000700A0E38CFFFFEA0170A0E30710A0E19B
:10CB10000400A0E1C9FDFFEB0060A0E1000056E3C6
:10CB20000180A0E32000001A017057E21E00000AF5
:10CB3000300094E5001067E2811280E00400A0E17B
:10CB40002F0000EB0060A0E10600B0E11600001A23
:10CB5000400084E26A3300EB0090A0E1381094E5D5
:10CB60000500A0E1E32100EB0060A0E1000056E336
:10CB70000D00001A3C1094E50C0095E5FF2007E23B
:10CB80000930A0E11C2A00EB0380C5E50010A0E3FA
:10CB90000400A0E198FEFFEB0060A0E1000056E376
:10CBA0000100001A017057E2EBFFFF1A000056E384
:10CBB0001100001A381094E50500A0E1CD2100EB2A
:10CBC0000060A0E10600B0E10B00001A3C0094E513
:10CBD0002010A0E3AB90FFEB3C0094E50B20A0E31A
:10CBE000401084E25590FFEB4B00D4E53C1094E5F7
:10CBF000180000E20C00C1E50380C5E50600A0E1D5
:10CC00004DFFFFEAF0412DE90060A0E10150A0E1F5
:10CC1000007096E50000D7E5040050E30600000A26
:10CC20000206A0E3050050E10100009A1F0015E391
:10CC30000300000A0200A0E3F081BDE80102A0E3C6
:10CC4000F7FFFFEA305086E5084096E5000054E320
:10CC50000500001A0000D7E5030050E30200003A87
:10CC60002C4097E50000A0E30700C6E5000054E370
:10CC70000200000ABA00D7E18084A0E1170000EAB0
:10CC8000B800D7E1A50250E10100008A0200A0E34C
:10CC9000F081BDE82C0097E5380086E5150000EA34
:10CCA0000410A0E10600A0E1970C00EB0040A0E119
:10CCB000010074E30600000A020054E30200003A97
:10CCC0001C0097E5040050E10300008A0200A0E385
:10CCD000F081BDE80100A0E3F081BDE8085045E027
:10CCE000080055E1EDFFFF2A0410A0E10700A0E1D4
:10CCF0001EE5FFEB380086E5344086E5380096E512
:10CD0000000050E30800000AA50480E0380086E532
:10CD1000850BA0E1A00BA0E1070080E03C0080E2D1
:10CD20003C0086E50000A0E3F081BDE80200A0E33E
:10CD3000F081BDE870402DE90050A0E17C008FE259
:10CD4000843700EB8C009FE50C2090E5000052E357
:10CD50000200000A0010A0E30500A0E132FF2FE16D
:10CD6000201085E20500A0E17A4200EB304095E515
:10CD700064609FE5090000EAC40494E5300085E59D
:10CD8000BC0494E5042090E50400A0E132FF2FE10B
:10CD90000610A0E10400A0E1454000EB304095E51D
:10CDA000000054E3F3FFFF1A1900D5E55F0B00EB19
:10CDB0000500A0E1640B00EB7040BDE8E94000EA2B
:10CDC000646973636F6E6E6563742064657669630E
:10CDD000652E2E2E0A000000A4080300C8040000DF
:10CDE00010402DE90040A0E11D4200EB0400A0E14D
:10CDF000B84200EB011B80E2071091E20100000A3B
:10CE00000000A0E31080BDE80200A0E31080BDE8B0
:10CE100010402DE9C04200EB000050E30900000A79
:10CE2000011B80E20E1091E20400000A011B80E267
:10CE3000071091E20500000A0400A0E31080BDE89D
:10CE40000400A0E31080BDE80000A0E31080BDE86E
:10CE50000300A0E31080BDE8F0412DE90150A0E1FE
:10CE60000210A0E10370A0E1020115E30F00000A27
:10CE70000530A0E10720A0E1C94200EB0040A0E19D
:10CE8000000054E31500000A010B84E2070090E261
:10CE90000400000A010B84E2090090E21100000A7C
:10CEA000FF0004E2F081BDE80300A0E3F081BDE8EB
:10CEB00038209FE538609FE5023182E3003086E547
:10CEC0000720A0E1B64200EBFF4000E2001096E52B
:10CED0008724A0E10500A0E1988FFFEBE7FFFFEAC0
:10CEE0000000A0E3F081BDE80100A0E3F081BDE80F
:10CEF000E00903003C00030010402DE90040A0E1E0
:10CF0000D74100EB0400A0E1724200EB011B80E27C
:10CF1000071091E20100000A0000A0E31080BDE8C4
:10CF20000200A0E31080BDE8F8432DE90060A0E115
:10CF30000140A0E10270A0E10350A0E10530A0E1B2
:10CF40000720A0E10610A0E1B4008FE200408DE5CB
:10CF5000003700EB020114E31200000A0430A0E1E4
:10CF60000520A0E10710A0E10600A0E1B94200EB16
:10CF7000000050E31C00000A011B80E2071091E250
:10CF80000400000A011B80E2091091E21800000A67
:10CF9000FF0000E2F883BDE894008FE2ED3600EB7D
:10CFA0000300A0E3F883BDE88524A0E1020C52E36E
:10CFB0000100009A0100A0E3F883BDE880009FE52E
:10CFC00080809FE5020180E3000088E50410A0E175
:10CFD0005A8FFFEB003098E50520A0E10710A0E193
:10CFE0000600A0E19B4200EBE0FFFFEA0000A0E3A7
:10CFF000F883BDE850008FE2D63600EB0100A0E3D5
:10D00000F883BDE86469736B5F7772697465202D7E
:10D01000206472763A25642C207365633A25642C6B
:10D0200020636E743A25642C20627566663A307807
:10D0300025780A005245535F4E4F545244590D0A09
:10D0400000000000E00903003C0003005245535F6C
:10D050004552524F520D0A007C402DE90B02A0E3CD
:10D06000A01090E5FF14C1E3221481E3A01080E535
:10D07000A41090E5FF10C1E3221081E3A41080E525
:10D0800058119FE5701080E5741080E58C1080E5E4
:10D09000241290E5FF1CC1E31F10C1E3021B81E3D2
:10D0A000461F81E3241280E50000A0E3184300EB53
:10D0B0000000A0E30030A0E10120A0E30010A0E107
:10D0C00000008DE50200A0E17D4300EB010BA0E331
:10D0D0003B4300EBE14200EB04419FE5000084E5A7
:10D0E00000519FE50500A0E18C8CFFFA040084E567
:10D0F0002010A0E3DE2F00EB200080E2040084E596
:10D100000500A0E1858CFFFA080084E52010A0E36B
:10D11000D72F00EB200080E2080084E50500A0E1A5
:10D120007E8CFFFA0C0084E52010A0E3D02F00EBEA
:10D13000200080E20C0084E50500A0E1778CFFFA76
:10D14000100084E52010A0E3C92F00EB201080E23E
:10D15000000094E5020180E3000084E5040094E50A
:10D16000020180E3040084E5082094E5022182E3C3
:10D17000082084E50C2094E5022182E30C2084E55C
:10D18000021181E3101084E5405045E20510A0E152
:10D190003C8FFFEB080094E50510A0E1398FFFEB11
:10D1A0000C0094E50510A0E1368FFFEB100094E52C
:10D1B0000510A0E1338FFFEB4E4300EB040094E534
:10D1C000001094E5F000CDE10010A0E31E3EA0E3C6
:10D1D000322EA0E30100A0E1D40A00EB7C80BDE880
:10D1E00022222222A035030040B80B00FE4F2DE979
:10D1F0000080A0E101A0A0E13240A0E30050A0E344
:10D200000A20A0E10410A0E30800A0E1752F00EBC4
:10D21000000050E3180000BA7A0D00EB08008DE51D
:10D22000BC909FE50370A0E30400A0E10A10A0E316
:10D23000768FFFEB016080E2150000EA0900A0E1B3
:10D24000DAFBFFEB0D30A0E104208DE20A10A0E133
:10D250000800A0E12A0D00EB00B0A0E100005BE3B4
:10D26000060000AA0B30A0E10A20A0E10C1088E221
:10D2700070008FE2373600EB0B00A0E1FE8FBDE8B7
:10D28000B400DDE1010010E30F00000A0000D7E167
:10D290000D00000A08009DE55C0D00EB060050E162
:10D2A000E5FFFF3AFA4084E2015085E2030055E3CE
:10D2B000D2FFFFBA0A20A0E10C1088E254008FE2EE
:10D2C000243600EBFE00E0E3FE8FBDE80A20A0E17B
:10D2D0000210A0E30800A0E190E3FFEB0000A0E350
:10D2E000FE8FBDE8881300004661696C6564207498
:10D2F0006F2067657420487562205B25735D207020
:10D300006F727420256420737461747573212028F2
:10D310002564290A00000000485542205B25735D02
:10D3200020706F7274202564202D20706F7274201D
:10D330007265736574206661696C6564210A00001A
:10D34000F84F2DE90380A0E128309DE50040A0E1E1
:10D350000190A0E10260A0E1142084E2347084E234
:10D3600014019FE5000082E510119FE5000091E5A2
:10D37000040082E5010080E2000081E5086082E5AA
:10D380001100D4E50D00C2E500308DE50C1094E5E8
:10D390001F30A0E30400A0E1EE1F00EB0050A0E16D
:10D3A000000055E3040000AA0510A0E1D0008FE2C0
:10D3B000E83500EB0500A0E1F88FBDE8D8A09FE5B7
:10D3C000000056E31700000A000058E30700000AB7
:10D3D00000A08DE5081094E50630A0E10920A0E149
:10D3E0000400A0E1DB1F00EB0050A0E1060000EA12
:10D3F00000A08DE50C1094E50630A0E10920A0E125
:10D400000400A0E1D31F00EB0050A0E1000055E3B1
:10D41000040000AA0510A0E180008FE2CD3500EBEA
:10D420000500A0E1F88FBDE800A08DE5081094E5A7
:10D430000D30A0E30720A0E10400A0E1C51F00EB30
:10D440000040A0E1000054E3040000AA0410A0E1A1
:10D4500060008FE2BF3500EB0400A0E1F88FBDE86B
:10D460000C00D7E5000050E30100000A5C009FE5D6
:10D47000F88FBDE80000A0E3F88FBDE855534243A4
:10D48000D40803006D73635F62756C6B5F747261C7
:10D490006E73666572303D25580D0A0050C300005A
:10D4A0006D73635F62756C6B5F7472616E736665DA
:10D4B00072313D25580D0A006D73635F62756C6BA8
:10D4C0005F7472616E73666572323D25580D0A0095
:10D4D000F3FBFFFF10402DE9061AA0E3050DA0E3C2
:10D4E00093ADFFEB20009FE50020A0E3FF16A0E333
:10D4F00081C9FFEB1040BDE80130A0E30020A0E3AC
:10D50000061AA0E3050DA0E338AEFFEA9C0000B0C8
:10D5100010402DE9061AA0E3050DA0E384ADFFEB52
:10D5200038009FE50020A0E3FF16A0E372C9FFEBDF
:10D530000030A0E30120A0E3061AA0E3050DA0E35C
:10D540002AAEFFEB0119A0E3050DA0E389ADFFEBC7
:10D550001040BDE8021AA0E3050DA0E385ADFFEA87
:10D560009C0000B0F84F2DE934529FE534829FE5CE
:10D570000000D5E530929FE5006088E2000050E3AE
:10D580000070A0E31A00000A0070C8E5D6E6FFEBC1
:10D59000FF1000E200108DE5000051E30C00000ACE
:10D5A0000200D6E5010080E2FF1000E20210C6E5AD
:10D5B000030051E30E00003A0270C6E50070C5E5B5
:10D5C0000140A0E30000D8E5010080E30000C8E5C9
:10D5D000280000EA0070C5E51C00A0E300008DE50E
:10D5E000450A00EB0030A0E30D20A0E10110A0E30C
:10D5F00026E3FFEB0C00D5E5010050E36700001ABD
:10D6000030D5FFEB0270C6E5691FA0E30A00A0E376
:10D61000A2D2FFEB650F8FE22D1C00EB0040A0E3D0
:10D620007DC0FFEB90B8FFEB3F9BFFEB000050E3AA
:10D630002100000A0900A0E1E8FAFFEBE29BFFEB02
:10D64000000050E31E00000A0900A0E1E3FAFFEB2E
:10D650006AC8FFEB000050E31B00000A0900A0E1CC
:10D66000DEFAFFEBC0C7FFEB000050E31800000A32
:10D670000900A0E1D9FAFFEB44A19FE5010054E3C2
:10D6800096BCA0E31400000AE1CDFFEB08B085E5ED
:10D690008C2600EB4B0F8FE20D1C00EB38019FE551
:10D6A000001090E5011781E3001080E50100D6E548
:10D6B000010050E31D00000A250000EA0140A0E33C
:10D6C000ECFFFFEA0140A0E3EAFFFFEA0140A0E32C
:10D6D000E8FFFFEA0140A0E3E6FFFFEA0900A0E15E
:10D6E000BEFAFFEB08B085E5762600EBEC008FE292
:10D6F000F71B00EB0100D6E5010050E30900001A1A
:10D70000691FA0E30A00A0E364D2FFEB0170C6E545
:10D710000010D8E5D8008FE2EE1B00EB0000DAE540
:10D72000020080E30000CAE5479CFFEB090000EA25
:10D73000691FA0E30A00A0E358D2FFEB0170C6E521
:10D7400080008FE2E31B00EB0000DAE5010080E3DC
:10D750000000CAE53C9CFFEBBC009FE5007080E543
:10D76000B8009FE5007080E5100096E5000050E3EA
:10D770000200000A048BFFFA107086E50C7086E543
:10D78000180096E5000050E30200000AFE8AFFFA46
:10D79000187086E5147086E5CCD4FFEB0C70C5E5F7
:10D7A000F88FBDE8C861040004030300FC08000012
:10D7B00055706461746520536F6674776172652E6D
:10D7C0002E2E0000710103005570646174652053B2
:10D7D000756363657373202020202000B00103006F
:10D7E000557064617465204661696C7572652020AE
:10D7F00020202000557064617465204661696C7555
:10D800007265202020202020202020436F64653D69
:10D81000307825303278202020200000800003005E
:10D820008400030010402DE91B30D0E5000051E3D7
:10D830000800000AB420D1E10228A0E100C0D1E52F
:10D840000F400CE2842382E180001CE30E00000AFA
:10D85000012A82E30D0000EA0710D0E5000051E341
:10D860000300001A000053E30400000A4010A0E384
:10D870000710C0E50710D0E50128A0E1080000EA84
:10D880000810A0E30710C0E5F9FFFFEA022B82E3CE
:10D890000110D1E5031001E2010051E30000001A7C
:10D8A000022982E3000053E30400000A0010A0E311
:10D8B000021081E11900D0E5010080E11080BDE88F
:10D8C000021AA0E3F9FFFFEA08109FE50500A0E3B4
:10D8D0000200C1E51EFF2FE148010300F0412DE9E0
:10D8E0000050A0E364039FE5B000D0E1000050E3E6
:10D8F000D500001A58639FE50200D6E5000050E30A
:10D900000100000A010040E20200C6E50100D6E580
:10D91000000050E30200000A0210D6E5000051E3C7
:10D920003000000A2C439FE5001094E5000051E30D
:10D93000C500000A000050E3C300001A0170A0E314
:10D940000100D6E5030050E3BF00000A000094E5A3
:10D95000171500E0000051E3B700000A200055E36E
:10D9600005F18F30B40000EA240000EAB20000EABA
:10D97000290000EAB00000EA2E0000EAAE0000EA4A
:10D98000330000EAAC0000EAAB0000EA350000EA30
:10D99000A90000EAA80000EAA70000EA380000EAAF
:10D9A000A50000EA3F0000EA450000EA4B0000EA5B
:10D9B000A10000EA540000EA5A0000EA600000EA10
:10D9C000660000EA6C0000EA720000EA780000EAF3
:10D9D0007E0000EA840000EA8A0000EA960000EA7D
:10D9E000950000EA8E0000EA010040E20100C6E571
:10D9F0000A00A0E30200C6E5F041BDE8792C00EA88
:10DA00000100C0E3000084E50120A0E30210A0E1D2
:10DA10003100A0E319E3FFEB870000EA0400C0E354
:10DA2000000084E50120A0E30610A0E33100A0E39C
:10DA300012E3FFEB800000EA1000C0E3000084E581
:10DA40000220A0E30710A0E33100A0E30BE3FFEB0B
:10DA5000790000EA0500D6E5000050E37600001AE0
:10DA60000570C6E5740000EA020CC0E3000084E51E
:10DA70000120A0E30910A0E33100A0E3FFE2FFEBE7
:10DA80006D0000EA0400D6E5000050E36A00001AC9
:10DA90000320A0E30410A0E33100A0E3F7E2FFEBD2
:10DAA0000470C6E5640000EA0209C0E3000084E5F2
:10DAB0000120A0E30510A0E33100A0E3EFE2FFEBBB
:10DAC0005D0000EA0108C0E3000084E50620A0E351
:10DAD0000210A0E33100A0E3E8E2FFEB560000EA09
:10DAE00074119FE50010D1E5000051E35200001AC7
:10DAF0000208C0E3000084E50320A0E30510A0E3D2
:10DB00003100A0E3DDE2FFEB4B0000EA0207C0E3D7
:10DB1000000084E50120A0E30810A0E33100A0E3A9
:10DB2000D6E2FFEB440000EA0106C0E3000084E512
:10DB30000220A0E30810A0E33100A0E3CFE2FFEB56
:10DB40003D0000EA0206C0E3000084E50120A0E3F6
:10DB50000210A0E33100A0E3C8E2FFEB360000EAC8
:10DB60000105C0E3000084E50220A0E30210A0E16B
:10DB70003100A0E3C1E2FFEB2F0000EA0205C0E3A1
:10DB8000000084E50420A0E30210A0E33100A0E33C
:10DB9000BAE2FFEB280000EA0104C0E3000084E5DC
:10DBA0000520A0E30210A0E33100A0E3B3E2FFEB05
:10DBB000210000EA0204C0E3000084E50320A0E3A2
:10DBC0000210A0E33100A0E3ACE2FFEB1A0000EA90
:10DBD0000103C0E3000084E50120A0E30310A0E3FB
:10DBE0003100A0E3A5E2FFEB130000EA0203C0E36B
:10DBF000000084E50220A0E30310A0E33100A0E3CD
:10DC00009EE2FFEB0C0000EA0102C0E3000084E5A5
:10DC10000220A0E30510A0E33100A0E397E2FFEBB0
:10DC2000050000EA0201C0E3000084E50120A0E352
:10DC30000710A0E33100A0E390E2FFEB010085E2D2
:10DC4000FF5000E2200055E33CFFFF3AF081BDE8C1
:10DC50005A0003007C010300B0010300C861040006
:10DC60000F002DE9F0432DE954D04DE20070A0E300
:10DC700050708DE50050A0E304829FE504908DE292
:10DC800034608DE250308DE20320A0E304108DE279
:10DC900070008DE2BE0300EBB015DDE1000051E342
:10DCA0000100000A000050E30300000A0000A0E3A6
:10DCB00054D08DE2F003BDE814F09DE4010089E248
:10DCC000B8E4FFEBFF0000E23500CDE50410DDE530
:10DCD0003410CDE53A0051E30100000A0000A0E352
:10DCE000F2FFFFEA100050E30100009A0000A0E3F9
:10DCF000EEFFFFEA0A10A0E3800081E0FF2000E2CF
:10DD000050308DE204108DE270008DE2A00300EB34
:10DD1000B015DDE1000051E30100000A000050E30E
:10DD20000100000A0000A0E3E0FFFFEA020089E230
:10DD30009CE4FFEB0040A0E104008DE299E4FFEBDE
:10DD4000000484E038008DE5040089E295E4FFEBEF
:10DD50003C00CDE50040A0E3060000EA840089E035
:10DD6000060080E28FE4FFEB041086E00900C1E5C5
:10DD7000010084E2FF4000E23500DDE5040050E1EF
:10DD8000F5FFFF8A844089E0060084E285E4FFEB2A
:10DD9000FFC000E24DC0CDE50800D4E54E00CDE562
:10DDA0000910D4E54F10CDE50D0050E30300000A43
:10DDB0000A0050E30100000A0000A0E3BBFFFFEAF5
:10DDC0003520DDE538009DE538109DE53C30DDE58A
:10DDD000200482E0010080E0030080E0FF1000E208
:10DDE0000000A0E3050000EA004086E00940D4E519
:10DDF000041081E0FF1001E2010080E2FF0000E278
:10DE0000000052E1F7FFFF8A0100E0E1010080E23B
:10DE1000FF0000E200005CE10100000A0000A0E356
:10DE2000A2FFFFEA010053E30F00000A030053E3DF
:10DE30001000000A000053E391FFFF1A44009FE521
:10DE4000091086E2080090E5050080E0BB8BFFEB3F
:10DE50003500DDE5005085E02C009FE5000055E130
:10DE600087FFFF3A0000A0E390FFFFEA045088E537
:10DE70000100A0E38DFFFFEA047088E50050A0E3F5
:10DE80007FFFFFEAC8610400A035030000202300E3
:10DE900038402DE90040A0E10400A0E1050400EBBA
:10DEA000000050E30600001A0D10A0E10400A0E1FC
:10DEB000213F00EB000050E30100001A0010A0E336
:10DEC000001084E53880BDE838402DE90040A0E12D
:10DED0000D10A0E10400A0E1173F00EB000050E3AB
:10DEE0000100001A0010A0E3001084E53880BDE8AE
:10DEF000FE4F2DE900A0A0E10240A0E10350A0E107
:10DF000004108DE20A00A0E10B3F00EB08008DE554
:10DF100008009DE5000050E30100001A3100DAE539
:10DF200008008DE508009DE5000050E30800001A98
:10DF300004009DE50000D0E5040050E30400001A51
:10DF400040109AE50020E0E30A00A0E1150600EB8E
:10DF500008008DE508009DE5000050E30100000A7F
:10DF600008009DE5FE8FBDE804209DE50000D2E598
:10DF7000040050E30300000A010055E30100003AE9
:10DF80000040E0E30050A0E3D001CAE1043050E0DB
:10DF90000530D1E00400002A3030DAE5020013E356
:10DFA0000100001A0040A0E10150A0E1D883CAE1BD
:10DFB0000000A0E300008DE538008AE53C008AE51A
:10DFC000050094E17400000ABA00D2E180B4A0E137
:10DFD000090098E11A00000A010054E20010C5E2AD
:10DFE0000B20A0E10030A0E3FA88FFEB0060A0E185
:10DFF000010058E20170A0E10010C9E20080A0E138
:10E000000190A0E10B20A0E10030A0E3F188FFEB3C
:10E01000000056E00100D7E00900003A0000A0E34C
:10E0200001104BE20020E0E10100C8E1021009E02C
:10E03000F803CAE1004054E00150C5E040109AE501
:10E040000C0000EA08109AE5000051E30800001AED
:10E050000010A0E30A00A0E114E7FFEB0010A0E12C
:10E06000010051E30700000A010071E30800000A03
:10E0700008108AE540108AE5000051E34600000AD6
:10E080000060A0E3300000EA0200A0E33100CAE52E
:10E09000FE8FBDE80100A0E33100CAE5FE8FBDE8B8
:10E0A0000B4054E00050C5E0D823CAE10B2092E0B9
:10E0B0000030A3E0F823CAE13000DAE5020010E303
:10E0C0000F00000A10C09AE514709AE502C05CE0E7
:10E0D00003C0D7E00200002AF021CAE1400080E33B
:10E0E0003000CAE50A00A0E1F0E6FFEB0010A0E175
:10E0F000000051E30500001A0040A0E30450A0E135
:10E10000150000EA0A00A0E17F0700EB0010A0E183
:10E11000010071E30800000A010051E30300009AC6
:10E1200004009DE51C0090E5010050E10500008A17
:10E130000200A0E33100CAE5FE8FBDE80100A0E3C4
:10E140003100CAE5FE8FBDE840108AE504205BE09F
:10E150000520D6E00600A0E1D0FFFF3A38009AE59E
:10E160003C209AE5040090E00520A2E038008AE512
:10E170003C208AE5840BB0E10700000A04009DE51D
:10E18000FADFFFEB000050E32000000AA424A0E126
:10E19000851B82E1010080E000008DE5D803CAE123
:10E1A000D021CAE1002052E00120D3E00300002A80
:10E1B000F001CAE13000DAE5400080E33000CAE552
:10E1C000B803DAE1800BB0E12300000A44209AE5AD
:10E1D00000009DE5000052E11F00000A3000DAE572
:10E1E000800010E30F00000A04009DE50130A0E369
:10E1F0000100D0E550108AE24AFBFFEB000050E33B
:10E200000500000A0100A0E33100CAE5FE8FBDE869
:10E210000200A0E33100CAE5FE8FBDE83000DAE578
:10E220007F0000E23000CAE504009DE500209DE586
:10E230000100D0E50130A0E350108AE205FBFFEBBE
:10E24000000050E30200000A0100A0E33100CAE52B
:10E25000FE8FBDE800009DE544008AE508009DE5CD
:10E26000FE8FBDE8F14F2DE94FDE4DE2011B8DE23F
:10E270000220A0E36C1081E24F0E8DE2921A00EBB7
:10E280000040A0E10410A0E1A30F8FE2313200EBC7
:10E29000000054E36700001A6C049DE5A0048DE5BE
:10E2A0009B1F8DE20C1080E50C108DE2101080E5B4
:10E2B0004A8E8DE2F0149DE50800A0E1D20500EB46
:10E2C0000040A0E10410A0E1260E8FE2213200EB15
:10E2D000000054E30000001A0840A0E3040054E3E7
:10E2E0005400001A6C049DE570048DE5479E8DE294
:10E2F0000010A0E30900A0E16CE6FFEB0050A0E1F4
:10E300000040A0E3000055E30000001A0740A0E32E
:10E31000010055E30000001A0240A0E3010075E38C
:10E320000000001A0140A0E30520A0E10410A0E1D4
:10E33000830F8FE2073200EB7A0700EB00A0A0E129
:10E340000A10A0E1850F8FE2023200EB000054E3D7
:10E350000170A0E31060A0E32D00001A6C049DE59D
:10E360000510A0E1E1F7FFEB0040A0E10410A0E1FF
:10E370001F0E8FE2F73100EB000054E32400001A77
:10E380006C049DE50010D0E5040051E31A00000A7A
:10E390002020A0E30B10A0E33C0080E2B58AFFEB55
:10E3A0006C049DE52E40A0E33C40C0E54760C0E51D
:10E3B0000A10A0E1520080E2D52C00EB6C049DE530
:10E3C0000520A0E13C1080E2C12C00EB6C049DE52F
:10E3D0002020A0E33C1080E25C0080E28C8AFFEB0E
:10E3E0006C049DE55D40C0E5A8249DE55C1080E2DD
:10E3F000B72C00EB6C049DE50370C0E50800A0E1BC
:10E4000045F9FFEB0040A0E10410A0E1590F8FE2B5
:10E41000D03100EB0410A0E15B0F8FE2CD3100EBB7
:10E42000000054E30700000A0020A0E30510A0E16B
:10E430000900A0E1BC2800EB01DB8DE20400A0E1B3
:10E44000F4D08DE2F08FBDE86C049DE50010D0E5BE
:10E45000040051E31100000ADC049DE50A10A0E16C
:10E46000160080E2AA2C00EB6C049DE5DC149DE50F
:10E470000520A0E1962C00EBDC049DE50B60C0E5D7
:10E480006C049DE50370C0E5000054E3E9FFFF1A4A
:10E490006C049DE5252D00EB0040A0E1E5FFFFEABF
:10E4A000100090E50A10A0E10C0080E2982C00EB2F
:10E4B0006C049DE50510A0E1100090E5340080E2B9
:10E4C000932C00EB6C049DE5BA10D0E1100090E5B0
:10E4D0008114A0E1380080E28D2C00EB6C049DE5F6
:10E4E000BA10D0E1100090E58114A0E1280080E28C
:10E4F000872C00EB6C049DE50310A0E3102090E551
:10E500002110C2E5100090E50460C0E50800A0E11C
:10E51000CD2C00EB0040A0E1DAFFFFEA6D6F756ED5
:10E52000745F766F6C756D653D25580D0A000000AF
:10E53000666F6C6C6F775F706174683D25580D0A6B
:10E54000000000006372656174655F636861696EF5
:10E550003D25582C64636C3D25580D0A00000000D1
:10E56000746D3D25580D0A006469725F636C6561C6
:10E57000723D25580D0A00006469725F7265676913
:10E58000737465723D25580D0A0000007265733D75
:10E5900025580D0A0000000017402DE904D04DE277
:10E5A0000240A0E108009DE500008DE50D00A0E11E
:10E5B000D40700EB000050E3020000AA0B00A0E328
:10E5C00010D08DE21080BDE848309FE5001193E740
:10E5D0000020A0E3000051E30000000A0020C1E594
:10E5E00004109DE5000051E30000000A0020C1E591
:10E5F000001183E7000054E30400000A0020A0E3B8
:10E6000004108DE208008DE2AF1900EBEBFFFFEA8A
:10E610000000A0E3E9FFFFEA00030900F74F2DE93E
:10E6200013DD4DE20070A0E1000057E30B00000A8B
:10E630003F4002E2011B8DE2010B8DE20420A0E1CC
:10E640006C1081E2C40080E29F1900EB0060A0E141
:10E65000000056E30090A0E30400000AF80000EA7E
:10E660000900A0E301DB8DE2CCD08DE2F08FBDE8A4
:10E670006C049DE570048DE59B1F8DE20C1080E518
:10E680000C108DE2101080E547AE8DE2C4149DE5BC
:10E690000A00A0E1DC0400EB0060A0E10600B0E1AC
:10E6A0000300001ABB04DDE5800010E30000000A4F
:10E6B0000660A0E31C0014E37200000A000056E3A9
:10E6C0000600000A040056E30200001A0A00A0E156
:10E6D00091F8FFEB0060A0E1084084E3070000EA46
:10E6E0007604DDE5110010E30100000A0760A0E3F5
:10E6F000020000EA040014E30000000A0860A0E33E
:10E70000000056E36B00001A080014E36900000AD9
:10E710006C049DE520B0A0E30010D0E50180A0E3EB
:10E72000040051E32400000A7E0600EB0050A0E143
:10E73000AC049DE50510A0E10E0080E2F42B00EB97
:10E74000AC049DE50510A0E1160080E2F02B00EB83
:10E750006C049DE5AC149DE5E91700EB0050A0E1C9
:10E76000AC049DE50BB0C0E56C049DE5AC149DE5E3
:10E770000020A0E3D62B00EBAC049DE50010A0E345
:10E780001C0080E2E22B00EB6C049DE50380C0E5F9
:10E79000000055E34700000A388090E50020A0E320
:10E7A0000510A0E10A00A0E1DF2700EB0060A0E176
:10E7B0000600B0E12B00000A3E0000EA000087E5F9
:10E7C0006C049DE50710A0E1CD1600EB6C049DE5FF
:10E7D0001E10A0E3100090E5020080E2A989FFEB83
:10E7E0006C049DE51A10A0E3100090E5260080E27D
:10E7F000A489FFEB6C049DE5100090E504B0C0E532
:10E80000480600EB0010A0E16C049DE5100090E5C7
:10E81000080080E2BE2B00EB6C049DE5100090E543
:10E820002180C0E50A00A0E1072C00EB0060A0E118
:10E830000600B0E11F00001A081097E5000051E340
:10E840001C00000A0020A0E30700A0E1B62700EBAF
:10E850000060A0E1080097E56C149DE5010040E22E
:10E86000140081E5130000EA6C049DE50810A0E1A6
:10E87000A01A00EB0060A0E16C149DE5010045E2E8
:10E88000140081E50B0000EA000056E30900001ABD
:10E890007604DDE5100010E30100000A0460A0E347
:10E8A000040000EA020014E30200000A010010E381
:10E8B0000000000A0760A0E3000056E30700001A0A
:10E8C000080014E30000000A404084E36C049DE566
:10E8D000380090E5480087E5AC049DE54C0087E5ED
:10E8E000000056E35600001A6C049DE50010D0E5C8
:10E8F000040051E32100000AAC149DE5801700EBF1
:10E90000080087E5AC049DE51C0080E28A1700EB57
:10E91000100087E5149087E56C049DE5000087E50D
:10E920006C049DE5B600D0E1B400C7E13040C7E516
:10E930003190C7E5449087E50010A0E3381087E5E3
:10E940003C1087E5021CA0E3500087E25D89FFEBE5
:10E95000200014E33A00000AD041C7E1050094E129
:10E960003700000AF843C7E16C049DE5BA00D0E126
:10E970008084A0E1081097E509A0A0E1160000EA54
:10E9800078149DE5201087E580149DE57724DDE56A
:10E99000FF10C1E3021081E1241087E5BC149DE55E
:10E9A000281087E50710A0E1551600EBD9FFFFEA14
:10E9B0000700A0E1540500EB0010A0E1010051E3C5
:10E9C0000000008A0260A0E3010071E30000001A69
:10E9D0000160A0E3084054E00A50C5E0000056E39F
:10E9E0000200001A040058E00500DAE0EFFFFF3AE9
:10E9F000401087E5000056E31100001A840BB0E1D7
:10EA00000F00000A6C049DE5D8DDFFEB000050E329
:10EA10001000000AA424A0E1851B82E1002081E00F
:10EA2000442087E56C049DE50130A0E30100D0E5BA
:10EA3000501087E207F9FFEB000050E30000000AE6
:10EA40000160A0E3000056E30000000A009087E5A3
:10EA50000600A0E102FFFFEA0260A0E3F8FFFFEA80
:10EA600073402DE947DE4DE20040A0E1000054E391
:10EA70000900000A011B8DE2010B8DE20020A0E3DA
:10EA80006C1081E2740080E28F1800EB0050A0E16E
:10EA9000000055E30400000A370000EA0900A0E383
:10EAA00001DB8DE278D08DE27080BDE86C049DE5DD
:10EAB000000084E56C049DE59B1F8DE20C1080E551
:10EAC0000C108DE2101080E574149DE50400A0E1A7
:10EAD000CD0300EB0050A0E1000055E32300001A35
:10EAE0004B00D4E5800010E31700001A0600D4E5BF
:10EAF000100010E31300000A6C049DE50010D0E53F
:10EB0000040051E30300000A3C1094E5FC1600EBFE
:10EB1000080084E50C0000EA081094E5201084E564
:10EB2000101094E50720D4E5FF10C1E3021081E145
:10EB3000241084E54C1094E5281084E50410A0E12D
:10EB4000EF1500EB000000EA0550A0E3000055E3DC
:10EB50000600001A6C049DE5B600D0E1B400C4E1E3
:10EB60000010A0E30400A0E125F8FFEB0050A0E1B5
:10EB7000040055E30000001A0550A0E3000055E32F
:10EB80000100000A0000A0E3000084E50500A0E108
:10EB9000C2FFFFEAF84F2DE90040A0E10180A0E1AB
:10EBA0000270A0E10390A0E10050A0E3005089E5CD
:10EBB0000D10A0E10400A0E1DF3B00EB000050E3FA
:10EBC0001000001A3100D4E5000050E30D00001AD7
:10EBD0003000D4E5010010E30900000AD803C4E1C5
:10EBE000D021C4E1000052E00110C3E0073050E042
:10EBF0000010D1E20000002A0070A0E101A0A0E313
:10EC00007F0000EA0700A0E3F88FBDE8B803D4E175
:10EC1000800BB0E16300001A385094E53C6094E545
:10EC2000A514A0E1860B81E100109DE5BA10D1E1A9
:10EC3000011041E201B000E000005BE30E00001AA9
:10EC4000060095E10700000A401094E50400A0E1E9
:10EC5000AD0400EB020050E30400002A0200A0E330
:10EC60003100C4E5F88FBDE8080094E5F8FFFFEA3D
:10EC7000010070E31900000A400084E5401094E5AB
:10EC800000009DE539DDFFEB000050E31600000AAF
:10EC90000B6080E0A754A0E1000055E32200000AC9
:10ECA00000009DE505208BE0BA10D0E1010052E1A3
:10ECB0000000009A0B5041E00100D0E50530A0E1D2
:10ECC0000620A0E10810A0E162F8FFEB000050E38D
:10ECD0000800000A31A0C4E50100A0E3F88FBDE8F8
:10ECE00031A0C4E50100A0E3F88FBDE80200A0E375
:10ECF0003100C4E5F88FBDE83000D4E5800010E3B2
:10ED00000700000A440094E5060040E0050050E1D9
:10ED10000300002A800488E0022CA0E3501084E263
:10ED20000688FFEB8554A0E12A0000EA442094E520
:10ED3000060052E11A00000A3000D4E5800010E31A
:10ED40000C00000A00009DE50130A0E30100D0E5C1
:10ED5000501084E273F8FFEB000050E30200000A59
:10ED600031A0C4E50100A0E3F88FBDE83000D4E590
:10ED70007F0000E23000C4E500009DE50130A0E323
:10ED80000100D0E50620A0E1501084E231F8FFEB4D
:10ED9000000050E30200000A31A0C4E50100A0E336
:10EDA000F88FBDE8446084E5B803D4E1800BA0E1AE
:10EDB000A00BA0E1025C60E2070055E10000009AB0
:10EDC0000750A0E1040080E0501080E20520A0E19F
:10EDD0000800A0E1D987FFEB057047E0000099E546
:10EDE000050080E0000089E5058088E0382094E592
:10EDF0003C1094E5052092E00000A1E23C0084E58F
:10EE0000382084E5000057E37FFFFF1A0000A0E3ED
:10EE1000F88FBDE870402DE947DE4DE20050A0E1DB
:10EE20000140A0E1011B8DE26C1081E20500A0E130
:10EE3000413B00EB000050E30F00001A000054E3D8
:10EE40000A00000A6C049DE59B1F8DE20C1080E512
:10EE50000C108DE2101080E50010A0E30500A0E189
:10EE600047F6FFEB040050E30500000A050000EA46
:10EE70000010A0E30500A0E161F7FFEB47DE8DE2A3
:10EE80007080BDE80000A0E3000050E3FAFFFF1A25
:10EE90000410A0E10500A0E1B90400EB0010A0E31C
:10EEA0000500A0E1D4F5FFEB040050E3F2FFFF1AE8
:10EEB0000000A0E3F0FFFFEA70402DE901DB4DE226
:10EEC000C8D04DE20040A0E1131D8DE20400A0E196
:10EED000193B00EB000050E30D00001A3010D4E5A0
:10EEE000400011E30A00000A800011E30E00000A4E
:10EEF000C0049DE5442094E50100D0E50130A0E385
:10EF0000501084E207F8FFEB000050E30300000A12
:10EF10000100A0E301DB8DE2C8D08DE27080BDE886
:10EF20003000D4E57F0000E23000C4E57D0400EB52
:10EF30000060A0E1C0049DE50010D0E5040051E3AD
:10EF40001C00000A481094E5EA1800EB000050E3AA
:10EF5000EFFFFF1A4C5094E50B00D5E5200080E34D
:10EF60000B00C5E5000094E5082094E50510A0E13C
:10EF7000D72900EB101094E51C0085E2E42900EB92
:10EF80000610A0E1160085E2E12900EB0010A0E3E5
:10EF9000120085E2052A00EBC0049DE50110A0E304
:10EFA0000310C0E5612A00EB3010D4E5BF1001E288
:10EFB0003010C4E5D6FFFFEA0400A0E1E30100EB56
:10EFC000000050E30300001A401094E50020E0E345
:10EFD0000400A0E1F30100EB000050E3CCFFFF1AB6
:10EFE000C0049DE5271E8DE20C1080E510108DE217
:10EFF000101080E5475E8DE20410A0E10500A0E15D
:10F00000161600EB000050E3C1FFFF1AC0049DE597
:10F01000101090E50420D1E5202082E30420C1E512
:10F020000710D4E5102090E5011081E32110C2E51E
:10F03000100090E5081094E5340080E2B42900EB5C
:10F04000D021C4E1C0049DE5100090E5380080E2C5
:10F05000B92900EBD021C4E1C0049DE5100090E582
:10F06000280080E2B42900EBC0049DE50610A0E171
:10F07000100090E50C0080E2A52900EBC0049DE59E
:10F080000010A0E3102090E51510C2E5100090E5F7
:10F09000100080E29E2900EB0500A0E1EA2900EBC8
:10F0A000000050E39AFFFF1AC0049DE51F2A00EB01
:10F0B0003010D4E5BF1001E23010C4E594FFFFEA40
:10F0C000F84F2DE90080A0E101A0A0E10290A0E1AD
:10F0D00003B0A0E10000A0E300008BE50D10A0E16B
:10F0E0000800A0E1943A00EB000050E31000001A81
:10F0F0003100D8E5000050E30D00001A3000D8E5DB
:10F10000020010E30900000A00009DE50000D0E5C0
:10F11000040050E3A100000A380098E5091090E0CF
:10F12000000051E19D00002A0090E0E19B0000EA10
:10F130000700A0E3F88FBDE8B803D8E1800BB0E189
:10F140007600001AD803C8E1A034A0E1812B83E146
:10F1500000309DE5BA30D3E1013043E2034002E0E4
:10F16000000054E31D00001A010090E10D00000AA8
:10F17000401098E50800A0E1CCE2FFEB000050E36E
:10F180008800000A010050E30D00000A010070E34E
:10F190000E00000A400088E5081098E5000051E3E1
:10F1A0000D00000A0D0000EA080098E5000050E399
:10F1B000F1FFFF1A0010A0E30800A0E1BBE2FFEBA3
:10F1C000EDFFFFEA0200A0E33100C8E5F88FBDE8DB
:10F1D0000100A0E33100C8E5F88FBDE8080088E52C
:10F1E0003000D8E5800010E30D00000A00009DE526
:10F1F000442098E50100D0E50130A0E3501088E2FA
:10F2000048F7FFEB000050E30200000A0100A0E312
:10F210003100C8E5F88FBDE83000D8E57F0000E296
:10F220003000C8E5401098E500009DE5CFDBFFEB1E
:10F23000000050E31300000A046080E0A954A0E13C
:10F24000000055E31F00000A00009DE5052084E052
:10F25000BA10D0E1010052E10000009A045041E0F0
:10F260000100D0E50530A0E10620A0E10A10A0E1F0
:10F270002CF7FFEB000050E30500000A0100A0E3BB
:10F280003100C8E5F88FBDE80200A0E33100C8E511
:10F29000F88FBDE8440098E5060040E0050050E125
:10F2A0000600002A80148AE0022CA0E3500088E2C5
:10F2B000A286FFEB3000D8E57F0000E23000C8E511
:10F2C0008544A0E1240000EA440098E5060050E1EE
:10F2D0001100000A380098E5101098E53C3098E5D8
:10F2E000142098E5010050E00200D3E00A00002A53
:10F2F00000009DE50130A0E30100D0E50620A0E17B
:10F30000501088E2D3F6FFEB000050E30200000A41
:10F310000100A0E33100C8E5F88FBDE8446088E54E
:10F32000B803D8E1800BA0E1A00BA0E1024C60E2A1
:10F33000090054E10000009A0940A0E1080080E0C3
:10F34000500080E20420A0E10A10A0E17B86FFEBE0
:10F350003000D8E5800080E33000C8E5049049E043
:10F3600000009BE5040080E000008BE504A08AE03B
:10F37000381098E53C2098E5014094E00050A2E266
:10F38000F843C8E1D061C8E1040056E00500D7E0C9
:10F390000100003A0640A0E10750A0E1F041C8E1B9
:10F3A000000059E363FFFF1A3000D8E5400080E316
:10F3B0003000C8E50000A0E3F88FBDE80000A0E33E
:10F3C0002C109FE50020D1E7000052E30400000A62
:10F3D000010080E2070050E3F9FFFFBA0900E0E313
:10F3E0001EFF2FE10120A0E30020C1E7030080E21F
:10F3F0001EFF2FE1BC08030010402DE90040A0E1F2
:10F4000024109FE5300084E20000C1E50120A0E364
:10F410000000A0E35FFCFFEB10109FE50000A0E3FD
:10F42000041081E0030041E51080BDE8B40803004A
:10F43000BC08030004009FE50710A0E3A186FFEAD3
:10F44000BC0803000020A0E334309FE5800050E3B7
:10F450000100002A0020A0E1070000EA6DCFE0E3F0
:10F460000C0071E10400001A010C50E30200002AB4
:10F47000800040E2800083E0B020D0E10200A0E103
:10F480001EFF2FE1FAF802000020A0E10000A0E337
:10F4900054309FE5800052E30200002A0208A0E1F8
:10F4A0002008A0E11EFF2FE1010852E3FCFFFF2A24
:10F4B0006DCFE0E30C0071E10200000A1EFF2FE1B6
:10F4C000010080E20108C0E3800050E30300002A4D
:10F4D000801083E0B010D1E1020051E1F7FFFF1A84
:10F4E000800080E2FF0000E21EFF2FE1FAF8020038
:10F4F00010402DE9010850E31300002A0008A0E1A4
:10F500002008A0E1010A50E30100002A08119FE54C
:10F51000000000EA04119FE5B220D1E0000052E3B0
:10F520000900000A020050E10700003AB230D1E0C1
:10F5300023C4A0E1FF3003E2034082E0000054E175
:10F540003100009A09005CE30CF18F301080BDE8B7
:10F55000070000EA0A0000EA0F0000EA120000EAD1
:10F56000150000EA180000EA1B0000EA1D0000EA8E
:10F57000200000EA020040E0800081E0B000D0E11D
:10F580001080BDE8021040E0011001E2010040E0FF
:10F590000008A0E12008A0E11080BDE8100040E2D2
:10F5A0000008A0E12008A0E11080BDE8200040E2B2
:10F5B0000008A0E12008A0E11080BDE8300040E292
:10F5C0000008A0E12008A0E11080BDE81A0040E298
:10F5D0000008A0E12008A0E11080BDE8080080E25A
:10F5E0000108C0E31080BDE8500040E20008A0E13F
:10F5F0002008A0E11080BDE8010A40E2C60E40E20A
:10F600000008A0E12008A0E11080BDE800005CE354
:10F61000C0FFFF1A831081E0BEFFFFEAFAF9020083
:10F62000ECFB0200F0412DE90040A0E378709FE57B
:10F6300078609FE5001097E5700084E2800180E02B
:10F64000010080E0FF95FFEB0050A0E10310A0E374
:10F650000400A0E1898BFFEB000051E30400000AE5
:10F66000010051E30500000A020051E30A00001AFC
:10F67000060000EA800080E0005186E7060000EA0C
:10F68000800080E0000186E0045080E5020000EA8E
:10F69000800080E0000186E0085080E5014084E2BF
:10F6A000300054E3E2FFFF3AF081BDE8C0010300FF
:10F6B00078740400F0412DE90040A0E37C609FE5F0
:10F6C0007C709FE50310A0E30400A0E16B8BFFEBCF
:10F6D000000051E30400000A010051E30500000AA4
:10F6E000020051E30A00001A060000EA800080E0F0
:10F6F000005196E7060000EA800080E0000186E005
:10F70000045090E5020000EA800080E0000186E0FD
:10F71000085090E5001097E5700084E2800180E0D9
:10F72000010080E00520A0E118108FE2F083FFFACD
:10F73000014084E2300054E3E1FFFF3AF081BDE88C
:10F7400078740400C0010300253038580000000020
:10F7500070402DE90060A0E10700D6E5030050E30A
:10F760000E00001A084096E5185096E5070000EADA
:10F77000000096E5012084E20410A0E1B51E00EB34
:10F78000000050E30600001A014084E2015045E207
:10F79000000055E3F5FFFF1A0000A0E30700C6E5EF
:10F7A0000000A0E37080BDE870402DE90040A0E1BA
:10F7B0000150A0E10260A0E10E0000EA010050E368
:10F7C0000200009A001045E0022081E2000000EAF9
:10F7D0000620A0E1000045E0011080E2000094E571
:10F7E0009C1E00EB000050E30600001A1C0094E58C
:10F7F000010040E21C0084E51C0094E5000050E399
:10F80000EDFFFF1A0000A0E37080BDE8F0472DE98E
:10F810000060A0E10290A0E1027041E21C0096E5C8
:10F82000020040E2070050E10000008A0070A0E3FF
:10F830000740A0E10480A0E10050A0E3340096E579
:10F84000241680E00600A0E1AA1600EB000050E3B9
:10F850000100000A0000E0E3F087BDE8040AA0E12F
:10F86000A03BA0E1070004E20110A0E31100A0E129
:10F87000FF1000E21C0096E5022040E2030086E053
:10F880003C00D0E5010000E0811CA0E1211CA0E1CA
:10F89000014084E2020054E10200003A0040A0E38B
:10F8A0000010A0E3023CA0E3000050E30500000AC2
:10F8B0000480A0E10050A0E3070054E10600001A14
:10F8C0000000A0E3F087BDE8015085E2090055E1A2
:10F8D000F8FFFF1A020088E2F087BDE8000051E35C
:10F8E000E5FFFF1A0110A0E3013083E2020C53E3AD
:10F8F000E1FFFF3AD0FFFFEA0010A0E324209FE5DC
:10F90000813292E7000053E10100001A810282E097
:10F910001EFF2FE1011081E2080051E3F7FFFFBA5B
:10F920000000A0E31EFF2FE1240309000010A0E166
:10F9300024009FE5040090E5030000EA742090E5B0
:10F94000010052E10300000AB40290E5000050E318
:10F95000F9FFFF1A0000A0E31EFF2FE1B408030027
:10F96000FF412DE90060A0E10150A0E10010A0E3FB
:10F970000600A0E150D6FFEB020050E30300000AAE
:10F98000030050E31E00002A000055E31C00000A9B
:10F990000040A0E30D70A0E1040286E0020C80E2CA
:10F9A000020080E2641300EB040187E7014084E277
:10F9B000040054E3F7FFFF3A000055E30100000A9A
:10F9C000014045E2000000EA0040A0E3041197E78F
:10F9D000000051E30200000A0600A0E136D6FFEB6A
:10F9E000000000EA0300A0E3000055E30400001A51
:10F9F000020050E30200003A014084E2040054E3B4
:10FA0000F1FFFF3A10D08DE2F081BDE873402DE99F
:10FA10000040A0E1005094E5010000EA010081E20D
:10FA200004008DE504109DE50000D1E52F0050E3B2
:10FA3000F9FFFF0A5C0050E3F7FFFF0A0000A0E3B4
:10FA4000080084E51C0084E504009DE50000D0E585
:10FA5000200050E30500002A8000A0E34B00C4E52D
:10FA60000010A0E30400A0E165F4FFEB7C80BDE89A
:10FA700004108DE20400A0E147E1FFEB000050E339
:10FA8000F9FFFF1A0400A0E14EF2FFEB4B10D4E5A2
:10FA9000000050E30500000A040050E3F2FFFF1AE3
:10FAA000040011E3F0FFFF1A0500A0E37C80BDE82D
:10FAB000040011E3ECFFFF1A0600D4E5100010E388
:10FAC0000B00000A0000D5E5040050E30A00000A1C
:10FAD000B003D4E1800BA0E1A00BA0E1050080E021
:10FAE0003C1080E20500A0E1051300EB080084E56E
:10FAF000DEFFFFEA0500A0E37C80BDE8080094E596
:10FB0000200084E5100094E50710D4E5FF00C0E371
:10FB1000010080E1240084E54C0094E5280084E5A0
:10FB20000410A0E10500A0E1F51100EBCFFFFFEA12
:10FB3000800050E3020000AA08209FE50010A0E327
:10FB40000010C2E71EFF2FE1008D090010402DE9D3
:10FB50000040A0E1000054E31900000A1C0094E5F5
:10FB6000000050E30100000A011AA0E3D03400EBCA
:10FB700050009FE5101090E5040051E10900001AC3
:10FB8000341091E5101080E5080000EA340091E59A
:10FB9000040050E10200001A340094E5340081E5CD
:10FBA000020000EA0010A0E1000051E3F6FFFF1A96
:10FBB0000400A0E12BCCFFEB1040BDE83700E0E3F0
:10FBC000351400EA1080BDE84408030070402DE9B8
:10FBD0000060A0E10040A0E328509FE5001096E5FA
:10FBE000840295E7010050E10200001A840285E0DA
:10FBF0002010A0E3B384FFEB014084E2080054E34B
:10FC0000F5FFFFBA7080BDE8240309000010A0E3EF
:10FC10003C209FE5013192E7000053E10700001A04
:10FC200030209FE50000A0E30100C2E728009FE527
:10FC30000C1090E5011041E20C1080E51EFF2FE151
:10FC4000011081E2010C51E3F1FFFFBA0C008FE2D9
:10FC5000C02B00EA00880900008C0900440803005A
:10FC6000667265655F6F6863695F4544202D206E2D
:10FC70006F7420666F756E6421202869676E6F72DD
:10FC8000656420696E2063617365206F66206D7501
:10FC90006C7469706C6520555452290A000000008C
:10FCA0000010A0E33C209FE5013192E7000053E102
:10FCB0000700001A30209FE50000A0E30100C2E722
:10FCC00028009FE50C1090E5011041E20C1080E542
:10FCD0001EFF2FE1011081E2010C51E3F1FFFFBA99
:10FCE0000C008FE29B2B00EA00880900008C0900C1
:10FCF00044080300667265655F6F6863695F54441A
:10FD0000202D206E6F7420666F756E64210A0000CE
:10FD100010402DE9000050E30300000AD1CBFFEBB7
:10FD20001040BDE88B00E0E3DB1300EA1080BDE883
:10FD3000F05F2DE928909DE52CA09DE50060A0E1F5
:10FD40000150A0E102B0A0E17C009FE58B70A0E132
:10FD50000000D0E5038085E0000050E31700001AA2
:10FD60000540A0E1090000EA051044E0840184E0B8
:10FD70009B0101E0040280E000038AE0860080E04D
:10FD80000720A0E1811089E0EC83FFEB014084E2D1
:10FD9000040058E1F3FFFF8AF09FBDE8850185E08C
:10FDA000050280E0001389E000038AE0861081E00C
:10FDB000860080E00720A0E1E083FFEB015085E2B0
:10FDC000050058E1F4FFFF8AF09FBDE8000703003B
:10FDD000FC412DE90060A0E10250A0E10340A0E158
:10FDE0000B20A0E30600A0E1D483FFEB050054E361
:10FDF0000C00008A0E0000EA025085E20030A0E309
:10FE0000010001E2844080E0A110A0E1010814E3B8
:10FE10000100000A114A24E2214024E2013083E279
:10FE2000100053E3F5FFFF3AB010D5E1000051E3B5
:10FE3000F0FFFF1A0750A0E30D70A0E10F0004E2ED
:10FE4000301080E22442A0E1390051E30100009A21
:10FE5000070081E2FF1000E20500A0E1015045E249
:10FE60000010C7E7000055E30100000A000054E35A
:10FE7000F1FFFF1A7E00A0E30500C7E70040A0E302
:10FE8000018045E2060000EA63E1FFEB000050E379
:10FE90000200000A080054E10600000A014084E262
:10FEA000014084E2050054E10200002A0400D6E784
:10FEB000200050E3F3FFFF1A080055E30300002A77
:10FEC0000500A0E10000D7E7015085E2000000EA4C
:10FED0002000A0E30410A0E1014084E20100C6E795
:10FEE000080054E3F3FFFF3AFC81BDE804009FE5FE
:10FEF0000C00D0E51EFF2FE1F461040004009FE533
:10FF00000000D0E51EFF2FE144000300F0472DE97B
:10FF10000070A0E10150A0E1004097E5020055E328
:10FF20000200003A1C0094E5050050E10100008A3F
:10FF30000160A0E30C0000EA0060E0E30000D4E50B
:10FF4000010050E30A00000A020050E32600000A04
:10FF50007F1FA0E3030050E3058101E02E00000AAB
:10FF6000040050E33700000A0160A0E30600A0E1AE
:10FF7000F087BDE8A57085E0280094E5A71480E02F
:10FF80000400A0E1DB1400EB000050E3F6FFFF1AD1
:10FF9000870BA0E1A00BA0E1018087E2040080E0D4
:10FFA0003C70D0E5280094E5A81480E00400A0E1AE
:10FFB000D01400EB000050E3EBFFFF1A880BA0E128
:10FFC000A00BA0E1040080E03C00D0E5000487E144
:10FFD000010015E30100000A2062A0E1E2FFFFEA50
:10FFE000006AA0E1266AA0E1DFFFFFEA280094E5AD
:10FFF000251480E00400A0E1BE1400EB000050E3F3
:020000040002F8
:10000000D9FFFF1AFF0005E2800084E03C0080E297
:10001000EF1100EB0060A0E1D3FFFFEA280094E5B8
:10002000A51380E00400A0E1B21400EB000050E34F
:10003000CDFFFF1A040088E03C0080E2BE1100EB17
:100040000F62C0E3C8FFFFEAD001C7E1012090E1E1
:100050000200000A082097E5000052E30200001A9F
:100060000720D7E5000052E32C00001A082097E58E
:10007000029045E0010050E2BA20D4E10010C1E254
:10008000A004A0E1810B80E10210A0E1FB88FFEB5E
:100090000010A0E10700D7E5020050E30600001AB7
:1000A000010059E10400008A0100001A0261E0E346
:1000B000ADFFFFEA016085E2ABFFFFEA030050E31A
:1000C0000400001A181097E5090051E10100009A98
:1000D000016085E2A4FFFFEA020050E30F00000A7E
:1000E0001C0097E5000050E30100000A0261E0E314
:1000F0009DFFFFEA280094E5A51380E00400A0E13D
:100100007C1400EB000050E397FFFF1A040088E026
:100110003C0080E2881100EB0261C0E392FFFFEA3D
:100120000160A0E390FFFFEA70402DE94C409FE59D
:100130000000D4E5F2A3FFEB140080E2805CA0E1B4
:100140000100D4E5EEA3FFEB805A85E10200D4E57F
:10015000EBA3FFEB005885E10300D4E5E8A3FFEB38
:10016000805585E10400D4E5E5A3FFEB805285E1ED
:100170000400D4E5E2A3FFEBA00085E17080BDE8B8
:10018000B6000300F05F2DE90060A0E10140A0E1AE
:10019000009096E50070A0E31A70C4E5380096E57B
:1001A000000050E35000000A0000D9E53F80A0E3C2
:1001B000040050E30600000A4C0096E5010070E3DD
:1001C0006800000A0050A0E305B0A0E100A0A0E391
:1001D0005A0000EA00B0A0E34060A0E30050A0E3B2
:1001E00000A0A0E31A0000EA260E56E30100003A40
:1001F0000050A0E31A0000EA1F0016E30000001AF6
:10020000026086E2060080E0711100EB026086E287
:1002100001B08BE200005AE30400001A361B40E2F2
:10022000020B51E30100002A00A0A0E1080000EA4F
:10023000051084E0FF2065E21A1081E20A0880E1DF
:100240009B1C00EB000050E30B00000A005085E00F
:1002500000A0A0E3100099E52310D0E50B0051E1C8
:10026000E0FFFF8A00005AE30000000A0050A0E30C
:10027000000055E30200000A030000EA0050A0E37A
:10028000F7FFFFEA0150A0E31A80C4E5050084E00F
:100290001A70C0E50D70C4E5100099E50400D0E5C2
:1002A000370000E20C00C4E5100010E30200000A71
:1002B0000000A0E30010A0E1020000EA100099E5B0
:1002C000380080E2241100EBF000C4E1100099E551
:1002D0000C0080E23E1100EBBA00C4E1100099E589
:1002E0000E0080E23A1100EBB800C4E1F09FBDE8D7
:1002F0000B10A0E1810080E0B000D0E101B08BE202
:1003000000005AE30400001A361B40E2020B51E3DE
:100310000100002A00A0A0E1080000EA051084E026
:10032000FF2065E21A1081E20A0880E1601C00EB00
:10033000000050E30F00000A005085E000A0A0E399
:100340000C0099E58B1080E0B010D1E1000051E382
:10035000E6FFFF1A00005AE30000000A0050A0E385
:10036000050084E01A70C0E50000A0E30010A0E1E1
:100370002E30A0E3160000EA0050A0E3F4FFFFEAED
:100380003CC096E50020A0E10220DCE7010080E20D
:10039000200052E30E00000A050052E30000001A9C
:1003A000E520A0E3090050E30500001A0C0051E32A
:1003B0000300002A01C0A0E104C08CE0011081E22A
:1003C0000D30CCE501C0A0E104C08CE0011081E259
:1003D0000D20CCE50B0050E3E8FFFF3A010084E07C
:1003E0000D70C0E51A00D4E5000050E32300001AA8
:1003F000000051E30300000A0010A0E30120A0E187
:100400000830A0E3120000EA0110A0E31A80C4E55E
:10041000130000EA2E0050E30000001A1030A0E3A1
:1004200041C040E219005CE30500008A3CC096E54B
:100430000CC0DCE503001CE10100000A200080E2A2
:100440000108C0E301C084E01A00CCE5012082E28B
:10045000011081E2020084E00D00D0E5000050E3CD
:10046000EBFFFF1A010084E01A70C0E53C0096E53E
:100470000C00D0E5000050E30000001A0D70C4E548
:100480003C0096E50B00D0E53F0000E20C00C4E51F
:100490003C0096E51C0080E2A71000EB810084E898
:1004A0003C0096E5160080E2C91000EBBA00C4E1FA
:1004B0003C0096E5180080E2C51000EBB800C4E1EE
:1004C000F09FBDE804109FE5000281E01EFF2FE1D0
:1004D000E00B03000010A0E324209FE5C000A0E192
:1004E000000050E30400000A011081E2050051E31E
:1004F000F9FFFFBA140092E51EFF2FE1010192E718
:100500001EFF2FE1008F090030402DE90040A0E1DF
:100510000000E0E3001094E50130A0E1000053E3A7
:100520000700000A0120D1E4200052E30100003A54
:100530003A0052E3FAFFFF1A3A0052E30100000AC0
:100540000000A0E33080BDE809C0A0E30020D3E5AF
:10055000305042E2090055E30300008A023083E292
:10056000010053E10000001A30C042E209005CE3E0
:10057000F3FFFFAA0C00A0E1001084E53080BDE885
:1005800070402DE9B8509FE50000A0E30300C5E5E9
:10059000B0409FE50160A0E30120A0E3011CA0E3BF
:1005A0000400A0E154BDFFEB0010A0E3020000EA4C
:1005B000011081E2020C51E30200008A0C2094E554
:1005C000010012E3F9FFFF0A0C6084E50C0094E5DA
:1005D000010B10E30E00000A0200D5E5000050E315
:1005E0000800000A280094E5101095E5010080E05D
:1005F000A000A0E1100085E50260C5E5010BA0E3C5
:100600000C0084E5040000EA280094E5100085E56C
:10061000F8FFFFEA0C0094E50C0084E50300D5E543
:10062000010080E2FF1000E20310C5E5640051E321
:10063000D8FFFF3AB001D5E10008A0E12008A0E111
:100640007080BDE88803030000A000B8F0402DE9E9
:100650001CD04DE20040A0E1000094E5007090E560
:100660000060A0E31060C4E514008DE2025180E355
:100670000120A0E324008DE9C800A0E318108DE25A
:100680000C108DE510008DE50030A0E3FE20A0E306
:10069000A110A0E30700A0E100608DE59A3100EB16
:1006A000000050E3070000AA1060C4E5470F70E3A4
:1006B0000200001A0010A0E30700A0E13A3100EBAD
:1006C0001CD08DE2F080BDE80000D5E51000C4E547
:1006D000FAFFFFEA0020A0E10100A0E30010A0E380
:1006E000C220A0E1000052E30400000A8000A0E163
:1006F000011081E2050051E3F8FFFFBA2000A0E3FA
:100700001EFF2FE1F0432DE91CD04DE20060A0E177
:100710000150A0E10270A0E10380A0E1000096E595
:10072000009090E51000A0E3003100EB0040A0E154
:10073000000054E31000000AC800A0E310008DE59B
:100740000508A0E10420A0E32008A0E115008DE841
:1007500018108DE20030A0E30C108DE50320A0E11D
:10076000A310A0E30900A0E1673100EB0050A0E175
:10077000000055E30300000A110000EA0900E0E36D
:100780001CD08DE2F083BDE818209DE5040052E303
:100790000300000A0C1086E238008FE2ED2800EB1F
:1007A000125EE0E30000D4E50110D4E5010480E12D
:1007B000B000C7E10200D4E50310D4E5010480E1F4
:1007C000B000C8E11010A0E30400A0E1B83100EBD4
:1007D0000500A0E1E9FFFFEA485542205B25735D73
:1007E000206765745F706F72745F73746174757382
:1007F00020726561645F6C656E213D342E20282572
:1008000064292E0A000000000000A0E3282600EA68
:1008100020109FE5002091E5000052E10200003A1F
:10082000001091E5000041E01EFF2FE1001091E56E
:10083000000041E01EFF2FE1BC050300F0412DE95F
:100840000040A0E3DC609FE50120A0E3011CA0E3E1
:100850000600A0E1A8BCFFEB0C1096E5010011E337
:10086000FCFFFF0A0170A0E30C7086E50C0096E522
:10087000020B10E30200000A2C4096E50C0096E5FE
:100880000C0086E50050A0E30120A0E3011CA0E3DA
:100890000600A0E198BCFFEB0C1096E5010011E307
:1008A000FCFFFF0A0C7086E50C0096E5020B10E3D6
:1008B0000400000A2C0096E5041080E0A140A0E1AD
:1008C0000C0096E50C0086E5010085E2FF5000E291
:1008D000640055E3EBFFFF3A4C109FE57D0F54E3B6
:1008E0000600002A000091E5400080E3020A80E350
:1008F000020280E3000081E50040A0E3020000EA7C
:10090000000091E5020AC0E3000081E51C109FE5AC
:10091000040AA0E1200CA0E1800080E02001A0E119
:100920000700C1E5F081BDE800A000B8B0010300F8
:100930003C030300FC5F2DE9AC649FE5AC049FE53C
:100940000020D6E5B0849FE50000D0E5A0B49FE587
:10095000A0749FE5A4A49FE5A4549FE5001098E52A
:10096000580052E31990A0E30040A0E302F18F3059
:10097000680000EA560000EA670000EA720000EA38
:10098000CD0000EAD40000EA430100EA4A0100EA8F
:10099000A50100EAAC0100EA130200EA1A0200EA2B
:1009A000750200EA7C0200EAE20200EAE90200EADB
:1009B000440300EA4B0300EAB10300EAB80300EA8B
:1009C000100400EA170400EA740400EA7B0400EA59
:1009D000D30400EADA0400EA360500EA400500EA3A
:1009E000500500EA570500EA720500EA770500EABB
:1009F000900500EA950500EAAE0500EAB30500EAB5
:100A0000CC0500EAD10500EA170600EA290600EA4B
:100A10004F0600EA480600EA600600EA640600EABB
:100A2000950600EAAE0600EAEA0600EAFE0600EADB
:100A30001E0700EA330700EA530700EA670700EAE7
:100A4000860700EA9B0700EAA50700EA1B0800EA00
:100A5000200800EA370800EA310800EAB30700EA94
:100A6000BE0700EAD50700EACF0700EA290000EA3E
:100A70008D0800EA940800EAA10800EA8D0800EA5F
:100A8000BF0800EADB0800EADF0900EAFC0900EA27
:100A9000300A00EAB60A00EAC80A00EAE50A00EAF3
:100AA000F90A00EA130B00EA270B00EA410B00EAFF
:100AB0005C0B00EAAC0B00EAC80B00EADA0B00EAB8
:100AC000EB0B00EAFE0B00EA0E0C00EA200C00EA39
:100AD000340C00EA0000D7E5010050E30500001ADD
:100AE0000110A0E34000A0E3EAA0FFEB0210A0E3A6
:100AF0004000A0E31FA0FFEB8088FFEB0000A0E315
:100B0000388BFFEBFC029FE50140A0E30040C0E50D
:100B100028BCFFEB0040C6E5FC9FBDE80201C1E335
:100B2000E4129FE5FF20A0E3D280FFEB6E1FA0E35D
:100B30000A00A0E359C5FFEB2D0E8FE2E50E00EB96
:100B40000200A0E30000C6E5FC9FBDE80440C6E546
:100B5000011BA0E3010CA0E3C4A0FFEB000050E3E5
:100B60001E00000A2010A0E3020CA0E3C9A0FFEBC6
:100B7000021BA0E3010CA0E3BCA0FFEB000050E3CC
:100B80001D00000A4010A0E3020CA0E3C1A0FFEB8F
:100B9000011AA0E3010CA0E3B4A0FFEB000050E3B6
:100BA0001C00000A8010A0E3020CA0E3B9A0FFEB38
:100BB000021AA0E3010CA0E3ACA0FFEB000050E39D
:100BC0001B00000A011CA0E3020CA0E3B1A0FFEB94
:100BD0000000D7E5010050E31C00000A2B0000EAEA
:100BE0000400D6E5010080E20400C6E52010A0E381
:100BF000020CA0E3DF9FFFEBDCFFFFEA0400D6E579
:100C0000010080E20400C6E54010A0E3020CA0E36E
:100C1000D89FFFEBDDFFFFEA0400D6E5010080E28C
:100C20000400C6E58010A0E3020CA0E3D19FFFEB17
:100C3000DEFFFFEA0400D6E5010080E20400C6E51D
:100C4000011CA0E3020CA0E3CA9FFFEBDFFFFFEA59
:100C50000410A0E3070DA0E384A0FFEB000050E325
:100C60000200001A0400D6E5010080E20400C6E597
:100C70000810A0E3070DA0E37CA0FFEB000050E309
:100C80000200001A0400D6E5010080E20400C6E577
:100C90000400D6E5010050E39EFFFF1A011BA0E30C
:100CA000010CA0E371A0FFEB000050E399FFFF1AD5
:100CB0000300A0E30000C6E5FC9FBDE86E1FA0E3B3
:100CC0000A00A0E3F5C4FFEB550F8FE2810E00EBA5
:100CD0000400A0E30000C6E5FC9FBDE80440C6E5B3
:100CE000011BA0E3010CA0E360A0FFEB000050E3B8
:100CF0003100000A0400D6E5010080E20400C6E5E8
:100D00002010A0E3020CA0E362A0FFEB021BA0E313
:100D1000010CA0E355A0FFEB000050E32A00000AFD
:100D20000400D6E5010080E20400C6E54010A0E31F
:100D3000020CA0E357A0FFEB011AA0E3010CA0E313
:100D40004AA0FFEB000050E32300000A0400D6E5B0
:100D5000010080E20400C6E58010A0E3020CA0E3DD
:100D60004CA0FFEB021AA0E3010CA0E33FA0FFEBB5
:100D7000000050E32F00000A0400D6E5010080E2E5
:100D80000400C6E5011CA0E3020CA0E341A0FFEBB8
:100D90000000D7E50540A0E3010050E32900000A68
:100DA000000050E35BFFFF1A0400D6E5040050E3A7
:100DB00058FFFF1A0040C6E5FC9FBDE82010A0E3E5
:100DC000020CA0E36B9FFFEBCFFFFFEA4010A0E314
:100DD000020CA0E3679FFFEBD6FFFFEA8010A0E3C1
:100DE000020CA0E3639FFFEBDDFFFFEA5C0303005F
:100DF000670103000007030040000300A035030063
:100E000052000300660103007901030000B80B00E3
:100E10004F4E4C592D4449502D5357312D4F4E2094
:100E2000000000004F4E4C592D4449502D5357316E
:100E30002D4F464600000000011CA0E3020CA0E379
:100E40004C9FFFEBD1FFFFEA0410A0E3070DA0E3E6
:100E500006A0FFEB010050E30200001A0400D6E5F3
:100E6000010080E20400C6E50810A0E3070DA0E33E
:100E7000FE9FFFEB010050E30200001A0400D6E5DC
:100E8000010080E20400C6E50400D6E5060050E358
:100E900020FFFF1A0040C6E5FC9FBDE86E1FA0E3DF
:100EA0000A00A0E37DC4FFEBC50F8FE2090E00EB43
:100EB0000600A0E30000C6E5FC9FBDE80440C6E5CF
:100EC000011BA0E3010CA0E3E89FFFEB000050E34F
:100ED0001E00000A2010A0E3020CA0E3ED9FFFEB30
:100EE000021BA0E3010CA0E3E09FFFEB000050E336
:100EF0001D00000A4010A0E3020CA0E3E59FFFEBF9
:100F0000011AA0E3010CA0E3D89FFFEB000050E31F
:100F10001C00000A8010A0E3020CA0E3DD9FFFEBA1
:100F2000021AA0E3010CA0E3D09FFFEB000050E306
:100F30001B00000A011CA0E3020CA0E3D59FFFEBFD
:100F40000000D7E5010050E31C00000A2B0000EA76
:100F50000400D6E5010080E20400C6E52010A0E30D
:100F6000020CA0E3039FFFEBDCFFFFEA0400D6E5E1
:100F7000010080E20400C6E54010A0E3020CA0E3FB
:100F8000FC9EFFEBDDFFFFEA0400D6E5010080E2F6
:100F90000400C6E58010A0E3020CA0E3F59EFFEB81
:100FA000DEFFFFEA0400D6E5010080E20400C6E5AA
:100FB000011CA0E3020CA0E3EE9EFFEBDFFFFFEAC3
:100FC0000410A0E3070DA0E3A89FFFEB000050E38F
:100FD0000200001A0400D6E5010080E20400C6E524
:100FE0000810A0E3070DA0E3A09FFFEB000050E373
:100FF0000200001A0400D6E5010080E20400C6E504
:101000000400D6E5010050E3C2FEFF1A021BA0E374
:10101000010CA0E3959FFFEB000050E3BDFEFF1A1B
:101020000700A0E30000C6E5FC9FBDE86E1FA0E33B
:101030000A00A0E319C4FFEB660F8FE2A50D00EBD9
:101040000800A0E30000C6E5FC9FBDE80440C6E53B
:10105000011BA0E3010CA0E3849FFFEB000050E321
:101060003100000A0400D6E5010080E20400C6E574
:101070002010A0E3020CA0E3869FFFEB021BA0E37D
:10108000010CA0E3799FFFEB000050E32A00000A67
:101090000400D6E5010080E20400C6E54010A0E3AC
:1010A000020CA0E37B9FFFEB011AA0E3010CA0E37D
:1010B0006E9FFFEB000050E32300000A0400D6E51A
:1010C000010080E20400C6E58010A0E3020CA0E36A
:1010D000709FFFEB021AA0E3010CA0E3639FFFEBFC
:1010E000000050E31C00000A0400D6E5010080E285
:1010F0000400C6E5011CA0E3020CA0E3659FFFEB22
:101100000000D7E5010050E31700000A000050E39B
:1011100080FEFF1A0400D6E5040050E37DFEFF1AAE
:101120000900A0E30000C6E5FC9FBDE82010A0E395
:10113000020CA0E38F9EFFEBCFFFFFEA4010A0E37D
:10114000020CA0E38B9EFFEBD6FFFFEA8010A0E32A
:10115000020CA0E3879EFFEBDDFFFFEA011CA0E38A
:10116000020CA0E3839EFFEBE4FFFFEA0410A0E380
:10117000070DA0E33D9FFFEB010050E30200001AC2
:101180000400D6E5010080E20400C6E50810A0E3F3
:10119000070DA0E3359FFFEB010050E30200001AAA
:1011A0000400D6E5010080E20400C6E50400D6E5AF
:1011B000060050E357FEFF1A0900A0E30000C6E551
:1011C000FC9FBDE84F4E4C592D4449502D5357328A
:1011D0002D4F4E20000000004F4E4C592D444950D9
:1011E0002D5357322D4F4646000000006E1FA0E3DE
:1011F0000A00A0E3A9C3FFEB310E8FE2350D00EB2F
:101200000A00A0E30000C6E5FC9FBDE80440C6E577
:10121000011BA0E3010CA0E3149FFFEB000050E3CF
:101220001E00000A2010A0E3020CA0E3199FFFEBB0
:10123000021BA0E3010CA0E30C9FFFEB000050E3B6
:101240001D00000A4010A0E3020CA0E3119FFFEB79
:10125000011AA0E3010CA0E3049FFFEB000050E3A0
:101260001C00000A8010A0E3020CA0E3099FFFEB22
:10127000021AA0E3010CA0E3FC9EFFEB000050E388
:101280001B00000A011CA0E3020CA0E3019FFFEB7E
:101290000000D7E5010050E31C00000A2B0000EA23
:1012A0000400D6E5010080E20400C6E52010A0E3BA
:1012B000020CA0E32F9EFFEBDCFFFFEA0400D6E563
:1012C000010080E20400C6E54010A0E3020CA0E3A8
:1012D000289EFFEBDDFFFFEA0400D6E5010080E277
:1012E0000400C6E58010A0E3020CA0E3219EFFEB02
:1012F000DEFFFFEA0400D6E5010080E20400C6E557
:10130000011CA0E3020CA0E31A9EFFEBDFFFFFEA43
:101310000410A0E3070DA0E3D49EFFEB000050E310
:101320000200001A0400D6E5010080E20400C6E5D0
:101330000810A0E3070DA0E3CC9EFFEB000050E3F4
:101340000200001A0400D6E5010080E20400C6E5B0
:101350000400D6E5010050E3EEFDFF1A011AA0E3F8
:10136000010CA0E3C19EFFEB000050E3E9FDFF1A72
:101370000B00A0E30000C6E5FC9FBDE86E1FA0E3E4
:101380000A00A0E345C3FFEB650F8FE2D10C00EB31
:101390000C00A0E30000C6E5FC9FBDE80440C6E5E4
:1013A000011BA0E3010CA0E3B09EFFEB000050E3A3
:1013B0003100000A0400D6E5010080E20400C6E521
:1013C0002010A0E3020CA0E3B29EFFEB021BA0E3FF
:1013D000010CA0E3A59EFFEB000050E32A00000AE9
:1013E0000400D6E5010080E20400C6E54010A0E359
:1013F000020CA0E3A79EFFEB011AA0E3010CA0E3FF
:101400009A9EFFEB000050E32300000A0400D6E59B
:10141000010080E20400C6E58010A0E3020CA0E316
:101420009C9EFFEB021AA0E3010CA0E38F9EFFEB52
:10143000000050E31C00000A0400D6E5010080E231
:101440000400C6E5011CA0E3020CA0E3919EFFEBA3
:101450000000D7E50D40A0E3010050E31600000AAC
:10146000000050E3ABFDFF1A0400D6E5040050E392
:10147000A8FDFF1A0040C6E5FC9FBDE82010A0E3D0
:10148000020CA0E3BB9DFFEBCFFFFFEA4010A0E3FF
:10149000020CA0E3B79DFFEBD6FFFFEA8010A0E3AC
:1014A000020CA0E3B39DFFEBDDFFFFEA011CA0E30C
:1014B000020CA0E3AF9DFFEBE4FFFFEA0410A0E302
:1014C000070DA0E3699EFFEB010050E30200001A44
:1014D0000400D6E5010080E20400C6E50810A0E3A0
:1014E000070DA0E3619EFFEB010050E30200001A2C
:1014F0000400D6E5010080E20400C6E50400D6E55C
:10150000060050E383FDFF1A0040C6E5FC9FBDE8DE
:101510004F4E4C592D4449502D5357332D4F4E208B
:10152000000000004F4E4C592D4449502D53573365
:101530002D4F4646000000006E1FA0E30A00A0E306
:10154000D6C2FFEB310E8FE2620C00EB0E00A0E37F
:101550000000C6E5FC9FBDE80440C6E5011BA0E312
:10156000010CA0E3419EFFEB000050E31E00000AC7
:101570002010A0E3020CA0E3469EFFEB021BA0E3B9
:10158000010CA0E3399EFFEB000050E31D00000AB0
:101590004010A0E3020CA0E33E9EFFEB011AA0E383
:1015A000010CA0E3319EFFEB000050E31C00000A99
:1015B0008010A0E3020CA0E3369EFFEB021AA0E32A
:1015C000010CA0E3299EFFEB000050E31B00000A82
:1015D000011CA0E3020CA0E32E9EFFEB0000D7E568
:1015E000010050E31C00000A2B0000EA0400D6E5CD
:1015F000010080E20400C6E52010A0E3020CA0E395
:101600005C9DFFEBDCFFFFEA0400D6E5010080E211
:101610000400C6E54010A0E3020CA0E3559DFFEBDB
:10162000DDFFFFEA0400D6E5010080E20400C6E524
:101630008010A0E3020CA0E34E9DFFEBDEFFFFEA6B
:101640000400D6E5010080E20400C6E5011CA0E329
:10165000020CA0E3479DFFEBDFFFFFEA0410A0E3CD
:10166000070DA0E3019EFFEB000050E30200001A0B
:101670000400D6E5010080E20400C6E50810A0E3FE
:10168000070DA0E3F99DFFEB000050E30200001AF4
:101690000400D6E5010080E20400C6E50400D6E5BA
:1016A000010050E31BFDFF1A021AA0E3010CA0E3A6
:1016B000EE9DFFEB000050E316FDFF1A0F00A0E3C4
:1016C0000000C6E5FC9FBDE86E1FA0E30A00A0E392
:1016D00072C2FFEB650F8FE2FE0B00EB1000A0E380
:1016E0000000C6E5FC9FBDE80440C6E5011BA0E381
:1016F000010CA0E3DD9DFFEB000050E33000000A89
:101700000400D6E5010080E20400C6E52010A0E355
:10171000020CA0E3DF9DFFEB021BA0E3010CA0E3A2
:10172000D29DFFEB000050E32900000A0400D6E53B
:10173000010080E20400C6E54010A0E3020CA0E333
:10174000D49DFFEB011AA0E3010CA0E3C79DFFEBC2
:10175000000050E32200000A0400D6E5010080E208
:101760000400C6E58010A0E3020CA0E3C99DFFEBD6
:10177000021AA0E3010CA0E3BC9DFFEB000050E3C4
:101780001B00000A0400D6E5010080E20400C6E563
:10179000011CA0E3020CA0E3BE9DFFEB0000D7E517
:1017A000010050E31600000A000050E3D9FCFF1AC4
:1017B0000400D6E5040050E3D6FCFF1A0090C6E50D
:1017C000FC9FBDE82010A0E3020CA0E3E99CFFEB26
:1017D000D0FFFFEA4010A0E3020CA0E3E59CFFEB82
:1017E000D7FFFFEA8010A0E3020CA0E3E19CFFEB2F
:1017F000DEFFFFEA011CA0E3020CA0E3DD9CFFEB8F
:10180000E5FFFFEA0410A0E3070DA0E3979DFFEBBF
:10181000010050E30200001A0400D6E5010080E256
:101820000400C6E50810A0E3070DA0E38F9DFFEBC1
:10183000010050E30200001A0400D6E5010080E236
:101840000400C6E50400D6E5060050E3B1FCFF1A2B
:101850001100A0E30000C6E5FC9FBDE84F4E4C59C7
:101860002D4449502D5357342D4F4E200000000079
:101870004F4E4C592D4449502D5357342D4F464609
:10188000000000006E1FA0E30A00A0E303C2FFEB0C
:101890002E0E8FE28F0B00EB1200A0E30000C6E5D6
:1018A000FC9FBDE80440C6E5011BA0E3010CA0E3DA
:1018B0006E9DFFEB000050E32000000A2010A0E323
:1018C000020CA0E3739DFFEB021BA0E3010CA0E35D
:1018D000669DFFEB000050E31F00000A4010A0E3EC
:1018E000020CA0E36B9DFFEB011AA0E3010CA0E347
:1018F0005E9DFFEB000050E31E00000A8010A0E395
:10190000020CA0E3639DFFEB021AA0E3010CA0E32D
:10191000569DFFEB000050E31D00000A011CA0E3F0
:10192000020CA0E35B9DFFEB0410A0E3070DA0E316
:101930004E9DFFEB000050E31C00000A1E0000EA71
:101940000400D6E5010080E20400C6E52010A0E313
:10195000020CA0E3879CFFEBDAFFFFEA0400D6E568
:10196000010080E20400C6E54010A0E3020CA0E301
:10197000809CFFEBDBFFFFEA0400D6E5010080E27C
:101980000400C6E58010A0E3020CA0E3799CFFEB05
:10199000DCFFFFEA0400D6E5010080E20400C6E5B2
:1019A000011CA0E3020CA0E3729CFFEBDDFFFFEA49
:1019B0000400D6E5010080E20400C6E50810A0E3BB
:1019C000070DA0E3299DFFEB000050E30200001A81
:1019D0000400D6E5010080E20400C6E50400D6E577
:1019E000010050E34BFCFF1A0410A0E3070DA0E335
:1019F0001E9DFFEB000050E346FCFF1A1300A0E31E
:101A00000000C6E5FC9FBDE86E1FA0E30A00A0E34E
:101A1000A2C1FFEB170E8FE22E0B00EB1400A0E328
:101A20000000C6E5FC9FBDE80440C6E5011BA0E33D
:101A3000010CA0E30D9DFFEB000050E32C00000A19
:101A40000400D6E5010080E20400C6E52010A0E312
:101A5000020CA0E30F9DFFEB021BA0E3010CA0E32F
:101A6000029DFFEB000050E32500000A0400D6E5CC
:101A7000010080E20400C6E54010A0E3020CA0E3F0
:101A8000049DFFEB011AA0E3010CA0E3F79CFFEB20
:101A9000000050E31E00000A0400D6E5010080E2C9
:101AA0000400C6E58010A0E3020CA0E3F99CFFEB64
:101AB000021AA0E3010CA0E3EC9CFFEB000050E352
:101AC0001700000A0400D6E5010080E20400C6E524
:101AD000011CA0E3020CA0E3EE9CFFEB0410A0E3CA
:101AE000070DA0E3E19CFFEB010050E31000000AAA
:101AF000120000EA2010A0E3020CA0E31D9CFFEB03
:101B0000D4FFFFEA4010A0E3020CA0E3199CFFEB16
:101B1000DBFFFFEA8010A0E3020CA0E3159CFFEBC3
:101B2000E2FFFFEA011CA0E3020CA0E3119CFFEB23
:101B3000E9FFFFEA0400D6E5010080E20400C6E503
:101B40000810A0E3070DA0E3C89CFFEB010050E3E1
:101B50000200001A0400D6E5010080E20400C6E598
:101B60000400D6E5060050E3EAFBFF1A1500A0E3E7
:101B70000000C6E5FC9FBDE84F4E4C592D4449502E
:101B80002D5357352D4F4E20000000004F4E4C591D
:101B90002D4449502D5357352D4F46460000000027
:101BA0006E1FA0E30A00A0E33CC1FFEBB70F8FE27A
:101BB000C80A00EB1600A0E30000C6E5FC9FBDE8E4
:101BC0000440C6E5011BA0E3010CA0E3A79CFFEBCA
:101BD000000050E32000000A2010A0E3020CA0E364
:101BE000AC9CFFEB021BA0E3010CA0E39F9CFFEB6E
:101BF000000050E31F00000A4010A0E3020CA0E325
:101C0000A49CFFEB011AA0E3010CA0E3979CFFEB5F
:101C1000000050E31E00000A8010A0E3020CA0E3C5
:101C20009C9CFFEB021AA0E3010CA0E38F9CFFEB4E
:101C3000000050E31D00000A011CA0E3020CA0E319
:101C4000949CFFEB0410A0E3070DA0E3879CFFEB3F
:101C5000000050E31C00000A1E0000EA0400D6E564
:101C6000010080E20400C6E52010A0E3020CA0E31E
:101C7000C09BFFEBDAFFFFEA0400D6E5010080E23B
:101C80000400C6E54010A0E3020CA0E3B99BFFEB03
:101C9000DBFFFFEA0400D6E5010080E20400C6E5B0
:101CA0008010A0E3020CA0E3B29BFFEBDCFFFFEA95
:101CB0000400D6E5010080E20400C6E5011CA0E3B3
:101CC000020CA0E3AB9BFFEBDDFFFFEA0400D6E5CF
:101CD000010080E20400C6E50810A0E3070DA0E3C0
:101CE000629CFFEB000050E30200001A0400D6E5FE
:101CF000010080E20400C6E50400D6E5010050E3DF
:101D000084FBFF1A0810A0E3070DA0E3579CFFEB2C
:101D1000000050E37FFBFF1A1700A0E30000C6E5B8
:101D2000FC9FBDE86E1FA0E30A00A0E3DBC0FFEB51
:101D30005B0F8FE2670A00EB1800A0E30000C6E526
:101D4000FC9FBDE80440C6E5011BA0E3010CA0E335
:101D5000469CFFEB000050E32C00000A0400D6E58F
:101D6000010080E20400C6E52010A0E3020CA0E31D
:101D7000489CFFEB021BA0E3010CA0E33B9CFFEBA4
:101D8000000050E32500000A0400D6E5010080E2CF
:101D90000400C6E54010A0E3020CA0E33D9CFFEB6D
:101DA000011AA0E3010CA0E3309CFFEB000050E31C
:101DB0001E00000A0400D6E5010080E20400C6E52A
:101DC0008010A0E3020CA0E3329CFFEB021AA0E318
:101DD000010CA0E3259CFFEB000050E31700000A74
:101DE0000400D6E5010080E20400C6E5011CA0E382
:101DF000020CA0E3279CFFEB0410A0E3070DA0E377
:101E00001A9CFFEB010050E31000000A120000EAE8
:101E10002010A0E3020CA0E3569BFFEBD4FFFFEAE7
:101E20004010A0E3020CA0E3529BFFEBDBFFFFEAB4
:101E30008010A0E3020CA0E34E9BFFEBE2FFFFEA61
:101E4000011CA0E3020CA0E34A9BFFEBE9FFFFEAC1
:101E50000400D6E5010080E20400C6E50810A0E316
:101E6000070DA0E3019CFFEB010050E30200001A04
:101E70000400D6E5010080E20400C6E50400D6E5D2
:101E8000060050E323FBFF1A0090C6E5FC9FBDE867
:101E90004F4E4C592D4449502D5357362D4F4E20FF
:101EA000000000004F4E4C592D4449502D535736D9
:101EB0002D4F4646000000006E1FA0E30A00A0E37D
:101EC00076C0FFEBBE0F8FE2020A00EB0000A0E33A
:101ED0004486FFEB1B00A0E30000C6E50040C5E51B
:101EE000FC9FBDE80000D5E5010050E309FBFF1AA7
:101EF0003200A0E3A1E8FFEB0040C5E53200A0E31B
:101F00009EE8FFEB0000D5E5010050E301FBFF1A5E
:101F1000B20F8FE20F2300EB0040C5E51B00A0E3EA
:101F20000000C6E5FC9FBDE8000050E3F9FAFF1A87
:101F3000AF0F8FE2072300EB1C00A0E30000C6E513
:101F40000040C5E5FC9FBDE80000D5E5010050E379
:101F5000F0FAFF1A3200A0E388E8FFEB0040C5E585
:101F60003200A0E385E8FFEB0000D5E5010050E377
:101F7000E8FAFF1AA20F8FE2F62200EB0040C5E557
:101F800090129FE52A20A0E30000A0E36795FFEBF5
:101F90006E1FA0E30A00A0E340C0FFEB9E0F8FE29C
:101FA000CC0900EB8000A0E30E86FFEB1D00A0E350
:101FB0000000C6E5FC9FBDE8000050E3D5FAFF1A1B
:101FC0001E00A0E30000C6E50040C5E5FC9FBDE89B
:101FD0000000D5E5010050E3CEFAFF1A3200A0E37D
:101FE00066E8FFEB0040C5E53200A0E363E8FFEBE5
:101FF0000000D5E5010050E3C6FAFF1A0040C5E530
:1020000010129FE52A20A0E30000A0E34795FFEB14
:102010006E1FA0E30A00A0E320C0FFEB850F8FE254
:10202000AC0900EBFF00A0E3EE85FFEB1F00A0E38F
:102030000000C6E5FC9FBDE8000050E3B5FAFF1ABA
:102040002000A0E30000C6E50040C5E5FC9FBDE818
:102050000000D5E5010050E3AEFAFF1A3200A0E31C
:1020600046E8FFEB0040C5E53200A0E343E8FFEBA4
:102070000000D5E5010050E3A6FAFF1A0040C5E5CF
:1020800090119FE52A20A0E30000A0E32795FFEB35
:102090006E1FA0E30A00A0E300C0FFEB6B0F8FE20E
:1020A0008C0900EB8000A0E3CE85FFEB2100A0E3CC
:1020B0000000C6E5FC9FBDE8000050E395FAFF1A5A
:1020C0002200A0E30000C6E50040C5E5FC9FBDE896
:1020D0000000D5E5010050E38EFAFF1A3200A0E3BC
:1020E00026E8FFEB0040C5E53200A0E323E8FFEB64
:1020F0000000D5E5010050E386FAFF1A0040C5E56F
:1021000010119FE52A20A0E30000A0E30795FFEB54
:102110006E1FA0E30A00A0E3E0BFFFEBA0008FE288
:102120006C0900EB0000A0E3AE85FFEB2300A0E309
:102130000000C6E5FC9FBDE8000050E375FAFF1AF9
:102140002400A0E30000C6E50040C5E5FC9FBDE813
:102150000000D5E5010050E36EFAFF1A3200A0E35B
:1021600006E8FFEB0040C5E53200A0E303E8FFEB23
:102170000000D5E5010050E366FAFF1A0040C5E50E
:1021800090109FE52A20A0E30000A0E3E794FFEB76
:102190006E1FA0E30A00A0E3C0BFFFEB0000D7E57D
:1021A000010050E30100001A2510A0E30010C6E56D
:1021B000000050E357FAFF1A2900A0E30000C6E52B
:1021C000FC9FBDE84C43445F4241434B4C49474868
:1021D000543D3130302528746F7563682900000044
:1021E0004241434B5F6C696768745F35305F72656D
:1021F0000D0A00004241434B5F6C696768745F35AC
:10220000300D0A004241434B5F6C696768745F3070
:102210005F72650D0A00000010A80400204C4344C2
:102220005F4241434B4C494748543D353025287463
:102230006F756368290000004C43445F4241434B83
:102240004C494748543D302528746F756368290010
:102250004C43445F4241434B4C494748543D353021
:102260002528746F7563682900000000000050E3A2
:1022700028FAFF1A6E1FA0E30A00A0E387BFFFEB56
:102280002E0E8FE2130900EB0110A0E34000A0E343
:10229000389AFFEB0210A0E34000A0E3FD9AFFEBA9
:1022A000E0029FE50040C0E50040C5E52600A0E350
:1022B0000000C6E5FC9FBDE80000D5E5010050E345
:1022C00014FAFF1A3200A0E3ACE7FFEB0040C5E5CB
:1022D0003200A0E3A9E7FFEB0000D5E5010050E3E1
:1022E0000CFAFF1A0040C5E5D8101FE52A20A0E32C
:1022F0000000A0E38D94FFEB6E1FA0E30A00A0E3B3
:1023000066BFFFEB0A0D8FE2F20800EB0110A0E3BD
:102310004000A0E3DF9AFFEB0210A0E34000A0E33F
:10232000149AFFEB5C129FE50100A0E30000C1E5F9
:102330002900A0E30000C6E5FC9FBDE8000050E3D3
:10234000F4F9FF1A0040C5E52700A0E30000C6E548
:10235000FC9FBDE80000D5E5010050E3EDF9FF1A50
:102360003200A0E385E7FFEB0040C5E53200A0E3C3
:1023700082E7FFEB0000D5E5010050E3E5F9FF1A25
:102380000040C5E574111FE52A20A0E30000A0E38A
:102390006694FFEB2900A0E30000C6E5FC9FBDE8C2
:1023A000000050E3DBF9FF1A2A00A0E30000C6E5B5
:1023B000FC9FBDE80000D5E5010050E3D5F9FF1A08
:1023C0003200A0E36DE7FFEB0040C5E53200A0E37B
:1023D0006AE7FFEB0000D5E5010050E3CDF9FF1AF5
:1023E0000040C5E5D4111FE52A20A0E30000A0E3CA
:1023F0004E94FFEB000098E5AC119FE50201C0E3AD
:10240000FF20A0E39B7AFFEBA0019FE5140086E587
:10241000D710A0E3181086E50920A0E10C9086E50E
:10242000102086E50130A0E30030CBE580319FE548
:10243000D7C880E200C083E578C19FE578319FE589
:1024400000C083E5083098E500C098E508108DE8E5
:102450000230A0E135F6FFEB0040CBE56E1FA0E3B4
:102460000A00A0E30DBFFFEB8A0F4FE2990800EBD3
:102470002B00A0E30000C6E5FC9FBDE8000050E390
:10248000A4F9FF1A1C4086E530219FE51C0096E563
:10249000001282E0F230D1E1013C43E27B3043E2C2
:1024A0002E0053E30900002AF410D1E1D70051E3D4
:1024B000060000DA420F51E3040000CA2C00A0E33A
:1024C0000000C6E5F8008FE2A22100EBFC9FBDE80A
:1024D000010080E21C0086E50A0050E3EAFFFF3AB3
:1024E000FC9FBDE80201C1E3BC109FE5FF20A0E313
:1024F000607AFFEB4E00A0E3140086E52310A0E312
:10250000181086E50920A0E10C9086E5102086E5EC
:102510000130A0E30030CBE594309FE523C880E292
:1025200000C083E5A8C09FE58C309FE500C083E52F
:10253000083098E500C098E508108DE80230A0E169
:10254000FAF5FFEB0040CBE56E1FA0E30A00A0E325
:10255000D2BEFFEBC50F4FE25E0800EB2D00A0E3FB
:102560000000C6E5FC9FBDE84C43445F666F727790
:102570006172645F646972656374696F6E28746FF9
:102580007563682900000000790103004C43445F33
:10259000706F7369746976655F6469726563746985
:1025A0006F6E28746F7563682900000000B80B0017
:1025B0007A0100004C0703009301F000500703006C
:1025C000645E0400676F20746F206C65667420750C
:1025D000700D0A0067003C001C4086E524201FE5C2
:1025E0001C0096E5001282E0F230D1E14F3043E268
:1025F0002E0053E30700002AF410D1E10F0051E34D
:10260000040000DA410051E3020000AA2E00A0E31A
:102610000000C6E5FC9FBDE8010080E21C0086E5E5
:102620000A0050E3EDFFFF3AFC9FBDE80201C1E361
:102630008C101FE5FF20A0E30E7AFFEBB4059FE5A9
:10264000140086E52310A0E3181086E50920A0E118
:102650000C9086E5102086E50130A0E30030CBE544
:10266000B4301FE523C880E200C083E588C59FE53C
:10267000BC301FE500C083E5083098E500C098E550
:1026800008108DE80230A0E1A8F5FFEB0040CBE593
:102690006E1FA0E30A00A0E380BEFFEB5C059FE590
:1026A0000C0800EB2F00A0E30000C6E5FC9FBDE88E
:1026B0001C4086E5FC201FE51C0096E5001282E028
:1026C000F230D1E1023C43E2A73043E22E0053E373
:1026D0000700002AF410D1E10F0051E3040000DAF2
:1026E000410051E3020000AA3000A0E30000C6E56B
:1026F000FC9FBDE8010080E21C0086E50A0050E373
:10270000ECFFFF3AFC9FBDE80201C1E368111FE541
:10271000FF20A0E3D779FFEB4E00A0E3140086E58D
:10272000DC149FE5181086E50920A0E10C9086E5F1
:10273000102086E50130A0E30030CBE590311FE5A5
:1027400001C880E100C083E5B8C49FE598311FE56A
:1027500000C083E5083098E500C098E508108DE8D2
:102760000230A0E171F5FFEB0040CBE56E1FA0E366
:102770000A00A0E349BEFFEB80049FE5D50700EB0C
:102780003100A0E30000C6E5FC9FBDE81C4086E5E3
:10279000D8211FE51C0096E5001282E0F230D1E15D
:1027A0004F3043E22E0053E30700002AF410D1E13A
:1027B0001A0E51E3040000BA1D0E51E3020000CAD4
:1027C0003200A0E30000C6E5FC9FBDE8010080E206
:1027D0001C0086E50A0050E3EDFFFF3AFC9FBDE8D0
:1027E0000201C1E340121FE5FF20A0E3A179FFEB46
:1027F00000049FE5140086E504149FE5181086E5A3
:102800000920A0E10C9086E5102086E50130A0E3C8
:102810000030CBE568321FE501C880E100C083E5E8
:10282000E4C39FE570321FE500C083E5083098E5FA
:1028300000C098E508108DE80230A0E13BF5FFEB01
:102840000040CBE56E1FA0E30A00A0E313BEFFEB40
:10285000A8039FE59F0700EB3300A0E30000C6E557
:102860001C4086E5AC221FE51C0096E5001282E0C4
:10287000F230D1E1023C43E2A73043E22E0053E3C1
:102880000700002AF410D1E11A0E51E3040000BA47
:102890001D0E51E3020000CA3400A0E30000C6E5AB
:1028A000FC9FBDE8010080E21C0086E50A0050E3C1
:1028B000ECFFFF3AFC9FBDE8000050E395F8FF1ADB
:1028C000BFBFFFEB6E1FA0E30A00A0E3F3BDFFEB69
:1028D000CE0F8FE27F0700EB3500A0E30000C6E5D6
:1028E000FC9FBDE80000D5E5010050E389F8FF1A20
:1028F0003200A0E321E6FFEB0040C5E53200A0E393
:102900001EE6FFEB0000D5E5010050E381F8FF1A59
:102910000040C5E504171FE52A20A0E30000A0E35E
:102920000293FFEB3A00A0E30000C6E5FC9FBDE880
:102930000201C1E390131FE5FF20A0E34D79FFEBF7
:10294000DC029FE50000D0E5000050E371F8FF1ABB
:102950001F81FFEB3C00A0E30000C6E5FC9FBDE843
:102960000000D5E5010050E36AF8FF1A3200A0E349
:1029700002E6FFEB0040C5E53200A0E3FFE5FFEB18
:102980000000D5E5010050E362F8FF1A0040C5E5FC
:1029900080171FE52A20A0E30000A0E3E392FFEBED
:1029A0003D00A0E30000C6E5FC9FBDE8000050E349
:1029B00058F8FF1A3C00A0E30000C6E5FC9FBDE804
:1029C000080096E591F7FFEBFA0F50E32800009A14
:1029D00050029FE5000090E5080086E596F7FFEBC2
:1029E000343100EB0610A0E3C93100EB38129FE54B
:1029F000CC3000EBAF3000EB30729FE50020A0E35D
:102A00000730A0E11B3000EB242F00EB20129FE5E4
:102A1000C43000EB471787E2303100EBA53000EB04
:102A20000020A0E30730A0E1372F00EB1B2F00EBC5
:102A3000280086E56E1FA0E30A00A0E397BDFFEB28
:102A40001F0E8FE2230700EB6E1FA0E30A00A0E336
:102A500092BDFFEB280096E5963000EB0020A0E148
:102A60000130A0E17F0F8FE21A0700EB1400A0E312
:102A7000C2E5FFEB0000D5E5010050E325F8FF1AA1
:102A80003200A0E3BDE5FFEB0040C5E53200A0E366
:102A9000BAE5FFEB0000D5E5010050E31DF8FF1A91
:102AA0000040C5E594181FE52A20A0E30000A0E33C
:102AB0009E92FFEB3600A0E30000C6E5FC9FBDE858
:102AC000000050E313F8FF1A8C80FFEB3800A0E3FE
:102AD0000000C6E5FC9FBDE80000D5E5010050E31D
:102AE0000CF8FF1A3200A0E3A4E5FFEB0040C5E5B7
:102AF0003200A0E3A1E5FFEB0000D5E5010050E3C3
:102B000004F8FF1A0040C5E5F8181FE52A20A0E3E5
:102B10000000A0E38592FFEB3900A0E30000C6E5CA
:102B2000FC9FBDE8000050E3FAF7FF1A3800A0E36D
:102B30000000C6E5FC9FBDE8000050E3F5F7FF1A72
:102B40008EF6FFEBDB3000EB5A3000EB28219FE5DF
:102B500028319FE5C72F00EBD02E00EB280086E53B
:102B60006E1FA0E30A00A0E34CBDFFEBC4008FE2A0
:102B7000D80600EB6E1FA0E30A00A0E347BDFFEB01
:102B8000280096E54B3000EB0020A0E10130A0E1E9
:102B9000EC008FE2CF0600EB7D0EA0E377E5FFEBC4
:102BA0000000D5E5010050E3DAF7FF1A0040C5E563
:102BB000A0191FE52A20A0E30000A0E35B92FFEB31
:102BC0008E0F00EB6E1FA0E30A00A0E333BDFFEB06
:102BD00060008FE2BF0600EB6E1FA0E30A00A0E3D7
:102BE0002EBDFFEBA8008FE2BA0600EB4200A0E387
:102BF0000000C6E5FC9FBDE8A6020000BF023C0045
:102C0000482202009F0100006700B801BF02B8011E
:102C100074657374204C434473686F7728746F75C0
:102C20006368290067010300BC0503000000404001
:102C30000000044000F07F4520202020202020209C
:102C40002020202020202020202020202020202084
:102C50002020202020202020202020202020202074
:102C60002020202020202000564241543D25332E94
:102C700032665628746F7563682900000070ECD9BD
:102C800073996A3F564558543D25665628746F75AA
:102C9000636829005539204F5554505554204C4FE6
:102CA000572C365620494E50555400004200A0E3A0
:102CB0000000C6E5FC9FBDE8000050E395F7FF1A51
:102CC0004300A0E30000C6E5FC9FBDE8000050E320
:102CD0000B00001A6E1FA0E30A00A0E3EFBCFFEB9D
:102CE000B0004FE27B0600EB6E1FA0E30A00A0E3FA
:102CF000EABCFFEBA90F8FE2760600EB4100A0E3F0
:102D00000000C6E5210F00EB0240C6E5080000EA1E
:102D1000010080E20200C6E50100A0E317E5FFEB39
:102D20002010A0E3070DA0E35098FFEB000050E354
:102D30000800000A0200D6E5000050E3F3FFFF1A86
:102D4000310F00EB6C029FE50CE5FFEB4400A0E3C4
:102D50000000C6E5FC9FBDE86E1FA0E30A00A0E3EB
:102D6000CEBCFFEB4D0F4FE25A0600EB6E1FA0E307
:102D70000A00A0E3C9BCFFEB8F0F8FE2550600EB02
:102D8000FEFFFFEAF00E00EB0240C6E5080000EA95
:102D9000010080E20200C6E50100A0E3F7E4FFEBDA
:102DA0002010A0E3070DA0E33098FFEB000050E3F4
:102DB0000500000A0200D6E5000050E3F3FFFF1A09
:102DC0004000A0E30000C6E5FC9FBDE86E1FA0E345
:102DD0000A00A0E3B1BCFFEB6A0F4FE23D0600EB37
:102DE0006E1FA0E30A00A0E3ACBCFFEB720F8FE202
:102DF000380600EBFEFFFFEA000050E345F7FF1A3C
:102E00006E1FA0E30A00A0E3A4BCFFEBB0019FE5A6
:102E1000200086E570581FE5040098E50510A0E144
:102E20001878FFEB080098E55520A0E30510A0E115
:102E30001078FFEB0C0098E5AA20A0E30510A0E1B4
:102E40000C78FFEB100098E57720A0E30510A0E1D7
:102E50000878FFEB000098E51120A0E30510A0E141
:102E60000478FFEB1C4086E50E1098E9007098E5A9
:102E70001C0096E50090D1E7000059E30B00000A22
:102E80006E1FA0E30A00A0E384BCFFEB970F4FE2A4
:102E9000100600EB6E1FA0E30A00A0E37FBCFFEB6F
:102EA000041098E5470F8FE20A0600EBFEFFFFEAE9
:102EB0000090D2E7550059E30B00000A6E1FA0E313
:102EC0000A00A0E375BCFFEBA60F4FE2010600EB82
:102ED0006E1FA0E30A00A0E370BCFFEB081098E5AA
:102EE000430F8FE2FB0500EBFEFFFFEA0090D3E704
:102EF000AA0059E30B00000A6E1FA0E30A00A0E33A
:102F000066BCFFEBB50F4FE2F20500EB6E1FA0E3CE
:102F10000A00A0E361BCFFEB0C1098E5FC008FE217
:102F2000EC0500EBFEFFFFEA0090DCE7770059E3D9
:102F30000B00000A6E1FA0E30A00A0E357BCFFEBE2
:102F4000310E4FE2E30500EB6E1FA0E30A00A0E3A1
:102F500052BCFFEB101098E5EC008FE2DD0500EBB2
:102F6000FEFFFFEA0090D7E7110059E34C00000A8A
:102F70006E1FA0E30A00A0E348BCFFEBD30F4FE2B3
:102F8000D40500EB6E1FA0E30A00A0E343BCFFEBF7
:102F9000001098E5DC008FE2CE0500EBFEFFFFEAB3
:102FA0005539204F555450555420484947482C39DD
:102FB0005620494E50555400B80B00005539204555
:102FC0005252000000983A00736472616D2065727D
:102FD000722C65727220616464723D307825782CA1
:102FE0004C43445F4652414D455F4255464645522B
:102FF0000D0A0000736472616D206572722C657237
:103000007220616464723D307825782C4C43445FB3
:103010004652414D45315F4255464645520D0A00E4
:10302000736472616D206572722C657272206164C6
:1030300064723D307825782C4C43445F4652414DB4
:1030400045325F4255464645520D0A00736472612F
:103050006D206572722C65727220616464723D30FD
:103060007825782C4C43445F4652414D45335F42AE
:1030700055464645520D0A00736472616D206572B3
:10308000722C65727220616464723D307825782CF0
:103090004C43445F43414348455F42554646455291
:1030A0000D0A0000010080E21C0086E5050050E1E9
:1030B0006EFFFF3A6E1FA0E30A00A0E3F7BBFFEB31
:1030C0008C039FE5830500EB6E1FA0E30A00A0E3DD
:1030D000F2BBFFEBDF0F8FE27E0500EB80839FE505
:1030E00080739FE50800A0E18C74FFFA240086E558
:1030F0000310D6E5040051E30000002A010187E730
:10310000011081E20310C6E5000050E31A00000A36
:103110002010A0E3D61700EB200080E2020180E33C
:10312000240086E55520A0E30510A0E15177FFEBD0
:103130001C4086E5241096E51C0096E50020D1E7AA
:10314000550052E32700000A6E1FA0E30A00A0E327
:10315000D2BBFFEBF8029FE55E0500EB6E1FA0E31C
:103160000A00A0E3CDBBFFEB241096E5202096E5F6
:10317000BD0F8FE2570500EBFEFFFFEA6E1FA0E3D5
:103180000A00A0E3C5BBFFEBC4029FE5510500EBBD
:103190006E1FA0E30A00A0E3C0BBFFEB201096E582
:1031A0002F0E8FE24B0500EB0340C6E50300D6E58A
:1031B000000197E77474FFFA0300D6E5004187E742
:1031C000010080E2FF0000E20300C6E5040050E3D6
:1031D000F5FFFF3AD4029FE5E8E3FFEB4500A0E3EB
:1031E0000000C6E5FC9FBDE8010080E21C0086E50A
:1031F000050050E1CFFFFF3A200096E5020780E28C
:10320000EE0B80E2200086E5B5FFFFEA000050E308
:1032100040F6FF1A6E1FA0E30A00A0E39FBBFFEB7E
:103220002C029FE52B0500EB6E1FA0E30A00A0E334
:103230009ABBFFEB9E0F8FE2260500EB82BDFFEBF2
:103240006E1FA0E30A00A0E394BBFFEB00029FE522
:10325000200500EB6E1FA0E30A00A0E38FBBFFEB8D
:103260005C029FE5001090E5960F8FE2190500EBD8
:10327000C0021FE5C1E3FFEB4600A0E30000C6E586
:10328000FC9FBDE81C4086E550529FE550429FE5FB
:103290001C2096E5000094E50510A0E1F576FFEB13
:1032A0000800A0E3D2C1FFEB000094E50510A0E107
:1032B000F476FFEB0800A0E36EC1FFEB000094E59D
:1032C0001C2096E51B10D0E5020051E10800001A11
:1032D0002410D0E5020051E10500001A6C10D0E581
:1032E000020051E10200001A7500D0E5020050E131
:1032F0000500000A6E1FA0E30A00A0E367BBFFEB16
:103300001E0E8FE2F30400EBFEFFFFEA6E1FA0E348
:103310000A00A0E361BBFFEB34019FE5ED0400EB85
:103320006E1FA0E30A00A0E35CBBFFEB070D8FE27A
:10333000E80400EB1C00D6E5010080E2FF0000E29B
:103340001C0086E5000050E3D0FFFF1A4700A0E311
:103350000000C6E5FC9FBDE8000050E3EDF5FF1A54
:103360006E1FA0E30A00A0E34CBBFFEB8C019FE5BE
:10337000D80400EB6E1FA0E30A00A0E347BBFFEBFD
:103380005F0F8FE2D30400EB90719FE5084087E563
:103390004DA1FFEBAC2500EB84019FE5000090E51B
:1033A000000050E30C00001A6E1FA0E30A00A0E327
:1033B0003ABBFFEB44019FE5C60400EB6E1FA0E3A0
:1033C0000A00A0E335BBFFEB560F8FE2C10400EB10
:1033D00020041FE569E3FFEBA12800EB50019FE506
:1033E000004080E54C019FE5004080E548119FE5E5
:1033F0004100A0E30000C1E540019FE5000087E532
:103400000020A0E30210A0E10A00A0E305C0FFEB4A
:103410002C019FE50000D0E5010050E34C00000ABC
:103420006E1FA0E30A00A0E31CBBFFEBCC009FE5EE
:10343000A80400EB6E1FA0E30A00A0E317BBFFEB9C
:10344000010C8FE2A30400EB98041FE54BE3FFEBB4
:10345000FC9FBDE8382C0200736472616D207465B6
:103460007374000040B80B0000A80400736472611C
:103470006D206572722C6572725F616464723D309A
:103480007825782C736472616D5F746F74616C3D24
:103490003078257800000000736472616D207061DF
:1034A00073732C2073697A65203D2030782578006D
:1034B0008813000074657374206E616E64666C61BD
:1034C00073680000200103006E616E64666C6173B6
:1034D0006820706173732C626164203D2025640054
:1034E000C4050000C0010300573235513132382085
:1034F0006572720057323551313238206F6B0000DF
:10350000ECFD0200577269746520696D6167652082
:1035100046463030204646303120464630320000A4
:10352000F461040030080300555342204E4F204CF4
:103530004F414400B4010300B801030045000300FB
:103540000000220B47000300555342204E4F2042FB
:103550004D5020000020A0E30210A0E10200A0E3F3
:10356000528CFFEB0040C5E54800A0E30000C6E533
:10357000FC9FBDE8000050E366F5FF1A0100D6E5A8
:10358000000050E363F5FF1A0C039FE51120A0E350
:10359000000090E5BB1F8FE2E875FFEBB040CAE189
:1035A000F8029FE51110A0E3B010C0E10100A0E314
:1035B0000100C6E54900A0E30000C6E5FC9FBDE8A8
:1035C000B010DAE1B60F8FE2621D00EBB000DAE175
:1035D000110050E34FF5FF1A6E1FA0E30A00A0E3AD
:1035E000AEBAFFEBEC001FE53A0400EB6E1FA0E360
:1035F0000A00A0E3A9BAFFEBAE0F8FE2350400EB9F
:103600000040C5E50000D5E5010050E3FCFFFF1ACE
:103610000140C6E50040C5E5B040CAE1A0129FE503
:103620002A20A0E30000A0E3C08FFFEB4A00A0E344
:103630000000C6E5FC9FBDE8000050E335F5FF1A29
:103640000100D6E5000050E332F5FF1A9D0F8FE22E
:10365000401D00EB40029FE59F2F8FE2000090E5A8
:10366000A21F8FE22274FFFAB040CAE12C129FE53C
:103670001100A0E3B000C1E10100A0E30100C6E534
:103680004B00A0E30000C6E5FC9FBDE8B000DAE116
:10369000110050E31FF5FF1A6E1FA0E30A00A0E31C
:1036A0007EBAFFEBAC011FE50A0400EB6E1FA0E33E
:1036B0000A00A0E379BAFFEB8D0F8FE2050400EB5F
:1036C0000040C5E50000D5E5010050E3FCFFFF1A0E
:1036D0000140C6E50040C5E5B040CAE1E0119FE504
:1036E0002A20A0E30000A0E3908FFFEB4C00A0E3B2
:1036F0000000C6E5FC9FBDE8000050E305F5FF1A99
:103700000100D6E5000050E302F5FF1A7B0F8FE2BF
:10371000101D00EB80019FE57D2F8FE2000090E5FA
:10372000721F8FE2F273FFFAB040CAE16C119FE59D
:103730001100A0E3B000C1E10100A0E30100C6E573
:103740004D00A0E30000C6E5FC9FBDE8B000DAE153
:10375000110050E3EFF4FF1A6E1FA0E30A00A0E38C
:103760004EBAFFEB6C021FE5DA0300EB6E1FA0E31D
:103770000A00A0E349BAFFEB6A0F8FE2D50300EB22
:103780000040C5E50000D5E5010050E3FCFFFF1A4D
:103790000140C6E50040C5E5B040CAE120119FE503
:1037A0002A20A0E30000A0E3608FFFEB4E00A0E31F
:1037B0000000C6E5FC9FBDE8000050E3D5F4FF1A09
:1037C0005B0F8FE2E31C00EB6E1FA0E30A00A0E397
:1037D00032BAFFEBDC021FE5BE0300EB6E1FA0E375
:1037E0000A00A0E32DBAFFEB550F8FE2B90300EBFF
:1037F00058019FE50910A0E3B210C0E10F10A0E34B
:103800000C10C0E5FA2FA0E3B420C0E10010C0E521
:10381000B640C0E10110A0E30D10C0E54F00A0E3E9
:103820000000C6E5FC9FBDE824119FE50010D1E52E
:10383000000051E3B7F4FF1A000050E3B5F4FF1A9B
:103840006E1FA0E30A00A0E314BAFFEB54031FE5C8
:10385000A00300EB6E1FA0E30A00A0E30FBAFFEB8A
:10386000F0008FE29B0300EB0040C5E550109FE5A0
:103870002A20A0E30000A0E32C8FFFEB5000A0E380
:103880000000C6E5FC9FBDE8403045443030303094
:1038900030303031464630302A000000A4000300AA
:1038A000500003000D0A52585F434F554E545F4F6E
:1038B00055543D25640D0A004646303028746F7516
:1038C0006368290010A804000D0A464630312044E0
:1038D0004953504C41590D0A000000004030454406
:1038E0003030303030303031464630312A00000040
:1038F000255300004646303128746F7563682900EF
:103900000D0A4646303220444953504C41590D0A65
:10391000000000004030454430303030303030312D
:10392000464630322A0000004646303228746F7511
:10393000636829000D0A564F494345204F55540DE1
:103940000A000000564F49434520537461727400C9
:10395000686C0400E7010300564F49434520535467
:103960004F5028746F756368290000000000D5E58A
:10397000010050E367F4FF1A3200A0E3FFE1FFEB20
:103980000040C5E53200A0E3FCE1FFEB0000D5E517
:10399000010050E35FF4FF1AA30F8FE26D1C00EBF0
:1039A0006E1FA0E30A00A0E3BCB9FFEBB4041FE55F
:1039B000480300EB6E1FA0E30A00A0E3B7B9FFEBDA
:1039C00070004FE2430300EB80001FE50040C0E5BC
:1039D0008D1700EB5100A0E30000C6E5FC9FBDE899
:1039E0000000D5E5010050E34AF4FF1A3200A0E3DD
:1039F000E2E1FFEB0040C5E53200A0E3DFE1FFEBD1
:103A00000000D5E5010050E342F4FF1A0040C5E58F
:103A100054111FE52A20A0E30000A0E3C38EFFEBB2
:103A20005400A0E30000C6E5FC9FBDE8000050E3A1
:103A300038F4FF1A020C8FE2461C00EB6E1FA0E365
:103A40000A00A0E395B9FFEB50051FE5210300EB49
:103A50006E1FA0E30A00A0E390B9FFEB7B0F8FE29B
:103A60001C0300EB53B0FFEB5300A0E30000C6E5DE
:103A7000FC9FBDE80000D5E5010050E325F4FF1AE6
:103A80003200A0E3BDE1FFEB0040C5E53200A0E35A
:103A9000BAE1FFEB0000D5E5010050E31DF4FF1A89
:103AA0000040C5E5E8111FE52A20A0E30000A0E3DF
:103AB0009E8EFFEB5EB0FFEB5400A0E30000C6E576
:103AC000FC9FBDE8000050E312F4FF1A650F8FE27F
:103AD000201C00EB6E1FA0E30A00A0E36FB9FFEB10
:103AE000E8051FE5FB0200EB6E1FA0E30A00A0E360
:103AF0006AB9FFEB5F0F8FE2F60200EB5500A0E31F
:103B00000000C6E5FC9FBDE80000D5E5010050E3DC
:103B100000F4FF1A3200A0E398E1FFEB0040C5E596
:103B20003200A0E395E1FFEB0000D5E5010050E392
:103B3000F8F3FF1A0040C5E57C121FE52A20A0E338
:103B40000000A0E3798EFFEB5600A0E30000C6E57D
:103B5000FC9FBDE86E1FA0E30A00A0E34FB9FFEB96
:103B600068061FE5DB0200EB6E1FA0E30A00A0E37E
:103B70004AB9FFEB110E8FE2D60200EBFBBFFFEB61
:103B8000D40B00EB0C019FE50120A0E30210A0E3A1
:103B9000D9AFFFEB0120A0E33F10A0E30F0CA0E39F
:103BA0002DC0FFEBFC9FBDE858E6FFEBE8409FE52A
:103BB0000119A0E3050DA0E3EE93FFEB021AA0E3C9
:103BC000050DA0E3EB93FFEB0400A0E183E1FFEB25
:103BD0000400A0E181E1FFEB0119A0E3050DA0E3E2
:103BE000AC94FFEB0400A0E17CE1FFEB021AA0E340
:103BF000050DA0E3A794FFEB0400A0E177E1FFEB44
:103C0000021AA0E3050DA0E3DA93FFEB0400A0E1A4
:103C100072E1FFEB0119A0E3050DA0E3D593FFEBE3
:103C20000400A0E16DE1FFEBE0FFFFEA0D0A564F53
:103C30004943452053544F500D0A00000D0A525479
:103C40004320434C4F434B204F55540D0A00000076
:103C500052544320434C4F434B204F555428746FCC
:103C600075636829000000000D0A706F7765722087
:103C7000736176650D0A0000504F57455253415607
:103C80004528746F7563682900000000706C6561D9
:103C90007365205761697400180200B0D85900009C
:103CA00010402DE90040A0E10030A0E30000D4E581
:103CB000300050E30400001A0100D4E5780050E31E
:103CC0000300000A580050E30100000A0020A0E3AE
:103CD0000E0000EA0220A0E30C0000EA6B1C00EBDF
:103CE000390050E3040000DA0200D4E7671C00EB5F
:103CF000030280E0573040E2030000EA0200D4E70C
:103D0000621C00EB030280E0303040E2012082E2DE
:103D10000200D4E7301040E2090051E3EEFFFF9AC1
:103D2000611040E2190051E3EBFFFF9A411040E2BD
:103D3000190051E3E8FFFF9A0300A0E11080BDE8FD
:103D4000F8402DE9EBEEFFEB0040A0E10400B0E10C
:103D50000100000A0160A0E3120000EA90008FE277
:103D60007C1B00EBF880BDE80610A0E10C0084E2AB
:103D7000272400EB0050A0E1000055E30800000AF2
:103D8000BA00D5E10620A0E10C1084E200008DE528
:103D9000B830D5E17C008FE26E1B00EB0500A0E19E
:103DA000E3E3FFEB016086E20A00D4E5060050E1A0
:103DB000ECFFFFAA040094E5000050E30600000AAF
:103DC000592600EB040094E50210A0E3100090E5F2
:103DD000372400EB040094E5CCEFFFEB0C1084E2F9
:103DE00060008FE25B1B00EB0400A0E176EFFFEBCD
:103DF000F880BDE86875625F646973636F6E6E65B5
:103E00006374202D20687562206E6F7420666F7554
:103E10006E64210A00000000446973636F6E6E6572
:103E2000637420485542205B25735D20706F727467
:103E30002025642064657669636520307825783AAA
:103E4000307825780A000000446973636F6E6E65F0
:103E5000637420485542205B25735D2E0A000000E4
:103E6000F0412DE920D04DE20050A0E1006095E541
:103E7000082095E5990F8FE2000090E518008DE588
:103E8000001092E50500D1E5090050E30200000AA8
:103E90006600E0E320D08DE2F081BDE80000A0E301
:103EA0000430D1E503C0A0E30C0000EA801080E0FC
:103EB000011182E00540D1E50440DCE10600001A72
:103EC0000410D1E5800011E30300000A800080E0C7
:103ED000000182E0047080E2020000EA010080E25A
:103EE000000053E1F0FFFFCA000057E33000000A72
:103EF000C1C3FFEB0040A0E10400B0E12E00000AC6
:103F0000005084E5C04485E51800DDE51810D6E5CD
:103F1000010080E01800CDE5140096E5000050E3B4
:103F20002700000A0C1080E20C0084E25973FFFAAB
:103F300018108DE20C0084E27A73FFFA0400D5E5D4
:103F40000C1084E200008DE5BA30D6E1B820D6E14D
:103F5000630F8FE2FF1A00EB1800A0E3F32200EBDF
:103F60000050A0E10500B0E11900000A1820A0E30C
:103F700024008DE9C800A0E31C108DE20080A0E3BE
:103F80000C108DE510008DE5293CA0E30620A0E390
:103F9000A010A0E30600A0E100808DE55A2300EB0D
:103FA000000050E30C0000AA5D0F8FE2E91A00EB5D
:103FB000110000EA6600E0E3B5FFFFEA0900E0E374
:103FC000B3FFFFEA18108DE20C0084E23173FFFAB0
:103FD000D9FFFFEA0900E0E3ADFFFFEA0210D5E5F3
:103FE0000A10C4E50500D5E5800CA0E1202CA0E175
:103FF0000B20C4E5520F8FE2D61A00EB1810A0E395
:104000000500A0E1AA2300EB0150A0E30A0000EAAA
:104010000520A0E10810A0E30400A0E1F11300EBEB
:10402000000050E36F00000A0520A0E10C1084E2BC
:10403000510F8FE2C71A00EB015085E20A00D4E568
:10404000050050E1F1FFFFAA0B00D4E5801080E0ED
:10405000800361E04C119FE5800181E053E0FFEBBC
:104060000600A0E1C1C3FFEB0050A0E1000055E352
:104070006100000A045084E5804085E50C7085E508
:104080000200A0E3A92200EB100085E50200A0E3F6
:10409000180085E51C8085E50C019FE5840085E519
:1040A0000500A0E1082400EB0010A0E1000051E3AE
:1040B000550000AAF4008FE2A61A00EB100095E567
:1040C0000210A0E37A2300EB0500A0E10FEFFFEB65
:1040D0000400A0E1BCEEFFEBC800E0E36CFFFFEAE8
:1040E0003000000068756220666F756E6420697329
:1040F0003A5B25735D202D20646576696365202811
:104100007669643D307825782C207069643D30787C
:104110002578292C20696E74657266616365202597
:10412000642E0A004661696C656420746F206765BF
:1041300074206875622064657363726970746F724D
:10414000210A000048756220686173202564207090
:104150006F7274732C20706F7765722D746F2D7071
:104160006F7765722D676F6F642074696D65206964
:1041700073202564206D732E0A00000048756220AC
:104180005B25735D20706F727420256420706F77DB
:10419000657220656E61626C696E67206661696C2C
:1041A0006564210A00000000A08601005042020060
:1041B0004572726F72202D206661696C656420748F
:1041C0006F207375626D697420696E7465727275A3
:1041D00070742072656164207265717565737420F6
:1041E00028256429000000000520A0E10C1084E2CD
:1041F00024008FE2571A00EB8EFFFFEA0400A0E1D3
:1042000071EEFFEB0900E0E321FFFFEA2C008FE2F3
:10421000501A00EB0000A0E31DFFFFEA4875622082
:104220005B25735D20706F727420256420706F773A
:10423000657220656E61626C65642E0A0000000084
:104240006875625F70726F6265204F4B2E0A0000C6
:10425000802090E5781090E5000051E30100000A0D
:1042600050008FE23B1A00EA1C1090E5000051E379
:104270000F00000A0010A0E3070000EA103090E5EC
:1042800081C1A0E10130D3E7133CA0E1B8C0D2E185
:104290000C3083E1B830C2E1011081E21C3090E5BE
:1042A000010053E1F4FFFF8AB810D2E128008FE249
:1042B000281A00EA1EFF2FE16875625F737461744B
:1042C00075735F697271202D206861732065727249
:1042D0006F723A20307825780A0000006875625FB6
:1042E0007374617475735F697271202D20737461CA
:1042F000747573206269746D61703A203078257826
:104300000A00000070402DE90050A0E10140A0E14A
:10431000100095E5340080E2070100EB080084E519
:10432000100095E5380080E20B0100EBF001C4E1DC
:10433000100095E52100D0E5020000E20700C4E589
:104340000000A0E31C0084E57080BDE870402DE90A
:10435000BC429FE50020A0E30F10A0E30400A0E111
:10436000E5ADFFEB0020A0E3011642E2410804E0C6
:10437000E1ADFFEB0130A0E30320A0E11E1EA0E3AE
:10438000020CA0E39992FFEB0B12A0E36C1091E5F5
:10439000200011E30C00000A2010A0E3020CA0E3AF
:1043A000BC92FFEB011CA0E3020CA0E3B992FFEB6F
:1043B0008010A0E3020CA0E3EE91FFEB4010A0E31D
:1043C000020CA0E3B392FFEB0B0000EA2010A0E385
:1043D000020CA0E3E791FFEB011CA0E3020CA0E3B9
:1043E000AC92FFEB8010A0E3020CA0E3A992FFEBDC
:1043F0004010A0E3020CA0E3A692FFEB14129FE58D
:1044000014029FE50020A0E3BBADFFEB0130A0E369
:104410000020A0E30F1BA0E3010CA0E37392FFEBCD
:10442000F8019FE50020A0E3FF1CA0E3B2ADFFEB85
:104430000130A0E30020A0E30C10A0E3070DA0E3EF
:104440006A92FFEBD8019FE50020A0E30F18A0E3DC
:10445000A9ADFFEB0130A0E30320A0E1011AA0E326
:10446000050DA0E36192FFEBB8519FE50020A0E3AA
:104470000F18A0E30500A0E19FADFFEB0130A0E322
:104480000320A0E11010A0E34000A0E35792FFEB4F
:104490001010A0E34000A0E3B691FFEB0020A0E3E2
:1044A000FF10A0E30500A0E193ADFFEB0130A0E316
:1044B0000320A0E10310A0E34000A0E34B92FFEB38
:1044C0000020A0E30F16A0E30400A0E18AADFFEBFB
:1044D0000030A0E30120A0E3021AA0E3020CA0E355
:1044E0004292FFEB021AA0E3020CA0E3A191FFEBC2
:1044F0000020A0E30F1AA0E30400A0E17EADFFEBD3
:104500000130A0E30320A0E1021BA0E3020CA0E322
:104510003692FFEB021BA0E3020CA0E39591FFEBA8
:10452000021BA0E3020CA0E35A92FFEB0F12A0E3E0
:104530000020A0E3410C45E06FADFFEB0130A0E3AC
:104540000020A0E38010A0E3C000A0E32792FFEBCF
:104550000F18A0E30020A0E3410785E166ADFFEB63
:104560000130A0E30020A0E3011AA0E34000A0E393
:104570001E92FFEB0020A0E30F14A0E30400A0E1D3
:104580005DADFFEB0030A0E30120A0E30119A0E343
:10459000020CA0E31592FFEB0020A0E30F18A0E3AC
:1045A0000400A0E154ADFFEB0030A0E30320A0E144
:1045B000011AA0E3020CA0E30C92FFEB0420A0E39D
:1045C000011AA0E3020CA0E3B091FFEB58109FE5A5
:1045D0000020A0E3020CA0E39891FFEBBCE3FFEB0B
:1045E0000020A0E30F14A0E30C0085E242ADFFEB36
:1045F0000130A0E30320A0E10119A0E38000A0E3C3
:10460000FA91FFEB7040BDE80119A0E38000A0E340
:104610005891FFEAB40000B000FFFF00940000B022
:10462000A80000B09C0000B0780000B0B88A00007C
:10463000F0412DE990509FE58010A0E3000095E542
:104640002072FFEB0540A0E380609FE50179A0E3C5
:104650000180A0E3FDC1FFEB040186E7007080E567
:104660001834A0E1011043E2110000EA002095E5B2
:10467000010192E7000050E30200001A040196E7EE
:10468000010182E7090000EA042196E7000052E1F7
:104690000600000A0C2090E5000052E30100000A29
:1046A0000200A0E1F7FFFFEA042196E70C2080E575
:1046B000031081E0200051E3EBFFFFBA014044E228
:1046C000000054E3E2FFFFAAF081BDE85C080300AC
:1046D000008F09001EFF2FE10F002DE910402DE98A
:1046E0000C208DE214009FE508109DE5F56FFFFAA0
:1046F00008009FE56DA4FFEB04409DE414F09DE4E9
:10470000DC08030070402DE90060A0E10150A0E149
:104710001A0085E22E0000EB0040A0E10000D6E583
:10472000030050E30200001A140085E2280000EBA9
:10473000004884E10400A0E17080BDE80310D0E5EA
:104740000220D0E5011482E10120D0E5011482E1CC
:104750000000D0E5010480E11EFF2FE10710D0E545
:104760000630D0E5212CA0E1011483E10530D0E52D
:104770000224A0E1212C82E1011483E10430D0E580
:104780000224A0E1212C82E1011483E10224A0E1B2
:10479000212C82E10134A0E10310D0E5031081E176
:1047A0000230D0E50224A0E1212C82E1011483E152
:1047B0000224A0E1213C82E10120D0E5012482E134
:1047C0000000D0E50334A0E1221C83E1020480E173
:1047D0001EFF2FE10110D0E50000D0E5010480E1CB
:1047E0001EFF2FE110402DE94010A0E3020CA0E3D2
:1047F000E090FFEB14009FE5001090E510009FE5AE
:10480000081080E50110A0E30010C0E51080BDE8AD
:10481000BC050300FC01030010402DE934009FE5B6
:10482000000090E5F9EFFFEB4B0F50E30800009A12
:1048300024409FE50000D4E5010050E30400001A85
:104840004010A0E3020CA0E39291FFEB0000A0E374
:104850000000C4E51080BDE804020300FC01030071
:1048600010402DE90040A0E1000091E5000084E542
:10487000200091E5080084E52400D1E50700C4E5A7
:10488000240091E5FF20C0E30000A0E3140084E5CC
:10489000102084E51C0084E5281091E54C1084E587
:1048A0000400A0E1D6E0FFEB000050E30200001A94
:1048B0000400A0E11040BDE8000000EA1080BDE85F
:1048C000F0412DE90040A0E1000094E5106090E582
:1048D000381094E5870200EB000050E30400001A52
:1048E0003C1094E50000D1E5850050E30100000A8A
:1048F0000200A0E3F081BDE82020A0E30600A0E1D3
:104900000E71FFEB0100D6E5010080E28072A0E1AC
:10491000600047E2020C50E30100009A0200A0E3AD
:10492000F081BDE80010A0E30400A0E132DFFFEB5E
:10493000040050E30000001A0200A0E3000050E36E
:10494000EBFFFF1A000094E5381094E5690200EBD4
:10495000000050E3E6FFFF1A3C1094E50000D1E5AB
:10496000C00050E30100000A0200A0E3F081BDE8AE
:104970002020A0E3200086E2F070FFEB2300D6E5C4
:104980000F10A0E32C0080E2BC76FFEB800257E121
:104990000100002A0200A0E3F081BDE84050A0E33E
:1049A0000010A0E30400A0E113DFFFEB040050E3DC
:1049B0000000001A0200A0E3000050E3CCFFFF1A41
:1049C000000094E5381094E54A0200EB000050E343
:1049D000C7FFFF1A3C1094E50000D1E5C10050E389
:1049E0000100000A0200A0E3F081BDE8260E55E3B5
:1049F0000200002A050086E02020A0E3CF70FFEB34
:104A0000205085E2070055E1E4FFFF3A260E55E30A
:104A10000800008A0600A0E1BC2600EB0040A0E1EF
:104A2000020086E26AFFFFEB000054E10100000A89
:104A30000200A0E3F081BDE80000A0E3F081BDE842
:104A400070402DE91C129FE50000E0E3380181E58C
:104A50003C0181E5201400EB0800A0E3771400EB93
:104A60000000A0E33E1400EBFC119FE5FC019FE574
:104A70000020A0E320ACFFEB0050A0E30B02A0E37A
:104A8000185280E51C5280E50120A0E30010E0E30D
:104A9000600080E218ACFFEBD4019FE50120A0E3A9
:104AA0000010E0E314ACFFEBC8019FE50120A0E398
:104AB0000010E0E310ACFFEB761600EB22FEFFEBFC
:104AC00028B8FFEB1FA3FFEBB00700EBF3B7FFEB3A
:104AD0000119A0E3020CA0E3EE90FFEB5DE1FFEB18
:104AE000848AFFEB05B8FFEBCE1F00EB750900EBE6
:104AF000051000EB8178FFEB7C419FE50000A0E30F
:104B00004FC2FFEB0000C4E5020050E3FAFFFF0ACA
:104B10000100A0E34AC2FFEB0100C4E5020050E33C
:104B2000FAFFFF0A0050C4E50100A0E30100C4E55C
:104B300092EEFFEB0010D4E5000051E32700000ADD
:104B40000010A0E3E020E0E3920101E0021B81E21B
:104B50006C1081E2010050E1F4FFFF3A2010A0E365
:104B6000020CA0E30390FFEB8010A0E3020CA0E393
:104B7000C890FFEB9678FFEB00019FE50020A0E3D3
:104B80000110A0E3DCABFFEB9F0700EB02BCFFEBE7
:104B9000460300EBAEB2FFEBF0C3FFEBDDA2FFEB91
:104BA000DC009FE50800D0E50E7BFFEBFF2300EB68
:104BB000D0009FE5D51000EB0A00A0E36FDDFFEB0E
:104BC000F59AFFEB0100D4E5010050E30500000A6F
:104BD000000050E31200000A0000A0E37080BDE86E
:104BE0000110A0E3D6FFFFEA9C409FE5070000EA22
:104BF000D898FFEBC4C6FFEB992200EBA81800EB96
:104C000033B4FFEB941900EB590800EB54E2FFEBCF
:104C100078B7FFEB0000D4E5000050E3FBFFFF1A7C
:104C2000F2FFFFEA64009FE5EF1A00EB60409FE5AA
:104C300060509FE5000094E5F4EEFFEB000050E3C8
:104C40000200000A000095E5000084E5AF1900EBC2
:104C5000ADC6FFEB822200EB911800EB7E1900EB52
:104C600033EFFFEBF2FFFFEA002000B800003C1238
:104C7000100200B0640000B0680000B04000030003
:104C8000200000B018350300FEFF00007C01030087
:104C900000C2010090010300BC05030024109FE541
:104CA000042091E5020080E0040081E5040091E524
:104CB000082091E5020050E1010000DA040091E5CE
:104CC000080081E51EFF2FE144080300F05F2DE995
:104CD0000160A0E10270A0E10080A0E3008086E511
:104CE00008EEFFEB0050A0E10500B0E10100005A22
:104CF0000B00A0E3F09FBDE8E0059FE5054190E7CC
:104D0000000054E31000000A004086E5FE6007E260
:104D10000000D4E5000050E30300000A0100D4E5E0
:104D200074E0FFEB010010E30900000A0080C4E515
:104D3000FF0005E20100C4E528E0FFEB010010E3FD
:104D40000B00000A0300A0E3F09FBDE80C00A0E305
:104D5000F09FBDE8000056E30300000A040010E3E2
:104D60000100000A0A00A0E3F09FBDE80000A0E3F4
:104D7000F09FBDE8000056E30300000A040010E3C2
:104D80000100000A0A00A0E3F09FBDE80010A0E3C4
:104D90000400A0E1F1EAFFEB040050E30300000A85
:104DA000020050E30300003A0D00A0E3F09FBDE8CD
:104DB0000100A0E3F09FBDE8387094E5010050E3E6
:104DC0000500000A470084E281FEFFEB020C50E37D
:104DD0009800000A0D00A0E3F09FBDE80B00A0E3DF
:104DE000000000EA010080E2400050E30300002AD6
:104DF000001084E03C10D1E5000051E3F8FFFF0A09
:104E0000400050E30100002A0D00A0E3F09FBDE840
:104E1000A40084E26EFEFFEB010C50E30100000AE7
:104E20000D00A0E3F09FBDE8A800D4E50190A0E349
:104E30001900A0E1020C50E30100000A0D00A0E3FC
:104E4000F09FBDE8840084E243FEFFEB075090E052
:104E50000860A1E0010056E30100003A0D00A0E364
:104E6000F09FBDE8900084E233FEFFEB200084E574
:104E7000AA00D4E50200C4E5010050E30100000AE5
:104E80000D00A0E3F09FBDE8A900D4E51900A0E162
:104E90000008A0E12008A0E1BA00C4E1000050E34E
:104EA0000600000A980084E223FEFFEB0090A0E1D8
:104EB0000E0179E30300009A0D00A0E3F09FBDE826
:104EC0000D00A0E3F09FBDE8020089E21C0084E52C
:104ED000247084E5940084E217FEFFEB070080E075
:104EE000300084E58C0084E213FEFFEB070080E0D5
:104EF000280084E5BA10D4E1300094E5990101E07E
:104F0000010090E00810A8E0000055E00100D6E0A4
:104F10000100002A0D00A0E3F09FBDE89C0084E2A0
:104F200005FEFFEB2C0084E50050A0E30560A0E146
:104F3000000055E30F00001ABA00D4E1060050E16A
:104F40000100008A0D00A0E3F09FBDE82C1094E55D
:104F50000400A0E185C4FFEB061080E00400A0E19E
:104F6000E40000EB000050E30100000A0100A0E3B0
:104F7000F09FBDE8016086E2050084E03C00D0E5DA
:104F8000810050E30300000A200085E2805BA0E17D
:104F9000A55BA0E1E5FFFFEA050084E0500080E2A8
:104FA000E5FDFFEB0050A0E1020055E30200003AEE
:104FB0001C0094E5050050E10100008A0D00A0E30B
:104FC000F09FBDE8BA10D4E1300094E5022045E23C
:104FD000910220E0340084E5280094E5A51380E0E8
:104FE0000400A0E1C30000EB000050E30100000A50
:104FF0000100A0E3F09FBDE87F0005E2000184E02E
:105000003C0080E2CCFDFFEB010070E30400000AED
:10501000015085E2000055E1EEFFFF0A0D00A0E31C
:10502000F09FBDE80000E0E3180084E5140084E58B
:105030000450A0E3A10000EA520084E2E4FDFFEB8B
:10504000000050E30100001A600084E2BAFDFFEBAB
:10505000200084E54C10D4E50210C4E5010051E3C2
:105060000300000A020051E30100000A0D00A0E362
:10507000F09FBDE891000AE04900D4E5BA00C4E120
:10508000000050E30200000A011040E2010010E1BC
:105090000100000A0D00A0E3F09FBDE84D0084E28E
:1050A000CBFDFFEBB800C4E10F0010E30100000AE4
:1050B0000D00A0E3F09FBDE84F0084E2C4FDFFEBCC
:1050C0000050A0E10500B0E10200001A5C0084E29B
:1050D00099FDFFEB0050A0E14A0084E2BCFDFFEB2C
:1050E0000060A0E10600B0E10600000AB8B0D4E11B
:1050F0000A0086E02B9280E0090055E10300002AB7
:105100000D00A0E3F09FBDE80D00A0E3F09FBDE817
:10511000BA10D4E1090045E0D874FFEB000050E379
:105120002600000A0050A0E3BF0270E30000008ADE
:105130000350A0E3A8119FE5010050E10000008AA0
:105140000250A0E39C119FE5010050E10000008A9D
:105150000150A0E3000055E31A00000A020080E2BB
:105160001C0084E5247084E5061087E0281084E59F
:10517000092087E0302084E5030055E31300000A8E
:1051800000005BE32200000A0A1081E02C1084E595
:10519000020055E32000000A011000E2800080E0D8
:1051A000A00081E0201094E5010C80E2FF0080E285
:1051B000A00451E11A00002A0D00A0E3F09FBDE811
:1051C0000D00A0E3F09FBDE80D00A0E3F09FBDE857
:1051D000660084E27EFDFFEB000050E30100000A60
:1051E0000D00A0E3F09FBDE8B800D4E1000050E35B
:1051F0000100000A0D00A0E3F09FBDE8680084E212
:105200004DFDFFEB2C0084E51C0094E50001A0E1BE
:10521000E3FFFFEA0D00A0E3F09FBDE88000A0E1FE
:10522000DFFFFFEA0000E0E3180084E5140084E5F6
:105230008000A0E30400C4E5030055E31F00001A4A
:105240006C0084E262FDFFEB010050E31B00001ADA
:10525000011087E20400A0E1260000EB000050E30B
:105260001600001A0480C4E5020C84E23A0080E2D1
:1052700057FDFFEBAA1C40E2551051E20F00001A47
:105280003C0084E22CFDFFEB5C109FE5010050E147
:105290000A00001A220E84E227FDFFEB4C109FE566
:1052A000010050E10500001A890F84E222FDFFEBA6
:1052B000180084E58A0F84E21FFDFFEB140084E5EB
:1052C0000050C4E528109FE5B000D1E1010080E264
:1052D000B000C1E1B600C4E10000A0E3F09FBDE86A
:1052E00000030900F5FF0000F50F00005252614174
:1052F000727241612E08030070402DE90040A0E168
:105300000160A0E10050A0E3380094E5060050E100
:105310000E00000A0400A0E1B91100EB0050A0E16A
:10532000000055E30900001A0100D4E50130A0E3B4
:105330000620A0E13C1084E2C6DEFFEB000050E353
:105340000100000A0060E0E30150A0E3386084E55A
:105350000500A0E17080BDE8F0412DE90160A0E109
:1053600018109DE50270A0E10380A0E18150A0E14A
:10537000000090E5000090E5FCBEFFEB0040A0E1DE
:10538000000054E30E00000A0C6084E5107084E510
:10539000188084E50000A0E31C0084E570109FE500
:1053A000841084E51400C4E50400A0E1FA1D00EBBC
:1053B000000050E3030000BA12EDFFEB0060A0E133
:1053C0000B0000EA0900E0E3F081BDE80600A0E17F
:1053D0000EEDFFEB050050E10500009A0400A0E18E
:1053E000D12000EB0400A0E148EAFFEBCA00E0E3B3
:1053F000F081BDE81400D4E5000050E3F2FFFF0A9D
:10540000785094E50400A0E140EAFFEB0500A0E13C
:10541000F081BDE83451010070402DE90050A0E159
:105420000040A0E3080000EA841084E0010180E06D
:10543000041080E2000095E52C0090E5202090E526
:105440000000A0E332FF2FE1014084E2080095E56F
:10545000001090E50410D1E5040051E1F1FFFFCA0E
:1054600040009FE5044090E50B0000EAB46294E53B
:10547000000094E5050050E10600001A740094E570
:10548000DCE7FFEB0400A0E12D0000EBAE1FA0E382
:105490000400A0E1861E00EB0640A0E1000054E3FA
:1054A000F1FFFF1A7080BDE8B408030038402DE911
:1054B0000050A0E1144085E22010A0E30400A0E128
:1054C000806EFFEB8000A0E30C00C4E50600A0E3C3
:1054D0000E00C4E51200A0E30F00C4E51100D5E5FD
:1054E0008002A0E11000C4E52400A0E31300C4E59D
:1054F000440085E2021180E36400A0E300008DE532
:105500000130A0E32420A0E30500A0E1B00D00EBF2
:105510003880BDE824209FE5041092E5000051E3A7
:105520000200000AB41280E5040082E51EFF2FE1AC
:105530000010A0E3B41280E5040082E51EFF2FE115
:10554000B408030044209FE5041092E5000051E1F7
:105550000300001AB40290E5040082E51EFF2FE16B
:105560000210A0E1B42291E5000052E10100000A1E
:10557000000052E3F9FFFF1AB42291E5000052E166
:10558000F5FFFF1AB40290E5B40281E51EFF2FE19A
:10559000B408030070402DE90060A0E1085096E5D2
:1055A000000095E50510D0E5080051E30100000A70
:1055B0006600E0E37080BDE80610D0E5060051E328
:1055C0000500000A050051E30300000A010051E351
:1055D0000100000A6400E0E37080BDE80700D0E548
:1055E000500050E30100000A6400E0E37080BDE871
:1055F000AE0FA0E34D1D00EB0040A0E10400B0E1C0
:105600000300000A7FECFFEB040084E50000A0E348
:10561000100000EA0900E0E37080BDE8801080E03F
:10562000011185E00520D1E5032002E2020052E3EA
:105630000700001A0420D1E5800012E30200000AEE
:10564000041081E2081084E5010000EA041081E200
:105650000C1084E5010080E2001095E50410D1E50E
:10566000000051E1ECFFFFCA080094E5000050E3A0
:105670000800000A0C0094E5000050E30500000A51
:10568000006084E50400A0E1EFEBFFEB0400A0E183
:105690007040BDE8481C00EAAE1FA0E30400A0E192
:1056A000031E00EB6700E0E37080BDE8F8402DE9E1
:1056B0000050A0E1144085E22010A0E30400A0E126
:1056C000006EFFEB8000A0E30C00C4E50600A0E341
:1056D0000E00C4E50300A0E30F00C4E51100D5E50A
:1056E0008002A0E11000C4E51200A0E31300C4E5AD
:1056F000440085E2026180E36400A0E300008DE5E0
:105700000130A0E31220A0E30610A0E10500A0E113
:105710002F0D00EB0040A0E1000054E3050000AABB
:10572000470F74E30100001A0500A0E1080000EB38
:105730000400A0E1F880BDE80200D6E5060050E3D1
:105740000100000A0000E0E3F880BDE80400A0E1E9
:10575000F880BDE830402DE91CD04DE20040A0E1CA
:10576000000094E5005090E50010A0E36420A0E361
:1057700018308DE204108DE508108DE50C308DE5B4
:1057800010208DE50400D0E50130A0E1FF20A0E36A
:1057900000008DE52110A0E30500A0E15A1D00EBFB
:1057A0000C0094E50010D0E50500A0E1FE1C00EB24
:1057B000080094E50010D0E50500A0E1FA1C00EB1C
:1057C0001CD08DE23080BDE838402DE90050A0E1CA
:1057D000144085E22010A0E30400A0E1B96DFFEBC6
:1057E0008000A0E30C00C4E50600A0E30E00C4E5C1
:1057F0000000A0E30F00C4E51100D5E58002A0E1A0
:105800001000C4E56400A0E300008DE50130A0E3D2
:105810000020A0E3441085E20500A0E1EC0C00EBC1
:105820000040A0E1000054E3050000AA470F74E324
:105830000100001A0500A0E1C5FFFFEB0400A0E194
:105840003880BDE80400A0E13880BDE810402DE9B3
:1058500044009FE50040A0E3084080E51A98FFEB74
:105860001000A0E3507EFFEB30009FE530109FE575
:10587000140090E50420A0E385B0FFEB24009FE531
:10588000001090E51010C1E3001080E518009FE5BE
:105890000040C0E51040BDE8E476FFEAF461040092
:1058A000A0350300407E0100B00103004103030066
:1058B00030402DE93CD04DE270509FE5B04085E28C
:1058C0003210A0E308008DE27E6DFFEB60009FE5E3
:1058D000000090E504008DE50B02A0E3101290E5B6
:1058E000031681E3101280E548109FE5801080E5E3
:1058F000001081E0841080E5944085E538009FE544
:10590000040084E5000084E50400A0E1DEBDFFEBB7
:10591000000050E30300001A619DFFEB0610A0E1B8
:1059200018008FE28B1400EB3CD08DE23080BDE894
:10593000F0350400CCF7020055555555B8D800B0E5
:1059400025780A0070402DE900C0A0E10150A0E1D7
:105950000240A0E1000094E5041094E58000A0E17D
:10596000905122E0030052E10100009A0000E0E3C0
:105970007080BDE844309FE503005CE10100009ABF
:105980000000E0E37080BDE8900102E00C3043E0ED
:105990000C10A0E10500A0E1569CFFEB000050E3D5
:1059A0000400000A000094E5041094E58000A0E1E2
:1059B000915020E07080BDE80000E0E37080BDE819
:1059C000407E01000C009FE5880090E5020A00E29D
:1059D000A006A0E11EFF2FE1003000B8FC5F2DE91A
:1059E0000070A0E1000097E50CA097E50050A0E34F
:1059F0000010A0E300108DE50A10A0E188DFFFEBA6
:105A00000060A0E1C4019FE5000090E5284090E51A
:105A10000B0000EA000094E5060050E10700001AC0
:105A2000080094E5041094E50F00C0E30F10C1E3F3
:105A3000010050E10400000A94019FE5FC9FBDE8CD
:105A40000C4094E5000054E3F1FFFF1A000054E31A
:105A50000080A0E30700001A0100A0E300008DE52C
:105A6000FABCFFEB0040A0E10400B0E11000000A26
:105A7000006084E5088084E508408AE50000A0E332
:105A8000740087E5186097E5109097E50000DAE567
:105A9000800010E30800000A38019FE50204C0E31B
:105AA00004008DE5010A56E30500009A01BAA0E35F
:105AB000040000EA0900E0E3FC9FBDE818019FE54F
:105AC000F5FFFFEA06B0A0E10700A0E102BDFFEB91
:105AD0000080A0E10800B0E13600000A04109DE556
:105AE0000B30A0E10920A0E10800A0E1732200EB47
:105AF000244088E5740097E5010080E2740087E5A2
:105B00000B9089E00B6046E0000055E30100000ABD
:105B10000500A0E1020000EA0850A0E1040000EA4C
:105B20000100A0E1081090E5000051E3FBFFFF1A1F
:105B3000088080E5000056E3D3FFFF1A0000A0E3D1
:105B4000780087E51800A0E3F30F00EB0800D4E528
:105B5000020000E2050080E1080084E500009DE508
:105B6000000050E30500000A085084E55C009FE552
:105B7000000090E5281090E50C1084E5284080E5B1
:105B80001800A0E3011000EB40009FE5000090E545
:105B9000041090E5201081E3041080E50410A0E3D8
:105BA000081080E50000A0E3FC9FBDE80500A0E12F
:105BB000085095E539E8FFEB000055E3FAFFFF1ABE
:105BC0000400A0E110E8FFEB0900E0E3FC9FBDE862
:105BD000A4080300D1FEFFFF000015F000000DF047
:105BE000F0472DE90050A0E1009095E50500A0E107
:105BF000B9BCFFEB0070A0E1180095E5000050E390
:105C00000300000A0500A0E1B3BCFFEB0080A0E1A7
:105C1000000000EA0080A0E30500A0E1AEBCFFEBBD
:105C20000060A0E10600B0E10300000A284099E509
:105C3000000054E30900000A0C0000EA0700A0E19C
:105C400016E8FFEB180095E5000050E30100000A9C
:105C50000800A0E111E8FFEB0900E0E3F087BDE8F0
:105C60007ABCFFEB0040A0E10400B0E11500000A9F
:105C7000F214A0E30830A0E3042085E20700A0E1CD
:105C80000E2200EB244087E5183095E5000053E331
:105C90001900000A0400D5E5800010E31400000A92
:105CA00024119FE5102095E50800A0E1032200EBF8
:105CB000244088E5088087E52C8087E5086088E532
:105CC0002C6088E50E0000EA0700A0E1F3E7FFEB97
:105CD0000600A0E1F1E7FFEB180095E5000050E3B6
:105CE0000100000A0800A0E1ECE7FFEB0900E0E397
:105CF000F087BDE8D4109FE5E9FFFFEA086087E57B
:105D00002C6087E50010A0E30900A0E1C4DEFFEBF2
:105D1000000084E50400D5E5800010E31600000AC9
:105D2000AC109FE50030A0E30320A0E10600A0E155
:105D3000E22100EB244086E50080A0E3088086E5B0
:105D40002C8086E5048084E5087084E50010A0E3DB
:105D50000900A0E1B2DEFFEB000084E50C8084E5E1
:105D6000180095E50260A0E3000050E30400000A7B
:105D70000300A0E3740085E5020000EA54109FE5EB
:105D8000E7FFFFEA746085E5200089E20C0085E505
:105D9000284089E51800A0E35F0F00EB38509FE52D
:105DA000000095E5204080E5041090E5101081E3A7
:105DB000041080E51800A0E3740F00EB000095E5E7
:105DC000086080E50000A0E3F087BDE8008014F3E0
:105DD00000800CF3000008F3000010F3A408030097
:105DE0000020A0E144009FE5000090E50B0000EAE0
:105DF000141090E5000051E30700001A1810D0E5D8
:105E0000020051E10400001A1B10D0E5000051E32C
:105E10000500000A010051E30300000A340090E588
:105E2000000050E3F1FFFF1A0000A0E31EFF2FE186
:105E30005408030070402DE994009FE594509FE5BD
:105E4000020180E3000085E5390100EB000050E32A
:105E5000010000AA0000E0E37080BDE80040A0E37C
:105E6000044085E5F1F9FFEB6C009FE5001090E53B
:105E7000204081E5284081E5000095E5180081E596
:105E800058009FE5400081E554009FE5340081E51E
:105E900050009FE5440081E58300A0E3040081E514
:105EA00044009FE5480090E5010CC0E3020C80E34C
:105EB000480081E50108A0E3500081E51A01A0E354
:105EC000100081E524009FE5B8D8FFEB0000A0E3B7
:105ED0007080BDE8008E09005C080300A408030080
:105EE0002F2A0000DF2E782728060000007000B05F
:105EF000204E0000F05F2DE90060A0E1004096E533
:105F00000C7096E500A0A0E3180096E5400050E371
:105F10000100009A6800E0E3F09FBDE80600A0E100
:105F2000EDBBFFEB0080A0E10800B0E10800000A33
:105F30000200D7E566E9FFEB0090A0E10710A0E1C1
:105F40000400A0E136DEFFEB0050A0E10940A0E133
:105F5000050000EA0900E0E3F09FBDE8000094E5D9
:105F6000050050E10200000A0C4094E5000054E3F3
:105F7000F9FFFF1A000054E300B0A0E32500000A77
:105F8000040094E50F50C0E3084087E50000D7E522
:105F9000800010E33800000AE4009FE5001095E55A
:105FA0000204C0E3021401E2001081E1102096E532
:105FB000183096E50500A0E1402100EB244085E57E
:105FC000088085E5286085E50100A0E3740086E58A
:105FD00078B086E51800A0E3CF0E00EB048084E5DE
:105FE00000005AE30200000A0C0099E50C0084E569
:105FF0000C4089E51800A0E3E40E00EB84009FE567
:10600000000090E5041090E5041081E3041080E5A1
:106010000000A0E3F09FBDE801A0A0E38BBBFFEB75
:106020000040A0E10400B0E10B00000A005084E54C
:1060300008B084E50200D7E51000C4E50000A0E345
:10604000A5BBFFEB0050A0E10500B0E10400000A91
:10605000085084E5045084E5CAFFFFEA0900E0E344
:10606000F09FBDE80400A0E1E7E6FFEB0800A0E137
:106070000AE7FFEB0900E0E3F09FBDE808009FE5B9
:10608000C5FFFFEA000016F0A408030000000EF0B0
:10609000F84F2DE90070A0E1006097E50C5097E5FE
:1060A0000000A0E300008DE50200D5E508E9FFEB64
:1060B00000A0A0E10510A0E10600A0E1D8DDFFEB03
:1060C0000060A0E10A40A0E1030000EA000094E5BE
:1060D000060050E10200000A0C4094E5000054E381
:1060E000F9FFFF1A000054E30080A0E34100000A1A
:1060F000084085E52000D7E5000050E30400000AD1
:10610000B0019FE5000090E5B008D0E1040080E216
:10611000B201C4E10000A0E3740087E5B201D4E15C
:10612000B202C7E100B0A0E30060A0E30080A0E3FA
:1061300084019FE5089187E0540089E50700A0E10C
:1061400065BBFFEB0050A0E10500B0E15300000A81
:10615000349099E5B201D4E10F0280E3030880E3B3
:10616000000085E51000D4E559E9FFEBB211D4E158
:10617000010080E0B201C4E12906A0E10006A0E12F
:10618000040085E5880087E0B402D0E1090080E0E2
:10619000010040E20C0085E5090AA0E1200AA0E127
:1061A0000E0A80E3100085E5244085E5740097E53C
:1061B000010080E2740087E5000056E31A00000A3F
:1061C00008508BE505B0A0E1018088E2080058E3A3
:1061D000D6FFFFBA0000A0E3780087E51800A0E32F
:1061E0004D0E00EB080094E50310D0E31000000A08
:1061F0000300C0E3130000EA0100A0E300008DE506
:1062000012BBFFEB0040A0E10400B0E10400000A73
:10621000006084E5088084E50200D5E51000C4E54F
:10622000B3FFFFEA0900E0E3F88FBDE80560A0E1F5
:10623000E3FFFFEA020000E2060080E1080084E5D7
:10624000040000EA0100A0E1081090E5000051E31D
:10625000FBFFFF1A086080E500009DE5000050E3A9
:106260000200000A0C009AE50C0084E50C408AE567
:106270001800A0E3450E00EB40009FE5000090E50C
:10628000041090E50C1081E3041080E50000A0E309
:10629000F88FBDE80600A0E1086096E57FE6FFEB19
:1062A000000056E3FAFFFF1A0400A0E156E6FFEBF8
:1062B0000900E0E3F88FBDE85C080300D9FEFFFFAA
:1062C000A408030070402DE90040A0E10150A0E1C6
:1062D000000054E30060A0E30800000A0C0094E50D
:1062E000000050E30E00000A080090E5000050E3B3
:1062F0000D00000A47BAFFEB0C0094E5086080E54A
:10630000000055E30400000A080095E5000050E392
:106310000100000A3FBAFFEB086085E50000A0E33A
:106320007080BDE86900E0E37080BDE86900E0E3EB
:106330007080BDE870402DE97C009FE50211A0E36C
:10634000000090E5141080E50050A0E3045080E5C3
:106350000110A0E3081080E560609FE50600A0E161
:1063600092D7FFEB58409FE5080094E5010010E349
:106370000300000A4C008FE2F61100EB0000E0E39E
:106380007080BDE80310A0E3501084E5045084E55C
:106390000600A0E185D7FFEB080094E5010010E3BB
:1063A0000300000A40008FE2EA1100EB0000E0E386
:1063B0007080BDE80000A0E37080BDE8A408030081
:1063C00010270000007000B04572726F7221202DFE
:1063D00020555342204F484349207265736574200D
:1063E00074696D6564206F7574210A004572726F5F
:1063F0007221202D20555342204843207265736539
:10640000742074696D6564206F7574210A00000042
:106410004C109FE5040091E5C000C0E3402080E3FC
:1064200040009FE5000090E5042080E5041091E520
:10643000C010C1E3801081E3041080E5541090E5A2
:10644000040011E30810A0E30000000A541080E5E6
:10645000582090E5040012E30000000A581080E57F
:106460001EFF2FE1007000B0A4080300F0472DE9E3
:106470000090A0E30040A0E318619FE51E88A0E320
:106480000070A0E3000096E5040180E0548080E500
:10649000541090E5010811E33900000A0118A0E347
:1064A000541080E5540090E5010010E30800001A44
:1064B0002A0000EAE0008FE2A61100EB0400A0E150
:1064C0004A0000EB000050E32D00001A050000EA2E
:1064D00017DAFFEB010084E240FEFFEB000050E31F
:1064E000FAFFFF1AF2FFFFEA24BAFFEB0050A0E127
:1064F000000055E32200000A147085E5010084E2E3
:106500001800C5E5000096E5040180E0540090E520
:10651000020C10E30100000A1B70C5E5010000EA4F
:106520000100A0E31B00C5E584009FE52C0085E584
:106530000500A0E1D2C0FFEB0010A0E1000051E394
:10654000040000AA6C008FE2821100EB0500A0E1BC
:106550007DE5FFEB0A0000EA0190A0E3080000EAF5
:106560006C008FE27B1100EB010084E21BFEFFEB6D
:10657000000050E30100000AEDD9FFEBF9FFFFEA4C
:106580000190A0E3014084E2010054E3BCFFFFBAA4
:106590000900A0E1F087BDE8A40803004F48434983
:1065A00020636F6E6E656374206465766963652E23
:1065B0000A00000064080300636F6E6E6563745F19
:1065C000646576696365206572726F7221205B2550
:1065D000645D0A004F48434920646973636F6E6EBF
:1065E000656374206465766963652E0A00000000A7
:1065F000F05F2DE90040A0E13250A0E30060A0E38D
:10660000AC809FE510A0A0E30390A0E3000098E514
:10661000040180E054A080E57AE8FFEB00B0A0E13F
:106620000500A0E10A10A0E3786AFFEB017080E2A8
:10663000070000EA000098E5040180E0541090E5AE
:10664000010011E30F00000A541090E50110D9E198
:106650000C00000A0B00A0E16CE8FFEB070050E122
:10666000F3FFFF3AFA5085E2016086E2030056E349
:10667000E5FFFFBA011084E238008FE2351100EB2C
:10668000FE00E0E3F09FBDE8001098E5041181E012
:10669000541091E5010011E30100000A0000A0E39D
:1066A000F09FBDE80118A0E3541080E528009FE5A5
:1066B000F09FBDE8A40803004F48434920706F7263
:1066C00074202564202D20706F72742072657365AC
:1066D00074206661696C6564210A0000FDFEFFFF9D
:1066E00010402DE9070000EB1800A0E30A0D00EBB5
:1066F0000C109FE50100A0E3001091E5500081E53A
:106700001080BDE8A408030050009FE5000090E55C
:10671000541090E5010011E30410A0E30000000A0A
:10672000541080E5582090E5010012E30000000AB3
:10673000581080E5501090E5021981E3501080E573
:10674000101090E5481081E3101080E510109FE5CF
:10675000041091E5C01081E3041080E51EFF2FE1D5
:10676000A4080300007000B070402DE9C4009FE54C
:106770000C10A0E3C369FFEBB8409FE50120A0E344
:106780000020C4E58000A0E3B800C4E10000A0E35D
:106790000600C4E50100C4E50200C4E5A500A0E3CD
:1067A0000A00C4E598509FE58C108FE2000095E543
:1067B000030C80E27B0080E2CD67FFFA000095E5E4
:1067C000B820D4E1030C80E26C108FE2720080E20A
:1067D000C767FFFA0600D4E55C108FE2012000E2F3
:1067E000000095E5030C80E29F0080E2C067FFFA9D
:1067F000000095E50120D4E5030C80E238108FE21B
:10680000960080E2BA67FFFA000095E50220D4E521
:10681000050C80E220108FE2A90080E2B467FFFA45
:10682000000095E50A20D4E57040BDE808108FE22D
:10683000EA0F80E2AC67FFEA1835030025303858CC
:1068400000000000C001030010402DE9690700EBC3
:1068500014009FE50A00D0E5A50050E30100000AFE
:106860001040BDE8BFFFFFEA1080BDE81835030007
:10687000F0472DE90080A0E10170A0E11A0087E255
:10688000D3F7FFEB000050E30100000A0000A0E393
:10689000F087BDE80000D7E54000C0E3010040E21A
:1068A000001180E0804181E00160A0E30050A0E39E
:1068B00090909FE506A866E00500D9E7070080E014
:1068C000C3F7FFEB000056E30900000A010C54E394
:1068D0000100003A0000A0E3F087BDE80410A0E149
:1068E000811088E00060A0E1014084E2B000C1E1D5
:1068F000030000EA0A0050E10100000A0000A0E3E2
:10690000F087BDE8015085E20D0055E3E9FFFF3A4D
:106910000000D7E5400010E30800000A000056E33D
:106920000600000A010C54E30100003A0000A0E355
:10693000F087BDE80000A0E3841088E0B000C1E16A
:106940000100A0E3F087BDE86CF8020010402DE9DB
:1069500034009FE50020A0E30F16A0E366A4FFEB40
:106960000130A0E30020A0E32010A0E3070DA0E386
:106970001E89FFEB2010A0E3070DA0E33B89FFEB8E
:10698000010050E3FAFFFF0A1080BDE8A80000B044
:1069900010402DE934009FE50020A0E30F16A0E38E
:1069A00055A4FFEB0130A0E30020A0E32010A0E3FA
:1069B000070DA0E30D89FFEB2010A0E3070DA0E376
:1069C0002A89FFEB000050E3FAFFFF0A1080BDE8C0
:1069D000A80000B010402DE91C009FE50120A0E3B5
:1069E0000210A0E344A4FFEB1040BDE80120A0E3A7
:1069F0001F10A0E30F0CA0E397B4FFEA180200B049
:106A00002010A0E3070DA0E37E88FFEA10402DE9E7
:106A10000220A0E32010A0E3070DA0E39B88FFEB7A
:106A20001040BDE808109FE50020A0E3070DA0E39B
:106A30008288FFEA5C8A000070402DE98C509FE557
:106A40000200D5E5000050E31F00001A7AE7FFEBD3
:106A5000BC10D5E1010080E00148C0E3BC40C5E1C5
:106A60000000D5E5010080E2FF1000E20010C5E55E
:106A7000030051E31400003A54609FE50000D6E59E
:106A8000010050E31000001A0100A0E30200C5E578
:106A90000400A0E1796EFFEBFF1000E20110C5E5F4
:106AA0000910C5E5010044E0BC00C5E1010700EBA9
:106AB0000000D6E5010080E20000C6E57C94FFEB13
:106AC0000000D6E5010080E20000C6E57080BDE868
:106AD0003C0303007001030070402DE92010A0E387
:106AE000020CA0E3EB88FFEB4010A0E3020CA0E354
:106AF000E888FFEB011CA0E3020CA0E3E588FFEBB4
:106B00008010A0E3020CA0E3E288FFEB4C429FE57B
:106B10000020A0E30F1CA0E30400A0E1F6A3FFEB1C
:106B20000130A0E30320A0E10410A0E3060DA0E3E0
:106B3000AE88FFEB0410A0E3060DA0E30D88FFEB89
:106B40001010A0E34000A0E3D288FFEB011AA0E3FD
:106B5000050DA0E30788FFEB6CDAFFEB00129FE561
:106B60000020A0E3170E84E2E3A3FFEBF4119FE5FE
:106B70000020A0E35E0F84E2DFA3FFEB5F5F84E20F
:106B80000020A0E30914A0E30500A0E1DAA3FFEBD5
:106B90000020A0E31010A0E30500A0E1D6A3FFEBC6
:106BA0008010A0E3020CA0E3F287FFEB0119A0E341
:106BB000020CA0E3EF87FFEB021AA0E3020CA0E3B4
:106BC000B488FFEB021BA0E3020CA0E3E987FFEB14
:106BD000285044E20020A0E30F1AA0E30500A0E142
:106BE000C5A3FFEB0130A0E30320A0E10810A0E360
:106BF0004000A0E37D88FFEB0810A0E34000A0E385
:106C0000DC87FFEB0010E0E30020A0E3010185E05A
:106C1000B9A3FFEB0010E0E30020A0E3210EC5E1E3
:106C2000B5A3FFEB0020A0E3FF10A0E30500A0E167
:106C3000B1A3FFEB0F1AA0E30020A0E3410585E11B
:106C4000ADA3FFEB0020A0E30010E0E3140044E25A
:106C5000A9A3FFEB0020A0E3FF10A0E30C0044E297
:106C6000A5A3FFEB0F12A0E30020A0E3410C84E0FA
:106C7000A1A3FFEB0020A0E3FF10A0E3040084E247
:106C80009DA3FFEBE0109FE50020A0E30400A0E13E
:106C900099A3FFEB8010A0E3010CA0E3D987FFEBE1
:106CA000010CA0E3C187FFEB0130A0E3034863E0E0
:106CB0000320A0E10410A0E10000A0E34B88FFEB5B
:106CC0000130A0E30320A0E1FF1CA0E3C000A0E38B
:106CD0004688FFEB94509FE50130A0E30320A0E13C
:106CE0000510A0E14000A0E34088FFEB0130A0E3E5
:106CF0000320A0E10E1DA0E3010CA0E33B88FFEB05
:106D00000130A0E30320A0E1F11FA0E3060DA0E302
:106D10003688FFEB0410A0E10000A0E39587FFEBAD
:106D20000510A0E14000A0E39287FFEBFF1CA0E369
:106D3000C000A0E38F87FFEB0E1DA0E3010CA0E3D2
:106D40008C87FFEBF11FA0E3060DA0E38987FFEB23
:106D50007040BDE81010A0E34000A0E34D88FFEABA
:106D6000A00000B00000041280000300000F00FF2C
:106D70000308000070402DE950409FE50000D4E575
:106D80004C509FE5010050E30200001A0000D5E5D9
:106D9000000050E30700000A2010A0E3070DA0E365
:106DA0003288FFEB000050E30700001A0000D5E531
:106DB000000050E30400001A0000A0E30000C4E556
:106DC000070DA0E37987FFEB8B90FFEB7080BDE8A8
:106DD000E40103009A010300F0412DE90080A0E1E5
:106DE0006C509FE50000A0E30000C5E50040A0E373
:106DF00060709FE560609FE50010D5E5FF0C84E2C0
:106E0000811087E0B000C1E10120A0E30800A0E10B
:106E1000667AFFEB010050E30200001A0000D5E59E
:106E2000010080E20000C5E5000096E50203C0E332
:106E3000000086E5010084E2FF4000E20A0054E31E
:106E4000ECFFFF3A0010D5E5F041BDE80C008FE201
:106E5000400F00EA44010300505E0400B00103004B
:106E600066696C655F6E616D655F6E756D3D202551
:106E700064000000F0412DE96C619FE5080096E593
:106E8000010080E2080086E5044086E20210D4E5B5
:106E900058719FE50380A0E3060051E30050A0E392
:106EA00001F18F30F081BDE8F081BDE8030000EA18
:106EB000300000EA0D0000EA250000EA450000EA83
:106EC0000000D6E5000050E30400000AFF00A0E344
:106ED0004472FFEB0280C4E5085086E5F081BDE80E
:106EE000FF00A0E33F72FFEB0250C4E5F081BDE874
:106EF000010050E30400001A0110D6E5F0009FE500
:106F0000810080E0B000D0E1C97EFFEB080096E58B
:106F1000FA0F50E30500009A0800D7E53172FFEB45
:106F2000085086E50400A0E30200C4E5F081BDE856
:106F3000B810D7E1FF1061E2910000E0FA1FA0E372
:106F40004E6DFFEBF041BDE8FF0060E2FF0000E2A4
:106F50000F9AFFEAB010D4E1812081E0811362E052
:106F6000810150E1CEFFFF9A085086E50200A0E3C0
:106F70000200C4E5F081BDE8FA0F50E30C00009A6E
:106F8000FF00A0E31772FFEB0100D6E5010080E2ED
:106F9000FF0000E20100C6E50010D6E5010050E167
:106FA0000000003A0150C6E50280C4E5085086E5BD
:106FB000F081BDE8B840D7E1FF1064E2910000E045
:106FC000FA1FA0E32D6DFFEB040080E0F041BDE867
:106FD000FF0000E2EE99FFEAF5ADFFEB0250C4E5D9
:106FE0000800D7E5F041BDE8FE71FFEA4401030067
:106FF00018350300505E040070402DE90150A0E1F7
:107000000240A0E30010A0E12C008FE2D10E00EBC3
:107010000060D5E5030000EA0410D5E71C008FE20C
:10702000CC0E00EB024084E2060054E1F9FFFFBA07
:107030007040BDE808008FE2C60E00EA257300002C
:10704000256300000A00000068009FE50710D0E5F6
:10705000000051E31600001AB611D0E1000051E320
:107060001300000AB611D0E1011041E2B611C0E1EF
:10707000B611D0E1000051E30D00001A38109FE571
:10708000B010D1E1000051E30700001A2C109FE579
:10709000B210D1E1000051E30300001A20109FE577
:1070A000B410D1E1000051E30100000A0110A0E397
:1070B0000910C0E51EFF2FE1440003006014030027
:1070C000601A03006020030010402DE904319FE5A1
:1070D0000120A0E30218A0E30300A0E186A2FFEBD9
:1070E0006D4F83E20020A0E30218A0E30400A0E1BA
:1070F00081A2FFEB0020A0E30218A0E30300A0E1BF
:107100007DA2FFEB0120A0E30218A0E30400A0E1B0
:1071100079A2FFEB2C3083E20020A0E3FF1CA0E368
:107120000300A0E174A2FFEB0120A0E3991CA0E3FF
:107130000300A0E170A2FFEB9C009FE59C409FE54F
:10714000000084E5960CA0E3040084E50100A0E3C0
:107150000800C4E50300A0E30900C4E50000A0E3C3
:107160000A00C4E51810A0E30B10C4E50C00C4E548
:10717000000084E2341500EB000050E30100000A37
:107180005C008FE2730E00EB0800D4E50030A0E352
:107190000120A0E30210A0E3BE1300EB000050E3C7
:1071A0000100000A54008FE26A0E00EB0030A0E3F9
:1071B0000800D4E50320A0E10110A0E3B51300EB23
:1071C000000050E30200000A1040BDE858008FE2C2
:1071D000600E00EA1080BDE8640000B0001BB7003C
:1071E000E0350400EFBFBDEFBFBDEFBFBDDAB4EFC8
:1071F000BFBDCAA7EFBFBDEFBFBD210A00000000A1
:10720000EFBFBDEFBFBDEFBFBDC3BDEFBFBDEFBFA4
:10721000BDEFBFBDEFBFBDD0B6EFBFBDC4A3CABDFC
:10722000CAA7EFBFBDEFBFBD210A0000EFBFBDEF92
:10723000BFBDEFBFBDC3B7EFBFBDEFBFBDEFBFBDAC
:10724000EFBFBDD0B6EFBFBDC4A3CABDCAA7EFBFD5
:10725000BDEFBFBD210A0000F0472DE90040A0E1CD
:107260000150A0E10270A0E10260A0E3020055E33A
:107270005F00003A1C0094E5050050E15C00009AB4
:107280000000D4E501A0A0E3010050E30600000ADD
:10729000020050E33100000A030050E33E00000A00
:1072A000040050E35200001A3B0000EAA58085E08C
:1072B000280094E5A81480E00400A0E10DF8FFEB9D
:1072C0000060A0E10600B0E14900001A880BA0E1CF
:1072D000A00BA0E1040080E0019088E23C0080E285
:1072E000010015E30300000A0010D0E50F1001E2D1
:1072F000071281E1000000EA0710A0E10010C0E5DC
:1073000003A0C4E5280094E5A91480E00400A0E1EE
:10731000F8F7FFEB0060A0E10600B0E13400001ACE
:10732000890BA0E1A00BA0E1040080E03C0080E21A
:10733000010015E30200000A071AA0E1211CA0E1E8
:10734000030000EA0010D0E5072AA0E1F01001E2F6
:10735000221E81E10010C0E503A0C4E5240000EA7C
:10736000280094E5251480E00400A0E1E1F7FFEB9C
:107370000060A0E10600B0E11D00001AFF0005E278
:107380000718A0E1800084E02118A0E13C0080E221
:10739000060900EB03A0C4E5150000EA280094E507
:1073A000A51380E00400A0E1D2F7FFEB0060A0E1AC
:1073B0000600B0E10E00001A0010D4E57F0FA0E334
:1073C000050100E0040051E3045080E00400000ADD
:1073D0003C0085E2D8F4FFEB0F0200E20F12C7E396
:1073E000017080E13C0085E20710A0E1C80800EBD5
:1073F00003A0C4E50600A0E1F087BDE8F05F2DE939
:107400000090A0E10160A0E10280A0E10D30C6E59E
:107410000F00A0E30B00C6E50000A0E30C00C6E5EA
:107420000010A0E31A0086E2E00800EB010048E249
:10743000001180E0805181E00040A0E30470A0E1F1
:1074400064B09FE564A09FE50A0054E10300000AD0
:107450000500A0E1800089E0B040D0E1015085E264
:107460000700DBE70410A0E1060080E0CF0800EB96
:10747000000054E30000001A0A40A0E1017087E216
:107480000D0057E3EFFFFF3A0A0054E10300000A42
:10749000850089E0B000D0E1000050E30000001A50
:1074A000408088E30080C6E5F09FBDE86CF80200EC
:1074B000FFFF000070402DE90140A0E10250A0E173
:1074C00054109FE5EFDFFFEB010C50E30900003A99
:1074D000020055E30100002A0000A0E37080BDE82F
:1074E0002014A0E10010C4E5011084E20000C1E511
:1074F0000200A0E37080BDE8000050E30400000A31
:10750000000055E30200000A0000C4E50100A0E30A
:107510007080BDE80000A0E37080BDE8B501000008
:10752000040050E30100003A1C009FE51EFF2FE11C
:1075300018209FE5401092E50130A0E31300C1E15F
:10754000400082E50000A0E31EFF2FE10113FFFFD2
:10755000007000B8040050E30100003A14009FE5F9
:107560001EFF2FE110109FE5800080E0000181E008
:10757000140090E51EFF2FE10113FFFF007000B81B
:1075800030402DE930309FE540C093E50000A0E396
:1075900028409FE50120A0E31210A0E10C0011E1BA
:1075A0000100000A0020C4E7401083E5010080E2EA
:1075B000040050E3F7FFFFBA3080BDE8007000B868
:1075C0002908030010402DE90B12A0E31C0291E5ED
:1075D000020380E31C0281E518209FE53C10A0E334
:1075E0000100A0E3BC0B00EB7F00A0E3730C00EBF9
:1075F0000000A0E31080BDE880750200040050E3A5
:107600000100003AB0019FE51EFF2FE1AC319FE57C
:10761000000050E30B22A0E30B00000A010050E33E
:107620002700000A020050E33C00000A0A0051E370
:107630005100000A0B0051E35400000A0C0051E312
:107640005700000A0300A0E11EFF2FE1000051E3F4
:107650000700000A010051E30A00000A020051E39A
:107660000D00000A030051E31000000A0300A0E12E
:107670001EFF2FE1740092E50F08C0E30D0880E3C0
:10768000740082E54A0000EA780092E50F0CC0E33E
:107690000D0C80E3780082E5450000EA840092E565
:1076A0000F04C0E30D0480E3840082E5400000EA9B
:1076B0008C0092E50F08C0E30D0880E38C0082E5A2
:1076C0003B0000EA040051E30500000A050051E315
:1076D0000800000A060051E30B00000A0300A0E1C5
:1076E0001EFF2FE1740092E50F06C0E30D0680E354
:1076F000740082E52E0000EA780092E50F0AC0E3EC
:107700000D0A80E3780082E5290000EA8C0092E50A
:107710000F06C0E30D0680E38C0082E5240000EA3A
:10772000070051E30500000A080051E30800000AC1
:10773000090051E30B00000A0300A0E11EFF2FE146
:10774000740092E50F04C0E30D0480E3740082E549
:10775000170000EA8C0092E50F04C0E30D0480E3FB
:107760008C0082E5120000EAA80092E50F0CC0E34D
:107770000D0C80E3A80082E50D0000EA740092E59C
:107780000F02C0E30D0280E3740082E5080000EA06
:107790008C0092E50F02C0E30D0280E38C0082E5CD
:1077A000030000EAA80092E50F0AC0E30D0A80E397
:1077B000A80082E50000A0E31EFF2FE10113FFFFF8
:1077C0001013FFFF38402DE90040A0E1040054E30E
:1077D0000100003AF0009FE53880BDE80310A0E307
:1077E0000400A0E1D90000EB000050E3F9FFFF1A0C
:1077F000D8009FE5001090E500108DE5000054E3EF
:107800000600000A010054E30A00000A020054E3E3
:107810000E00000A030054E31700001A110000EAEA
:10782000FF0011E31400001AFF10A0E30400A0E120
:10783000A30000EB100000EAFF0011E30E00001AA5
:10784000FF10A0E30400A0E19D0000EB0A0000EAA5
:10785000FF0C11E30800001AFF10A0E30400A0E1F0
:10786000970000EB040000EAFF0C11E30200001A8D
:10787000FF10A0E30400A0E1910000EB0110A0E3E1
:107880000400A0E16C0100EB000050E3D1FFFF1AFF
:107890003C109FE50100A0E30400C1E734109FE520
:1078A0000400A0E15E0000EB000050E3C9FFFF1AF6
:1078B00024109FE50400A0E16D0000EB000050E300
:1078C000C4FFFF1A0000A0E33880BDE80113FFFFEA
:1078D000007000B825080300121300004B4C000094
:1078E0000120A0E10310A0E1040050E30100003AF0
:1078F00088009FE51EFF2FE184309FE50030D3E72D
:10790000000053E30C00000A0A0052E302F18F303A
:10791000180000EA0A0000EA0A0000EA0B0000EA88
:107920000B0000EA0B0000EA0B0000EA0B0000EA83
:107930000B0000EA0C0000EA0D0000EA44009FE59D
:107940001EFF2FE1B90100EA0210A0E3CC0100EA1A
:107950007E0000EA5A0000EADF0000EA010100EAC6
:10796000350100EA0110A0E3AA0000EA0010A0E33C
:10797000A80000EA20FFFFEA0C009FE51EFF2FE1B0
:107980000113FFFF1D0803000E13FFFF0313FFFF8A
:10799000F0412DE90040A0E1040054E30100003A69
:1079A0006C009FE5F081BDE868509FE50400D5E7D5
:1079B000010050E30500000A016045E20000D6E541
:1079C0000170A0E3000050E30200000A040000EA96
:1079D00044009FE5F081BDE83C00A0E36B0800EBAC
:1079E0000070C6E50470C5E70400A0E174FFFFEB7A
:1079F0000110A0E30400A0E1470100EB0400A0E1B6
:107A0000C6FEFFEB14109FE50000A0E30400C1E7F1
:107A1000F081BDE80113FFFF1D0803000F13FFFFF6
:107A20002108030008402DE9040050E30100003A5A
:107A300030009FE50880BDE8010851E30100003AED
:107A400024009FE50880BDE8B010CDE11C209FE533
:107A500000109DE5800080E0000182E0101080E5CC
:107A60000000A0E30880BDE80113FFFF0D13FFFF36
:107A7000007000B808402DE9040050E30100003A0E
:107A800030009FE50880BDE8010851E30100003A9D
:107A900024009FE50880BDE8B010CDE11C209FE5E3
:107AA00000109DE5800080E0000182E00C1080E580
:107AB0000000A0E30880BDE80113FFFF0C13FFFFE7
:107AC000007000B808402DE9040050E30100003ABE
:107AD0006C009FE50880BDE8010C51E30100003A0D
:107AE00060009FE50880BDE85C209FE5003092E5DE
:107AF00000308DE5000050E30600000A010050E36D
:107B00000600000A020050E30600000A030050E3EA
:107B10000700001A050000EA0010CDE5040000EAA5
:107B20000010CDE5020000EA0110CDE5000000EAFA
:107B30000110CDE500009DE5000082E50000A0E316
:107B40000880BDE80113FFFF0513FFFF007000B8B8
:107B500008402DE9040050E30100003AA8009FE529
:107B60000880BDE8050051E30100003A9C009FE554
:107B70000880BDE898309FE5042093E500208DE55E
:107B8000000050E30600000A010050E30900000A6B
:107B9000020050E30D00000A030050E31600001A33
:107BA000100000EA0700C2E3071001E2010080E1D3
:107BB00000008DE5100000EA7000C2E37020A0E331
:107BC000011202E0010080E100008DE50A0000EAF8
:107BD000070CC2E3072CA0E3011402E0010080E1DE
:107BE00000008DE5040000EA070AC2E3072AA0E3CB
:107BF000011602E0010080E100008DE500009DE536
:107C0000040083E50000A0E30880BDE80113FFFF46
:107C10000713FFFF007000B808402DE9040050E38F
:107C20000100003AA4009FE50880BDE8010051E38F
:107C30000300000A000051E30100000A90009FE5E4
:107C40000880BDE88CC09FE508209CE500208DE5FC
:107C50001030A0E3000050E3013203E00800000A06
:107C6000010050E30A00000A2030A0E3020050E3C4
:107C7000811203E00A00000A030050E30F00001A1B
:107C80000B0000EA1000C2E3030080E100008DE574
:107C90000A0000EA1000C2E3030080E100008DE565
:107CA000060000EA2000C2E3010080E100008DE54B
:107CB000020000EA2000C2E3010080E100008DE53F
:107CC00000009DE508008CE50000A0E30880BDE809
:107CD0000113FFFF0813FFFF007000B808402DE9F3
:107CE000040050E30100003A6C009FE50880BDE805
:107CF000010C51E30100003A60009FE50880BDE8F7
:107D00005C209FE5003092E500308DE5000050E3F7
:107D10000600000A010050E30600000A020050E3DA
:107D20000600000A030050E30700001A050000EAFD
:107D30000210CDE5040000EA0210CDE5020000EAE1
:107D40000310CDE5000000EA0310CDE500009DE53D
:107D5000000082E50000A0E30880BDE80113FFFFFA
:107D60000613FFFF007000B808402DE9040050E33F
:107D70000100003AB4009FE50880BDE8010051E32E
:107D80000300000A000051E30100000AA0009FE583
:107D90000880BDE89C309FE5082093E500208DE534
:107DA000000050E30600000A010050E30A00000A48
:107DB000020050E30E00000A030050E31700001A0F
:107DC000110000EA0400C2E30420A0E3011102E074
:107DD000010080E100008DE5100000EA010BC2E324
:107DE000012BA0E3011502E0010080E100008DE518
:107DF0000A0000EA0109C2E30129A0E3011702E039
:107E0000010080E100008DE5040000EA0107C2E303
:107E10000127A0E3011902E0010080E100008DE5E7
:107E200000009DE5080083E50000A0E30880BDE8B0
:107E30000113FFFF0A13FFFF007000B808402DE98F
:107E4000040050E30100003ABC009FE50880BDE853
:107E5000010051E30300000A000051E30100000AA1
:107E6000A8009FE50880BDE8A4309FE5082093E5C1
:107E700000208DE5000050E30600000A010050E3F9
:107E80000A00000A020050E30E00000A030050E35B
:107E90001700001A110000EA08C0A0E30820C2E39E
:107EA00081C10CE00C2082E100208DE5100000EA89
:107EB00002CBA0E3022BC2E381C50CE00C2082E1DF
:107EC00000208DE50A0000EA02C9A0E30229C2E30E
:107ED00081C70CE00C2082E100208DE5040000EA5F
:107EE00002C7A0E30227C2E381C90CE00C2082E1B3
:107EF00000208DE500209DE5082083E514209FE506
:107F00000010C2E70000A0E30880BDE80113FFFFF6
:107F10000B13FFFF007000B825080300040050E3B6
:107F20000100003A2C009FE51EFF2FE128309FE55D
:107F30003C2093E5010051E30300000A0000A0E3A8
:107F40003C0083E50000A0E31EFF2FE10110A0E349
:107F5000110082E1F9FFFFEA0113FFFF007000B892
:107F600008402DE9040050E30100003AB0009FE50D
:107F70000880BDE8010051E30300000A000051E35E
:107F80000100000A9C009FE50880BDE898309FE54D
:107F9000082093E500208DE5000050E30600000A6C
:107FA000010050E30900000A020050E30D00000A3E
:107FB000030050E31600001A100000EA0100C2E3BB
:107FC000011001E2010080E100008DE5100000EAEF
:107FD000010CC2E3012CA0E3011402E0010080E1E6
:107FE00000008DE50A0000EA010AC2E3012AA0E3CD
:107FF000011602E0010080E100008DE5040000EAC6
:108000000108C2E30128A0E3011802E0010080E1B9
:1080100000008DE500009DE5080083E50000A0E379
:108020000880BDE80113FFFF0913FFFF007000B8CF
:1080300010402DE90040A0E1040054E30100003AA3
:1080400030009FE51080BDE80110A0E30400A0E12E
:10805000C2FFFFEB20009FE50400D0E7010050E3E2
:108060000200001A14109FE50100A0E30400C1E71C
:108070000000A0E31080BDE80113FFFF2508030006
:1080800021080300F8402DE90040A0E1040054E37A
:108090000100003AD8009FE5F880BDE8D4009FE5D4
:1080A0000400D0E7000050E31500000AC8009FE577
:1080B0000400D0E7000050E31300000ABC709FE505
:1080C0000400D7E7000050E31100000A0060A0E3BD
:1080D000B060CDE1A8309FE500009DE5842084E0FC
:1080E000022183E00C0082E5010051E3085087E2A1
:1080F0000F00000A020051E31900000A84009FE506
:10810000F880BDE80000A0E3F880BDE80000A0E32F
:10811000F880BDE80000A0E3F880BDE80010A0E30F
:108120000400A0E18DFFFFEB0460C5E70460C7E732
:10813000090000EA0400A0E105FDFFEB000050E3A8
:10814000FBFFFF1AF4FFFFEA0010A0E30400A0E128
:1081500082FFFFEB0460C5E70460C7E70000A0E30F
:10816000F880BDE80400D5E7010050E3FCFFFF1AEA
:10817000F4FFFFEA0113FFFF1D08030025080300B9
:1081800021080300007000B80413FFFF38402DE9F8
:108190000050A0E1040055E30100003A64009FE5AF
:1081A0003880BDE860009FE50500D0E7000050E39F
:1081B0000300000A040052E30300000A4C009FE59C
:1081C0003880BDE848009FE53880BDE8004091E573
:1081D00000408DE50418A0E12118A0E10500A0E110
:1081E00023FEFFEB000050E3ECFFFF1A2418A0E190
:1081F0000500A0E10AFEFFEB000050E3E7FFFF1AD5
:108200000000A0E33880BDE80113FFFF1D08030054
:108210000213FFFF0E13FFFFF05F2DE93A0E8FE20E
:108220004C0A00EB0040A0E3B0A39FE5B0839FE5BC
:108230001F0054E31800008A0050A0E300009AE5F4
:10824000846184E0060080E03020A0E30910A0E310
:108250000863FFEB0000A0E3101098E5842181E0A3
:108260000010D2E7FF0051E30100000A013085E26F
:10827000FF5003E200309AE5063083E00010C3E7C8
:10828000010080E2FF0000E2080050E3F3FFFF3A44
:1082900000009AE5060080E00850C0E5200054E3A5
:1082A0001F00001A0060A0E3129EA0E3860186E092
:1082B000000189E000109AE53020A0E3010080E091
:1082C0000810A0E3EB62FFEB0050A0E3860186E01C
:1082D0000071A0E1060185E0010C80E2031065E277
:1082E000811087E0121E81E20118A0E12118A0E1AF
:1082F000102098E50000D2E700209AE5021081E006
:1083000067BBFFEB010085E2FF5000E2040055E38C
:10831000EFFFFF3A010086E2FF6000E2100056E343
:10832000E1FFFF3A300054E32000001A0060A0E3B0
:10833000B0B29FE54A9FE0E3860186E000018BE052
:1083400000109AE53020A0E3010080E00810A0E3CF
:10835000C862FFEB0050A0E3860186E00071A0E157
:10836000060185E0050D80E2031065E2811087E0DB
:10837000091041E00118A0E12118A0E1102098E5C2
:108380000000D2E700209AE5021081E044BBFFEB39
:10839000010085E2FF5000E2040055E3EFFFFF3AE1
:1083A000010086E2FF6000E2100056E3E1FFFF3AC1
:1083B000400054E32200001A0050A0E328929FE5F9
:1083C000850185E0000189E000109AE53020A0E3F6
:1083D000010080E00810A0E3A662FFEB000055E377
:1083E0001300000A0060A0E3850185E00071A0E1B0
:1083F000050186E0060D80E2031066E2811087E049
:10840000011C81E23B1081E20118A0E12118A0E1EA
:10841000102098E50000D2E700209AE5021081E0E4
:108420001FBBFFEB010086E2FF6000E2040056E3A1
:10843000EEFFFF3A010085E2FF5000E2100055E335
:10844000DEFFFF3A500054E32B00001A0060A0E367
:1084500098019FE5861186E0010180E000109AE511
:108460003020A0E3010080E00810A0E38162FFEB70
:10847000000056E31C00000A0050A0E3860186E0DD
:1084800000B1A0E1060185E0070D80E2031065E27E
:1084900081108BE0011C81E2321081E20178A0E1C1
:1084A0002778A0E1101098E50090D1E700009AE548
:1084B000071080E00900A0E1F9BAFFEB000055E3E6
:1084C0000500001A000059E30300001A00009AE5B5
:1084D000071080E0FF00A0E3F1BAFFEB010085E2A6
:1084E000FF5000E2040055E3E5FFFF3A010086E299
:1084F000FF6000E2100056E3D4FFFF3A620054E34D
:108500000300001A100098E50802D0E5E0109FE58E
:10851000B800C1E1630054E30300001A100098E5BD
:108520000C02D0E5C8109FE50000C1E5700054E3DF
:108530001C00001A0060A0E3867186E03F0E87E20F
:1085400000109AE53020A0E3010080E00810A0E3CD
:108550004862FFEB0050A0E3060185E0090D80E2D0
:10856000031065E2811087E03F1E81E20118A0E15F
:108570002118A0E1102098E50000D2E700209AE53C
:10858000021081E0C6BAFFEB010085E2FF5000E275
:10859000040055E3EFFFFF3A010086E2FF6000E2CE
:1085A000300056E3E3FFFF3A010084E2FF4000E2BF
:1085B000A40054E31DFFFF3A841700EBF05FBDE811
:1085C00083B2FFEA726561645F646174615F6672C1
:1085D0006F6D5F73746D376275666665720D0A0044
:1085E000C0010300DC020300290100003B01000080
:1085F000320100001835030070402DE9AC409FE5C2
:10860000000094E5030C80E27B0080E20D72FFEB3A
:108610009C509FE50000C5E5000094E5030C80E256
:10862000720080E20772FFEBB800C5E1000094E53C
:10863000030C80E29F0080E20272FFEB0600C5E5BA
:10864000000094E5030C80E2960080E2FD71FFEBF0
:108650000100C5E5000094E5050C80E2A90080E278
:10866000F871FFEB0200C5E5000094E5DA1FE0E3D6
:10867000010040E0F371FFEB0300C5E5000094E565
:10868000EA0F80E2EF71FFEB0A00C5E5000094E518
:10869000360E80E2EB71FFEB0400C5E5000094E5C7
:1086A000E10F80E2E771FFEB0500C5E57080BDE8F2
:1086B000C00103001835030010402DE958009FE564
:1086C0000000D0E5400010E30C00000A4C009FE5DC
:1086D0000010A0E30010C0E50110C0E50210C0E5E5
:1086E0009910A0E30310C0E50410C0E50510C0E533
:1086F0001040BDE828109FE528009FE543A1FFEA50
:1087000020109FE50000A0E33E9FFFEB0C109FE5CB
:1087100010009FE53DA1FFEBF4FFFFEAB00103006D
:10872000B0000300B600030030350300F0472DE928
:108730000070A0E10180A0E10290A0E1004097E577
:1087400008A0A0E10860A0E1020058E30200003A9E
:108750001C0094E5080050E10100008A0200A0E33B
:10876000F087BDE8000059E30B00000A0000D4E5E3
:10877000040050E30200001A0700D7E5020050E3AE
:108780000500000A0020E0E30910A0E10400A0E1D8
:10879000B0FAFFEB000050E3F0FFFF1A0810A0E171
:1087A0000700A0E1D8DDFFEB0050A0E10500B0E13B
:1087B0003000000A010055E31900000A010075E3CA
:1087C0001900000A0000D4E5040050E30500000A87
:1087D0000020A0E30810A0E10400A0E19DFAFFEB57
:1087E000000050E3DDFFFF1A1C1094E5180094E52B
:1087F000021041E2010050E10400002A010080E281
:10880000180084E50400D4E5010080E30400C4E519
:10881000010086E2050050E10500001A0560A0E1B4
:10882000100000EA0200A0E3F087BDE80100A0E329
:10883000F087BDE80000D4E5040050E30700001A0B
:108840000A0046E0012080E20030A0E30A10A0E127
:108850000400A0E16AB2FFEB000050E3BFFFFF1A83
:108860000560A0E105A0A0E10580A0E11C0094E561
:10887000080050E1C8FFFF8A0000D4E5040050E37F
:108880002A00001A000059E30600000A0700D7E595
:108890000250A0E3000050E30500000A030050E38B
:1088A0001A00000A210000EA0000A0E30700C7E563
:1088B0001E0000EA084097E50C0000EA0410A0E161
:1088C0000700A0E190DDFFEB020050E30100002A69
:1088D0000200A0E3F087BDE8010070E30900000A90
:1088E000011084E2010050E10200001A014084E21C
:1088F000090054E1F0FFFF1A090054E10B00001ACF
:108900000750C7E5090000EA0100A0E3F087BDE8D1
:10891000080097E5090050E10400008A181097E567
:10892000010080E0090050E10000003A0750C7E56F
:108930000000A0E3F087BDE8F05F2DE980B19FE57E
:1089400080A19FE55A0000EA0050A0E3B000D4E106
:108950001E0D10E30400000A1000D4E5000050E3EF
:108960002000000ADADEFFEB1B0000EA00009BE5B6
:10897000201090E5040051E10300001A0C1094E56A
:10898000201080E50150A0E3290000EA200090E5D6
:10899000060000EA0C1090E5040051E10200001A04
:1089A0000C1094E50C1080E50150A0E30C0090E55C
:1089B000000050E3F6FFFF1A1D0000EA0C1090E5DE
:1089C000040051E10300001A0C1094E50C1080E53E
:1089D0000150A0E3160000EA0100A0E1000050E30E
:1089E000F5FFFF1A120000EA00009BE5281090E551
:1089F000040051E10300001A0C1094E5281080E5F2
:108A00000150A0E30A0000EA280090E5060000EA11
:108A10000C1090E5040051E10200001A0C1094E5DE
:108A20000C1080E50150A0E30C0090E5000050E33D
:108A3000F6FFFF1A000055E31900000A080094E54C
:108A40000350C0E3000055E31500000A0180A0E3D5
:108A5000CC90E0E3100000EA286095E5087095E509
:108A60000500A0E18DDCFFEB0750A0E1740096E566
:108A7000010040E2740086E5000050E30600001AA1
:108A8000789086E51480C6E5841096E5000051E3F1
:108A90000100000A0600A0E131FF2FE1000055E3CC
:108AA000ECFFFF1A140094E504008AE50400A0E13D
:108AB00055DCFFEB04409AE5000054E3A1FFFF1AE8
:108AC000F09FBDE8A40803005C080300142090E5B3
:108AD000000052E30300000A1810D0E5183092E5B8
:108AE0000200A0E113FF2FE12C1090E5000051E3FC
:108AF0000300000A1800D0E5241091E5010040E2CF
:108B000011FF2FE16900E0E31EFF2FE110402DE986
:108B10000100A0E37D9CFFEBCB9CFFEB60109FE589
:108B20000000A0E3379EFFEB54009FE51C1090E58A
:108B3000072C41E2D52052E21000001A181090E5EF
:108B4000010051E30D00001A141090E5010051E3FB
:108B50000A00001A0C1090E5000051E30700001A0B
:108B6000081090E5000051E30400001A040090E5AD
:108B7000000050E30100001A1040BDE8010000EAC7
:108B80001080BDE83035030010402DE93C009FE522
:108B90007D1EA0E31C1080E50110A0E3181080E505
:108BA000141080E50010A0E30C1080E5081080E5AB
:108BB000041080E5001080E20000A0E3AC9EFFEB13
:108BC0001040BDE804109FE50000A0E30D9EFFEA01
:108BD0003035030008402DE908C09DE500C08DE553
:108BE000D6D1FFEB0880BDE810402DE9B5A7FFEB1B
:108BF0000000A0E340109FE538C09FE5303091E5CC
:108C00000020DCE7B041D1E10420C3E7B021D1E18D
:108C1000012082E23E2BC2E3B021C1E1010080E2EB
:108C2000FF0000E2090050E3F4FFFF3AA7A7FFEBC3
:108C30001040BDE826A4FFEAD86104004400030008
:108C4000F8402DE90040A0E10160A0E1000056E3FA
:108C50003900000AE4009FE55410A0E39960FFEB9F
:108C6000D8009FE58621A0E1D4108FE2A05EFFFA34
:108C70000050A0E3017046E2100000EAF200D4E1E7
:108C8000C4108FE200008DE5F030D4E1C4009FE510
:108C9000042094E5965EFFFAB8109FE5540041E287
:108CA0002060FFFA070055E10200000A8C009FE5F2
:108CB000A4108FE21B60FFFA084084E2015085E2B5
:108CC000060055E1ECFFFFBA70009FE58C108FE2C3
:108CD0001460FFFA88109FE588209FE5B000D1E17D
:108CE000B020D2E1020050E11200001A0000A0E31F
:108CF00074209FE544409FE5003092E50320A0E307
:108D0000862182E002C8A0E12CC8A0E1070000EAA9
:108D10000020D4E7B050D1E10520C3E7B020D1E175
:108D2000012082E23E2BC2E3B020C1E1010080E2DB
:108D300000005CE1F5FFFFCAE5A3FFEBF880BDE8AA
:108D4000E45F0400402530325800000025632530E0
:108D50003364253033640000386004002C000000C8
:108D60002A000000540003005600030074000300B2
:108D7000F0412DE95C519FE50600D5E5000050E388
:108D80000800001A0100D5E5000050E30500000AC4
:108D9000060050E30370A0E30110A0E30A60A0E323
:108DA0000040A0E300F18F30F081BDE8F081BDE824
:108DB000030000EA0A0000EA230000EA2D0000EAAE
:108DC0003E0000EA0200A0E30100C5E508019FE5BE
:108DD0000C10D0E50B10C5E5B200D0E1B201C5E141
:108DE000F081BDE8DB00D5E1DA10D5E1010050E10A
:108DF0000A00000A0008A0E12008A0E10F0A80E3B1
:108E0000FE0E80E3410000EB0400A0E30100C5E595
:108E10000240C5E50660C5E5F041BDE8680200EA2C
:108E2000B8008FE24B0700EBB201D5E10008A0E1EA
:108E30002008A0E1350000EB0240C5E50170C5E562
:108E40000660C5E5F041BDE85D0200EA0200D5E537
:108E5000010050E30100001A0240C5E50C10C5E511
:108E60000C00D5E5010050E3CEFFFF1A0140C5E537
:108E70000C40C5E5F081BDE878008FE2350700EBD6
:108E80000200D5E5010050E3C6FFFF1A4C008FE257
:108E9000300700EBB201D5E10008A0E12008A0E115
:108EA0001A0000EB0240C5E50170C5E50B00D5E5F1
:108EB0000A00C5E50660C5E5F041BDE8400200EAEC
:108EC0000200D5E5010050E3B6FFFF1A0240C5E5F8
:108ED0000110C5E5F081BDE8E6010300686C0400FF
:108EE000666C61675F766F6963655F656E64203D80
:108EF00020310D0A000000007774353838685F7340
:108F0000656E645F73746570203D20340D0A000047
:108F100010402DE9FF1CA0E3001401E0201481E0C3
:108F200024009FE5BE10C0E10010A0E30810C0E5DA
:108F30000910C0E5021BA0E3020CA0E30D7FFFEBCC
:108F40001040BDE804009FE5321300EAE60103008B
:108F50008813000070402DE980509FE50000C5E5B2
:108F60007C409FE5100094E5000050E30700001AE4
:108F7000070DA0E3E95CFFFA100084E52010A0E3F0
:108F80003B0000EB200080E2020180E30C0084E55E
:108F9000180094E5000050E30700001A110DA0E34B
:108FA000DE5CFFFA180084E52010A0E3300000EB3F
:108FB000200080E2020180E3140084E5100094E5C3
:108FC000000050E30200000A180094E5000050E39E
:108FD0000100001A0000A0E30000C5E57080BDE8B4
:108FE000C86104000403030010402DE918D04DE2CD
:108FF000000090E5000090E50030A0E3C8C0A0E3C9
:1090000014408DE208E08DE204308DE518108EE802
:109010000228A0E12228A0E10138A0E100208DE58E
:109020002338A0E10320A0E32310A0E3360F00EBD8
:1090300018D08DE21080BDE804109FE50300C1E563
:109040001EFF2FE17C01030004109FE50400C1E531
:109050001EFF2FE16401030010109FE50120D1E500
:10906000000052E30000001A0700C1E51EFF2FE1D7
:10907000E601030070402DE90050A0E10140A0E1AD
:109080000410A0E10500A0E1FC64FFEB000051E347
:109090000200000A010044E0050080E07080BDE8A5
:1090A0000500A0E17080BDE81C009FE5001090E580
:1090B000001091E514209FE5011881E3001282E57C
:1090C0000110A0E30510C0E51EFF2FE1F00209002A
:1090D000006000B81C009FE5081090E5001091E5C5
:1090E00014209FE5011881E3001382E50110A0E33D
:1090F0000D10C0E51EFF2FE1F0020900006000B86E
:1091000038109FE5800181E0001090E5002091E596
:10911000020812E30600000A0500D0E5000050E353
:109120000100000A0000A0E31EFF2FE10100A0E300
:109130001EFF2FE1000091E5010000E21EFF2FE17C
:10914000F002090070402DE95C509FE5000050E3FB
:109150000040A0E30B00000A50209FE53410A0E37C
:109160000500A0E3DC0400EB3400A0E3870200EB81
:10917000084085E50C4085E57F00A0E38F0500EB06
:109180000000A0E37080BDE824209FE53310A0E339
:109190000500A0E3D00400EB3300A0E37B0200EB6A
:1091A000004085E5044085E5F2FFFFEAF002090092
:1091B000D4900200A89002000130A0E110402DE9F7
:1091C0000210A0E1000050E30300000A010050E398
:1091D0000100000A0000E0E31080BDE858239FE58D
:1091E000800182E00420D0E5000052E30F00000A75
:1091F0000D0053E303F18F30C80000EA0D0000EAD0
:10920000130000EA1E0000EA1F0000EA330000EA33
:109210003E0000EA490000EA520000EA5B0000EA72
:109220007C0000EA940000EAAA0000EAB50000EA27
:109230000200E0E31080BDE80010A0E30510C0E5E7
:10924000000090E5001090E5011081E3001080E53A
:10925000B20000EA010051E30400000A000090E5BA
:10926000001090E50218C1E3001080E5AB0000EAB1
:10927000000090E5001090E5021881E3001080E501
:10928000A60000EAFA0000EBA40000EA000051E3A7
:109290000700000A010051E30A00000A000090E5FF
:1092A000001090E50616C1E3021681E3001080E588
:1092B0009A0000EA000090E5001090E50616C1E370
:1092C000001080E5950000EA000090E5001090E5B0
:1092D0000616C1E3011581E3001080E58F0000EA66
:1092E000000051E30400000A000090E5001090E542
:1092F000011681E3001080E5880000EA000090E597
:10930000001090E50116C1E3001080E5830000EA3B
:10931000000051E30400000A000090E5001090E511
:10932000011B81E3001080E57C0000EA000090E56D
:10933000001090E5011BC1E3001080E5770000EA12
:10934000040051E30500002A000090E5002090E5AC
:10935000032CC2E3011482E1001080E56F0000EAF3
:109360000300E0E31080BDE8200051E30500002A7F
:10937000000090E5002090E5F820C2E3811182E131
:10938000001080E5650000EA0300E0E31080BDE81E
:10939000030051E30100009A0300E0E31080BDE800
:1093A000000051E30900000A010051E30D00000A2A
:1093B000020051E31100000A000090E5001090E562
:1093C0001A11C1E30A1181E3001080E5530000EA9D
:1093D000000090E5001090E51A11C1E3041081E34C
:1093E000001080E54D0000EA000090E5001090E5D7
:1093F0001A11C1E3021081E3001080E5470000EA82
:10940000000090E5001090E51A11C1E3121181E30C
:10941000001080E5410000EA000051E30500000A69
:10942000010051E30900000A020051E30D00000AA7
:109430000300E0E31080BDE8000090E5081090E52F
:109440000310C1E3011081E3081080E5330000EA56
:10945000000090E5081090E50310C1E3021081E3DD
:10946000081080E52D0000EA000090E5081090E566
:10947000031081E3081080E5280000EA000051E3B2
:109480000500000A010051E30800000A020051E350
:109490000B00000A0300E0E31080BDE8000090E547
:1094A000081090E50110C1E3081080E51B0000EAF8
:1094B000000090E5081090E50210C1E3081080E577
:1094C000160000EA000090E5081090E50310C1E3E3
:1094D000081080E5110000EA000051E30400000AD2
:1094E000000090E5081090E5081081E3081080E581
:1094F0000A0000EA000090E5081090E50810C1E3BA
:10950000081080E5050000EA000051E30500000AAC
:10951000000090E5081090E5041081E3081080E554
:109520000000A0E31080BDE8000090E5081090E581
:109530000410C1E3081080E5F8FFFFEAF00209001B
:1095400030402DE9020050E30100003A0000E0E362
:109550003080BDE8F0109FE5801181E00420D1E566
:10956000000052E30100000A0100E0E33080BDE8A2
:10957000000050E30B22A0E31E00000A1C3292E51B
:10958000203083E31C3282E55930A0E316C0A0E30B
:109590008840A0E3FC3182E5FCC182E5FC4182E524
:1095A000FC5192E5010055E3F9FFFF1A000050E37A
:1095B0001400000A683092E5203083E3683082E5C9
:1095C000683092E52030C3E3683082E5683092E588
:1095D000200013E3FCFFFF1A0030A0E3FC3182E51A
:1095E000003081E5043081E5000050E30F00000AFF
:1095F00058009FE50E0000EA1C3292E5103083E32C
:109600001C3282E5DFFFFFEA683092E5103083E329
:10961000683082E5683092E51030C3E3683082E557
:10962000683092E5100013E3FCFFFF1AE9FFFFEA40
:109630001C009FE5000081E50100A0E30400C1E5F6
:109640000530C1E50000A0E33080BDE8F00209006C
:10965000006300B8006200B810209FE5800182E03E
:10966000000090E5010180E0100090E51EFF2FE171
:10967000F002090070402DE90040A0E130509FE564
:109680008110A0E10500A0E17C63FFEB010040E256
:109690000018A0E12118A0E1000094E5041080E585
:1096A000010081E28010A0E10500A0E17363FFEBFF
:1096B0007080BDE8C068780410309FE5800183E0C9
:1096C000000090E5010180E0102080E51EFF2FE101
:1096D000F002090070402DE90060A0E10140A0E126
:1096E0000250A0E10518A0E12118A0E11A0084E2CF
:1096F0002E0000EB0000D6E5030050E30300001A43
:109700002518A0E1140084E27040BDE8270000EABB
:109710007080BDE8012080E20010C0E52104A0E1D6
:10972000011082E20000C2E52004A0E10000C1E5D2
:109730002004A0E10100C1E51EFF2FE10020C0E5EB
:109740002224A0E1032C82E12334A0E10120C0E522
:109750002224A0E1032C82E12334A0E10220C0E511
:109760002224A0E1032C82E12334A0E10320C0E500
:109770002224A0E1032C82E12334A0E10420C0E5EF
:109780002224A0E1032C82E12334A0E10520C0E5DE
:109790002224A0E1032C82E12334A0E10620C0E5CD
:1097A0002224A0E1032C82E10720C0E51EFF2FE167
:1097B000012080E20010C0E52104A0E10000C2E524
:1097C0001EFF2FE114009FE50110A0E30310C0E588
:1097D0000010A0E30410C0E50510C0E51EFF2FE156
:1097E000E601030018009FE50010A0E3081080E5E3
:1097F0000110C0E50C109FE50100A0E30200C1E5E7
:109800001EFF2FE1440103004801030010402DE931
:1098100028009FE5BDFDFFEB24009FE50010A0E3BD
:10982000B610C0E10010C0E518009FE50110A0E3EC
:109830000010C0E53210A0E3B011C0E11080BDE817
:10984000FEFF0000686C0400E6010300F0412DE912
:109850000050A0E1000095E5106090E50600A0E151
:109860002A1300EB0010A0E1020086E2CFFFFFEB1D
:109870000100D6E5017080E24C1095E50500A0E1FD
:10988000DFCCFFEB0040A0E1130000EA000095E50B
:10989000381095E597EEFFEB0040A0E1000054E39F
:1098A0000F00001A3C0095E52020A0E30610A0E17F
:1098B000225DFFEB001095E50100A0E30300C1E588
:1098C000017057E20600000A206086E20010A0E363
:1098D0000500A0E148CBFFEB0040A0E1000054E30D
:1098E000E9FFFF0A000054E30300000A010054E30B
:1098F0000100000A0200A0E3F081BDE80400A0E13D
:10990000F081BDE80010A0E10000A0E30B20A0E37F
:10991000A030A0E1800383E00130D1E4030080E0C7
:10992000FF0000E2012052E2F8FFFF1A1EFF2FE1C4
:1099300070402DE90040A0E10400A0E1300000EB00
:109940000050A0E1000055E32800001A0000D4E513
:10995000030050E31E00001A0400D4E5010050E3A8
:109960001B00001A021CA0E33C0084E2555DFFEBE3
:10997000020C84E27C109FE53A0080E28BFFFFEB53
:1099800074109FE53C0084E261FFFFEB6C109FE5E3
:10999000220E84E25EFFFFEB181094E5890F84E24B
:1099A0005BFFFFEB141094E58A0F84E258FFFFEB96
:1099B000240094E5012080E2382084E50100D4E50C
:1099C0000130A0E33C1084E256CDFFEB0000A0E3A1
:1099D0000400C4E50020A0E30100D4E50210A0E1EA
:1099E0000ACDFFEB000050E30000000A0150A0E3A5
:1099F0000500A0E17080BDE855AA00005252614107
:109A00007272416170402DE90040A0E10050A0E376
:109A10000300D4E5000050E30700000A382094E575
:109A20000100D4E50130A0E33C1084E23DCDFFEB22
:109A3000000050E30200000A0150A0E30500A0E18D
:109A40007080BDE80000A0E30300C4E5380094E5A1
:109A5000281094E5012040E0201094E5010052E137
:109A6000F5FFFF2A0220D4E5020052E3F2FFFF1ABD
:109A7000012080E00100D4E50130A0E33C1084E245
:109A800028CDFFEBECFFFFEA38402DE90040A0E1D4
:109A900040009FE50200D0E5000050E30300001AFB
:109AA0000120A0E36410A0E30000A0E3670300EB43
:109AB0000000A0E37E0100EB00008DE50000A0E3C4
:109AC0007B0100EB00109DE5010040E0040050E147
:109AD000F9FFFF9A3880BDE89405030010402DE996
:109AE0007764FFEB0000A0E3150F07EE160F07EEFB
:109AF0009A0F07EE100F11EE0100C0E3100F01EEF8
:109B000010009FE50010A0E30010C0E50010E0E3A6
:109B1000081080E51080BDE8F8050300011040E260
:109B20003E0051E30100003A0100A0E31EFF2FE1D7
:109B300028109FE5200050E30120A0E30200002A46
:109B40001200A0E1380181E5020000EA200040E2B5
:109B50001200A0E13C0181E50000A0E31EFF2FE11F
:109B6000002000B810402DE90040A0E10400A0E171
:109B70005B0100EB10109FE50120A0E30020C1E590
:109B8000084081E50000A0E31080BDE8F80503006F
:109B9000011040E23E0051E30100003A0100A0E361
:109BA0001EFF2FE128109FE5200050E30120A0E3D5
:109BB0000200002A1200A0E1300181E5020000EA63
:109BC000200040E21200A0E1340181E50000A0E3A2
:109BD0001EFF2FE1002000B81F502DE90CD04DE2F0
:109BE00050409FE5180194E5000CA0E1200DA0E194
:109BF00008008DE5200194E504008DE508009DE551
:109C0000000050E30800000A04009DE5000050E356
:109C10000300000A20009FE508109DE5010190E780
:109C200030FF2FE10100A0E3500184E50CD08DE26C
:109C30001F50BDE804F05EE2002000B89C04030061
:109C400010402DE9060050E30800000A070050E329
:109C50000900000A080050E30300001A1864FFEB33
:109C60000000A0E3150F07EE9A0F07EE1080BDE885
:109C70000000A0E3150F07EE1080BDE81064FFEBB5
:109C80000000A0E39A0F07EE1080BDE804009FE5F6
:109C90000000D0E51EFF2FE1F805030070402DE91C
:109CA0000030A0E158029FE5080053E30150A0E313
:109CB000042040E20B12A0E303F18F308E0000EA93
:109CC0008D0000EA050000EA060000EA080000EA4C
:109CD0001E0000EA350000EA500000EA6B0000EACE
:109CE0007040BDE8870000EA7040BDE80200A0E1D6
:109CF000840000EA204291E5181014E20500000AF1
:109D0000100051E30500000A180051E30600000AA4
:109D10000000A0E37080BDE80C00A0E3030000EAAF
:109D20000200A0E1770000EB000000EA750000EB04
:109D3000071004E2011081E20F2C04E2224485E0C6
:109D4000CE61FFEB0410A0E1CC61FFEB7080BDE8B9
:109D5000204291E5181014E20500000A100051E3BA
:109D60000500000A180051E30600000A0000A0E305
:109D70007080BDE80C00A0E3030000EA0200A0E14F
:109D8000600000EB000000EA5E0000EB071004E258
:109D9000011081E20F2C04E2224485E0B761FFEB61
:109DA0000410A0E1B561FFEBA000A0E17080BDE868
:109DB000204291E5181014E20500000A100051E35A
:109DC0000500000A180051E30600000A0000A0E3A5
:109DD0007080BDE80C00A0E3030000EA0200A0E1EF
:109DE000480000EB000000EA460000EB071004E228
:109DF000011081E20F2C04E2226485E00F2604E2C8
:109E0000224A85E09D61FFEB0610A0E19B61FFEB1C
:109E1000A000A0E10410A0E19861FFEB7080BDE814
:109E2000204291E5181014E20500000A100051E3E9
:109E30000500000A180051E30600000A0000A0E334
:109E40007080BDE80C00A0E3030000EA0200A0E17E
:109E50002C0000EB000000EA2A0000EB071004E2EF
:109E6000011081E20F2C04E2226485E00F2404E259
:109E7000224C85E08161FFEB0610A0E17F61FFEBE2
:109E8000A000A0E10410A0E17C61FFEB7080BDE8C0
:109E9000204291E5181014E20500000A100051E379
:109EA0000500000A180051E30600000A0000A0E3C4
:109EB0007080BDE80C00A0E3030000EA0200A0E10E
:109EC000100000EB000000EA0E0000EB071004E2B7
:109ED000011081E20F2C04E2226485E00F2804E2E5
:109EE000224885E06561FFEB0610A0E16361FFEBAE
:109EF0000410A0E16161FFEB7080BDE80000A0E309
:109F00007080BDE8640200B010402DE9001090E5BB
:109F10007F1001E2012081E2001090E50130A0E312
:109F20007E1D01E2A11383E0000090E50E0A00E22D
:109F3000A00683E0810061E1820082E00001A0E1EF
:109F40004E61FFEB1080BDE80C402DE90000A0E35E
:109F500000008DE550019FE5000090E5070000E25C
:109F600004008DE504009DE5080050E300F18F300A
:109F70001B0000EA1A0000EA050000EA070000EAF8
:109F8000090000EA0B0000EA0D0000EA0F0000EAF9
:109F9000110000EA0200A0E300008DE5100000EAD5
:109FA0000400A0E300008DE50D0000EA0800A0E336
:109FB00000008DE50A0000EA1000A0E300008DE536
:109FC000070000EA2000A0E300008DE5040000EA9D
:109FD0004000A0E300008DE5010000EA8000A0E35E
:109FE00000008DE5C4009FE5000090E5070000E259
:109FF00004008DE504009DE5080050E300F18F307A
:10A00000220000EA210000EA050000EA080000EA58
:10A010000B0000EA0E0000EA110000EA140000EA5A
:10A02000170000EA00009DE5020080E200008DE5D7
:10A03000160000EA00009DE5040080E200008DE5C6
:10A04000120000EA00009DE5080080E200008DE5B6
:10A050000E0000EA00009DE5100080E200008DE5A2
:10A060000A0000EA00009DE5200080E200008DE586
:10A07000060000EA00009DE5400080E200008DE55A
:10A08000020000EA00009DE5800080E200008DE50E
:10A0900000009DE5000050E30100000A00009DE57E
:10A0A0000C80BDE80100A0E30C80BDE8101800B0F2
:10A0B000141800B024109FE5000050E30300000ACC
:10A0C000010050E30300000A0000A0E31EFF2FE19F
:10A0D000280091E51EFF2FE1100091E51EFF2FE102
:10A0E00094050300F14F2DE908D04DE218929FE549
:10A0F0000100D9E5000050E37800001A91FFFFEB62
:10A1000008129FE504108DE50010A0E300629FE5B2
:10A1100004209DE5012A82E1012186E7011081E208
:10A12000010A51E3F9FFFFBA800050E3010000DAB1
:10A130008050A0E3000000EA0050A0E10070A0E31E
:10A1400008309DE50126A0E30710A0E10700A0E18B
:10A1500000708DE5700000EBB8B19FE504B08DE5AF
:10A1600004009DE51E0E80E304008DE504009DE5DE
:10A17000100080E304008DE504009DE5010080E30C
:10A1800004008DE504009DE5000086E50030E0E375
:10A190000126A0E30010A0E30201A0E300708DE51A
:10A1A0005D0000EB02A88BE204A08DE504009DE5B4
:10A1B0001E0E80E304008DE504009DE5100080E3A1
:10A1C00004008DE504009DE5010080E304008DE5B9
:10A1D00004009DE5021A4BE2000081E50140A0E386
:10A1E0000180A0E3160000EA04058BE004008DE581
:10A1F00004009DE51E0E80E304008DE504009DE54E
:10A20000100080E304008DE504009DE5010080E37B
:10A2100004008DE5040099E5000050E30D00000AFC
:10A22000040AA0E108309DE50126A0E30010A0E1AA
:10A2300000808DE5380000EB04009DE5040186E711
:10A24000014084E2050054E1E6FFFFBA0140A0E3CB
:10A2500002B1A0E31E0000EA040AA0E108309DE577
:10A260000126A0E30010A0E100708DE52A0000EBBC
:10A27000F0FFFFEA04058AE004008DE504009DE597
:10A280001E0E80E304008DE504009DE5100080E3D0
:10A2900004008DE504009DE5010080E304008DE5E8
:10A2A000040099E5000050E31000000A041AA0E140
:10A2B000040A8BE10030E0E30126A0E300808DE595
:10A2C000150000EB04009DE5021B84E2010186E716
:10A2D000014084E2050054E1E5FFFFBA0180C9E5D1
:10A2E0002C009FE56D62FFEB0000A0E3FE8FBDE850
:10A2F000041AA0E1040A8BE10030E0E30126A0E3A8
:10A3000000708DE5040000EBEDFFFFEAF8050300A7
:10A31000F20D000000C0040000000500FE412DE920
:10A3200024609DE50050A0E1020115E30100000A50
:10A3300038419FE5000000EA34419FE552FEFFEB03
:10A34000010050E30000001A024184E302C1C5E3AA
:10A3500002008CE0020350E30100009A0000E0E3F9
:10A36000FE81BDE80C06B0E10100000A0000E0E358
:10A37000FE81BDE8020AB0E10100000A0000E0E34E
:10A38000FE81BDE8C20FA0E1200A82E04076A0E194
:10A39000000053E30A00000A010053E30A00000A28
:10A3A0000030A0E3000056E30900000A020081E04B
:10A3B000010A40E208008DE5011AA0E30000A0E3D5
:10A3C000220000EA0C30A0E3F5FFFFEA0830A0E32A
:10A3D000F3FFFFEA08108DE5F6FFFFEA00268CE0A8
:10A3E00004208DE504209DE5222AA0E104509DE58E
:10A3F000FF5A05E22556A0E108809DE52886A0E1E8
:10A400000886A0E100808DE500809DE5FF8E88E351
:10A4100000808DE500809DE5038088E100808DE56A
:10A4200000809DE5028088E300808DE500809DE549
:10A43000022584E0058182E7000056E30700000A58
:10A4400008209DE5012042E008208DE5010080E222
:10A45000070050E1E0FFFFBA0000A0E3FE81BDE885
:10A4600008209DE5012082E008208DE5F6FFFFEA47
:10A47000000007000000050010109FE50000A0E3A9
:10A48000381080E508109FE53C1080E51EFF2FE1A5
:10A4900068A50200D89B02000B02A0E3181290E509
:10A4A000011881E3181280E5901090E5FF10C1E3D8
:10A4B000991081E3901080E52E03A0E30C1090E545
:10A4C000071081E30C1080E508109FE5241080E55B
:10A4D0000000A0E31EFF2FE16600003030402DE9B0
:10A4E0000040A0E10130A0E168509FE50000D5E503
:10A4F000000050E30200001ADEFFFFEB0100A0E3C2
:10A500000000C5E550109FE50300C3E3001081E0A3
:10A51000030FA0E1A0CDA0E1FF0004E2004091E51F
:10A520000750A0E3154CC4E110CC84E100C081E5E4
:10A53000070010E30300000A20109FE5030191E7E4
:10A54000032181E73080BDE814109FE5030191E706
:10A55000032181E73080BDE8A0030300002000B89C
:10A56000A40303009C0403001F502DE90CD04DE20E
:10A5700050409FE5180194E5000CA0E1200DA0E1FA
:10A5800008008DE5200194E504008DE508009DE5B7
:10A59000000050E30800000A04009DE5000050E3BD
:10A5A0000300000A20009FE508109DE5010190E7E7
:10A5B00030FF2FE10100A0E3500184E50CD08DE2D3
:10A5C0001F50BDE804F05EE2002000B8A4030300C1
:10A5D000F0472DE928D04DE20160A0E10250A0E152
:10A5E00003A0A0E10040A0E30070A0E30080A0E38E
:10A5F00000005AE30000001A20A0A0E3000055E389
:10A60000010000AA005065E20170A0E3510055E38B
:10A610000000003A0050A0E3000056E3040000AA46
:10A62000006066E2000050E3010000AA0180A0E3A0
:10A63000000060E20D90A0E1100056E30400000A63
:10A640000610A0E18D5FFFEB0118A0E12118A0E149
:10A65000010000EA0F1000E22002A0E1090051E32E
:10A660000100008A3020A0E3000000EA3720A0E3C8
:10A67000021081E00410C9E7014084E2000050E3C9
:10A680001300000A0A0056E31100001A030054E305
:10A690000B00000A070054E30900000A0B0054E312
:10A6A0000300000A0F0054E30010A0E31600000AA4
:10A6B000000000EA0110A0E30020A0E3021091E1F5
:10A6C0000300000A0410A0E12C20A0E3014084E272
:10A6D0000120C9E7000050E3D6FFFF1A000058E34D
:10A6E0000200000A2D00A0E30400C9E7014084E253
:10A6F000040055E1060000CA0410A0E10D00A0E12D
:10A70000240000EB28D08DE2F087BDE80120A0E313
:10A71000E9FFFFEA045045E0000057E30200001A99
:10A720000510A0E10A00A0E1080000EB0410A0E180
:10A730000D00A0E1170000EB000057E3F0FFFF0A57
:10A740000510A0E10A00A0E1000000EBECFFFFEA29
:10A7500010402DE90040A0E10130A0E1010000EA35
:10A760000400A0E17EA5FFEB013053E2FBFFFF2ACE
:10A770001080BDE80030A0E104E02DE5010000EA12
:10A7800077A5FFEB013083E20000D3E5000050E342
:10A79000FAFFFF1A04F09DE410402DE90040A0E10B
:10A7A0000130A0E1010000EA0300D4E76CA5FFEB53
:10A7B000000053E2013043E2FAFFFFCA1080BDE817
:10A7C000800050E31000000A060000CA3F0050E37A
:10A7D0000900000A400050E30B00000A7F0050E32C
:10A7E0000C00001A040000EABF0050E30200000A57
:10A7F000C00050E30700001A030000EA00100FE158
:10A80000000001E000F021E1020000EA00100FE189
:10A81000000081E100F021E10000A0E31EFF2FE134
:10A8200024209FE5000050E30200000A010050E3ED
:10A830000300001A010000EA041082E5000000EAAB
:10A84000081082E50000A0E31EFF2FE1940503003D
:10A85000F8432DE90160A0E10612A0E3825D81E1E9
:10A8600028819FE528719FE5000050E30B12A0E3CB
:10A870000040A0E30200000A010050E33F00001A7C
:10A88000200000EA180291E5010C80E3180281E53E
:10A890000100A0E30200C8E52C6088E5004087E5E0
:10A8A000600087E500408DE5E8009FE5040000EAD0
:10A8B00000109DE5014280E700109DE5011081E256
:10A8C00000108DE500109DE50A0051E3F7FFFFBA87
:10A8D000C4209FE51010A0E34400A0E3FEFEFFEBC0
:10A8E000200088E51000A0E3A8FCFFEB0C4088E501
:10A8F000040098E50610A0E1E05EFFEB040087E5A8
:10A90000005087E51D0000EA180291E5020C80E383
:10A91000180281E5104087E50200A0E3600087E5AA
:10A9200000408DE574009FE5040000EA00109DE5FD
:10A93000014280E700109DE5011081E200108DE5E5
:10A9400000109DE50A0051E3F7FFFFBA50209FE594
:10A950001110A0E34100A0E3DFFEFFEB240088E537
:10A960001100A0E389FCFFEB104088E5080098E5A2
:10A970000610A0E1C15EFFEB140087E5105087E5EB
:10A980007F00A0E38DFFFFEB0000A0E3F883BDE8AC
:10A9900094050300001000B868A80400A8A90200EC
:10A9A00008A9040094AA020038402DE9CC009FE5D4
:10A9B0000000D0E5010050E31500000AC0509FE5FB
:10A9C000600095E5010010E31300000AB4409FE524
:10A9D000280094E5010080E2280084E5A8009FE5B6
:10A9E000001090E5011081E2001080E595F1FFEB89
:10A9F0000100A0E3600085E50000D4E5000050E31D
:10AA00000500000A0000A0E300008DE57C409FE502
:10AA1000160000EA0200A0E386F9FFEB3880BDE8EB
:10AA200000009DE5000294E7000050E30C00000ADE
:10AA300000009DE5002284E0081092E5011041E24B
:10AA4000081082E5000051E30500001A0C0092E5B1
:10AA500030FF2FE100009DE5000284E0041090E546
:10AA6000081080E500009DE5010080E200008DE512
:10AA700000009DE50A0050E3E8FFFFBA3880BDE81A
:10AA80007F010300001000B8940503008C00030050
:10AA900068A8040038402DE9AC109FE5600091E5FE
:10AAA000020010E32700000AA0009FE5102090E5B7
:10AAB000012082E2102080E50220A0E3602081E5F1
:10AAC000102090E50010A0E31F0272E30000003A9E
:10AAD000101080E50100D0E5000050E31900000AE5
:10AAE00000108DE568409FE5130000EA00009DE539
:10AAF000000294E7000050E30C00000A00009DE50E
:10AB0000002284E0081092E5011041E2081082E57D
:10AB1000000051E30500001A0C0092E530FF2FE120
:10AB200000009DE5000284E0041090E5081080E537
:10AB300000009DE5010080E200008DE500009DE53C
:10AB40000A0050E3E8FFFFBA3880BDE8001000B803
:10AB50009405030008A904001EFF2FE10F002DE952
:10AB600010402DE90C408DE2040000EA250050E37E
:10AB70000800000A011082E208108DE578A4FFEBBE
:10AB800008209DE50000D2E5000050E3F6FFFF1A23
:10AB900004409DE414F09DE4041094E4010082E27A
:10ABA0009D72FFEB08008DE5F4FFFFEAF0412DE90F
:10ABB0000060A0E1001096E50040D1E5015081E27F
:10ABC0000400A0E114B6FFEB000050E30700000A08
:10ABD0000170D5E40700A0E115B6FFEB000050E3DB
:10ABE0000D00000A040487E00048A0E12448A0E129
:10ABF000000054E30500000A2C109FE50400A0E1CA
:10AC00000FD2FFEB0040A0E1000054E30400000A73
:10AC10000400A0E1005086E5F081BDE80000E0E31B
:10AC2000F081BDE80000E0E3F081BDE8B50100007F
:10AC3000F0412DE90050A0E1284095E5006095E540
:10AC40000308A0E30600D0E10F00000A261EA0E1E1
:10AC5000000051E30500000A090051E30300000A67
:10AC60006B0F8FE2BBFFFFEBC800E0E3780084E5E9
:10AC7000030816E23500000A010850E34600000A06
:10AC8000020850E34C00001A430000EA0688A0E1E5
:10AC90002888A0E1240095E51000D0E58CD6FFEBD4
:10ACA000B272D4E10010A0E1070048E0010880E2A0
:10ACB0000008A0E12008A0E1D458FFEB0060A0E16B
:10ACC000080056E3040000BA0720A0E10810A0E144
:10ACD000550F8FE29FFFFFEB370000EAB001D5E18F
:10ACE0000008A0E1200EA0E10F0050E30800000AD8
:10ACF000000050E30D00000A090050E30B00000AB9
:10AD0000460F80E2000060E2061184E0540081E515
:10AD1000290000EA0810A0E14A0F8FE28DFFFFEB47
:10AD2000010CE0E3061184E0540081E5220000EA12
:10AD30000000A0E3061184E0540081E5B001D5E1F4
:10AD4000861084E03E0BC0E3B402C1E11A0000EAC1
:10AD5000020916E31800000A040095E5000050E31C
:10AD60000500000A201095E5010040E01C1094E564
:10AD7000010080E01C0084E50F0000EA0C0095E56E
:10AD8000201095E5010040E01C1094E5010080E0F2
:10AD9000010080E21C0084E5070000EA040095E55C
:10ADA000000050E31100000A201095E5010040E08A
:10ADB0001C1094E5010080E01C0084E5740094E51B
:10ADC000010040E2740084E5000050E30F00001A27
:10ADD0000100A0E31400C4E5841094E5000051E3F1
:10ADE0000A00000A0400A0E1F041BDE811FF2FE1D4
:10ADF0000C0095E5201095E5010040E01C1094E55D
:10AE0000010080E0010080E21C0084E5EAFFFFEA27
:10AE1000F081BDE85444206572726F722C20434368
:10AE2000203D20307825780A0000000049534F204B
:10AE3000696E76616C696420696E64657821212091
:10AE400025642C2025640A0049534F2046202564A0
:10AE5000204E2F41210A00000100A0E375F8FFEA0F
:10AE600010402DE920009FE50300D0E5020050E3EB
:10AE70000200001A0000A0E36EF8FFEBC9FEFFEB32
:10AE80001040BDE80000A0E36AF8FFEA7C0103007F
:10AE9000411040E2190051E30000008A200080E2E6
:10AEA0001EFF2FE1F05F2DE90040A0E30050A0E37A
:10AEB0000060A0E380939FE50200D9E50070A0E365
:10AEC000000050E30E00000A0180A0E3000089E2C8
:10AED0000180C0E50010A0E30210C0E55C139FE50F
:10AEE0002A20A0E30000A0E39071FFEB4C039FE554
:10AEF0000010D0E5407080E25A0051E31000000AD3
:10AF0000860000EA080099E540D6FFEB640050E3B4
:10AF10000A00009A28039FE5041280E0B070C1E1A6
:10AF2000011084E2FF4001E20A0054E3F9FFFF3A16
:10AF300010039FE5000090E5080089E50170C9E570
:10AF4000F09FBDE800139FE500E39FE50010D1E509
:10AF500032CEA0E31E9EA0E3000051E33A00000AB7
:10AF6000D8029FE5041180E00120D1E50200D1E57F
:10AF7000F03002E2030280E00310D1E50F2002E28C
:10AF8000021481E0C8229FE5020050E12900002A56
:10AF9000020051E12700002A00A0DEE500005AE38C
:10AFA0000C00001A00B8A0E14BB8A0E1052187E031
:10AFB000B0B0C2E10138A0E14338A0E1B230C2E153
:10AFC000320E5BE3000000DAB0C0C2E11E0E53E3B4
:10AFD000000000DAB090C2E101005AE31300001A49
:10AFE000322EA0E3920000E0A025A0E1050187E059
:10AFF000B020C0E1011261E08112A0E1A115A0E141
:10B00000B210C0E1320E52E3000000DAB0C0C0E17D
:10B010001E0E51E3000000DAB090C0E1F020D0E154
:10B02000322E62E2B020C0E11E1E61E2B210C0E129
:10B03000010085E2FF5000E2010084E2FF4000E2EF
:10B040000A0054E3C5FFFF3A340000EAEC019FE533
:10B05000041180E00120D1E50200D1E5F03002E2E8
:10B06000030280E00310D1E50F2002E2021481E028
:10B07000DC219FE5020050E12400002A020051E19A
:10B080002200002A00A0DEE501005AE30E00001AAB
:10B09000322EA0E3900202E0A2B5A0E1052187E0F4
:10B0A000B0B0C2E1013261E08332A0E1A335A0E19A
:10B0B000B230C2E1320E5BE3000000DAB0C0C2E1A0
:10B0C0001E0E53E3000000DAB090C2E100005AE324
:10B0D0000C00001A0028A0E14228A0E1050187E049
:10B0E000B020C0E10118A0E14118A0E1B210C0E118
:10B0F000320E52E3000000DAB0C0C0E11E0E51E390
:10B10000000000DAB090C0E1010085E2FF5000E2EB
:10B11000010084E2FF4000E20A0054E3CAFFFF3A64
:10B12000000055E385FFFF0A669EFFEB00A0A0E349
:10B130001F0000EA0040A0E304B19FE50A9187E008
:10B1400004028BE0B010D0E1000051E30A00000AD5
:10B15000F430D0E1F220D0E1F210D9E1F000D9E1F1
:10B16000D9A8FFEB000050E30300000A180486E1B1
:10B170000068A0E12668A0E1030000EA010084E283
:10B18000FF4000E20A0054E3ECFFFF3A0A0054E3F8
:10B190000500001AF210D9E1F000D9E1C0A6FFEBDA
:10B1A000180086E10068A0E12668A0E101008AE2BB
:10B1B000FFA000E205005AE1DDFFFF3A0000A0E336
:10B1C0007C309FE50040A0E3180016E10600001A5D
:10B1D000001283E0F020D1E1020052E30100000AF6
:10B1E000030052E30000001AB040C1E1010080E218
:10B1F000FF0000E20A0050E3F2FFFF3A339EFFEB4C
:10B2000034009FE50310D0E5000051E34BFFFF1A27
:10B210000380C0E50180C0E50040C0E57CAAFFEBEB
:10B2200020009FE5000090E528109FE5000081E5E3
:10B23000329EFFEBF05FBDE8469EFFEA640103002B
:10B24000645F0400645E0400BC0503007901030030
:10B2500040000300FF0F00008C01030010402DE9A7
:10B260000000A0E39C409FE5B011D4E1000051E351
:10B270002300001A90C09FE5002084E2D010DCE19A
:10B280000120D2E5013041E200108CE2B610D1E19C
:10B290000E0053E30500002A000051E30300001AEA
:10B2A000000052E30100001A0030CCE50100A0E3E9
:10B2B0000030DCE50F0053E30400001A000052E305
:10B2C0000200001A000051E30000001A0100A0E390
:10B2D000000050E30800000A0100A0E30100C4E5FB
:10B2E0000010A0E30610C4E50700C4E5B400DCE1EB
:10B2F000B600CCE1F39DFFEBD6FEFFEB1040BDE8BE
:10B300009AF6FFEA1080BDE8E6010300686C0400CD
:10B3100070402DE96C409FE50700D4E5000050E344
:10B320000A00001A60509FE5B600D5E1000050E326
:10B330000600000A080095E534D5FFEBB610D5E10C
:10B34000010050E10100009A0000A0E3B600C5E151
:10B350000200D4E5010050E30400001A0600D4E521
:10B36000000050E30100000A010040E20600C4E5CD
:10B37000B001D4E1000050E30100000A010040E206
:10B38000B001C4E17080BDE8E6010300686C040010
:10B390001C402DE92E43A0E31C0094E5FF0000E2D1
:10B3A00004008DE504009DE5020010E30100000AA1
:10B3B0000000A0E393A5FFEB04009DE5110010E35E
:10B3C0000100000A0000A0E3D6A4FFEB04009DE505
:10B3D000040010E30700000A180094E500008DE562
:10B3E00000009DE5400010E30200000A08109FE500
:10B3F0000100A0E30000C1E51C80BDE85407030084
:10B400003E402DE90000A0E300008DE504008DE53D
:10B4100008008DE57C509FE50000D5E5010050E374
:10B420001B00001A70409FE50820A0E3000094E58F
:10B43000121080E20D00A0E14056FFEB0D10A0E1DC
:10B4400058008FE2C4FDFFEB000094E50820A0E364
:10B45000241080E20D00A0E13856FFEB0D10A0E1B2
:10B4600050008FE2BCFDFFEB000094E50820A0E354
:10B470001B1080E20D00A0E13056FFEB0D10A0E1A3
:10B4800048008FE2B4FDFFEB081095E554008FE211
:10B49000B1FDFFEB3E80BDE830030300C0010300B7
:10B4A0004C43442056455253494F4E2020203D20C6
:10B4B0002538730A00000000424D50205645525373
:10B4C000494F4E2020203D202538730A00000000FF
:10B4D0004D41494E2056455253494F4E20203D2064
:10B4E0002538730A000000004E414E442043686531
:10B4F000636873756D203D203078253038580A0018
:10B500007F402DE9E0009FE5000090E5FF0000E2AC
:10B510000C008DE5D4009FE5000090E500008DE56E
:10B520000C009DE5020010E30100000A0A00A0E300
:10B5300034A5FFEB00009DE5030050E31C00000A6A
:10B5400000009DE5010050E31C00000A0C009DE591
:10B55000110010E30100000A0A00A0E371A4FFEB50
:10B560000C009DE588409FE5080010E30150A0E332
:10B570000400000A1500D4E5000050E31200000AA0
:10B580000A00A0E357A2FFEB0C009DE5040010E3C6
:10B590000600000A5C009FE5000090E508008DE5CC
:10B5A00008009DE5400010E30000000A0A50C4E5D1
:10B5B0007F80BDE80A00A0E35991FFEB7F80BDE8E2
:10B5C0000A00A0E3B078FFEB7F80BDE828009FE58C
:10B5D000000090E504008DE504009DE5010010E306
:10B5E000E8FFFF0A1450C4E5E6FFFFEA1C0A00B8B2
:10B5F000300A00B854070300180A00B8140A00B84B
:10B600007F402DE92E43A0E31C0194E5FF0000E2FA
:10B610000C008DE5300194E500008DE50C009DE502
:10B62000020010E30100000A0100A0E3F5A4FFEB13
:10B6300000009DE5030050E31B00000A00009DE5AB
:10B64000010050E31B00000A0C009DE5110010E30F
:10B650000100000A0100A0E332A4FFEB0C009DE50D
:10B6600078509FE5080010E30160A0E30400000AA1
:10B670001500D5E5000050E31100000A0100A0E329
:10B6800018A2FFEB0C009DE5040010E30500000A82
:10B69000180194E508008DE508009DE5400010E3E1
:10B6A0000000000A0160C5E57F80BDE80100A0E35D
:10B6B0001B91FFEB7F80BDE80100A0E37278FFEBF8
:10B6C0007F80BDE8140194E504008DE504009DE54C
:10B6D000010010E3EAFFFF0A0B60C5E5E8FFFFEA9F
:10B6E000540703007F402DE92E43A0E31C0294E59C
:10B6F000FF0000E20C008DE5300294E500008DE5CE
:10B700000C009DE5020010E30100000A0200A0E326
:10B71000BCA4FFEB00009DE5030050E32400000AF9
:10B7200000009DE5010050E32400000A0C009DE5A7
:10B73000110010E30100000A0200A0E3F9A3FFEBEF
:10B740000C009DE59C509FE5040010E30160A0E320
:10B750000500000A180294E508008DE508009DE543
:10B76000400010E30000000A0260C5E50C009DE502
:10B77000080010E30400000A1500D5E5000050E3BE
:10B780001100000A0200A0E3D6A1FFEB0C009DE52A
:10B79000040010E30500000A180294E508008DE596
:10B7A00008009DE5400010E30000000A0260C5E5C6
:10B7B0007F80BDE80200A0E3D990FFEB7F80BDE869
:10B7C0000200A0E33078FFEB7F80BDE8140294E52F
:10B7D00004008DE504009DE5010010E3EAFFFF0A87
:10B7E0000C60C5E5E8FFFFEA5407030070402DE94F
:10B7F0000030A0E1FC409FE50120A0E30218A0E397
:10B800000400A0E1BC90FFEB6D5F84E20020A0E3A8
:10B810000218A0E30500A0E1B790FFEB0020A0E331
:10B820000218A0E30400A0E1B390FFEB0120A0E325
:10B830000218A0E30500A0E1AF90FFEB2C4084E2EA
:10B840000020A0E3FF1CA0E30400A0E1AA90FFEB0E
:10B850000120A0E3991CA0E30400A0E1A690FFEB67
:10B8600094009FE594409FE5000084E5043084E562
:10B870000100A0E30800C4E50300A0E30900C4E55B
:10B880000000A0E30A00C4E50B00C4E50C00C4E519
:10B89000000084E26C0300EB000050E30100000AAA
:10B8A0005C008FE2ABFCFFEB0120A0E30800D4E5D5
:10B8B0000030A0E30210A0E1F60100EB000050E32D
:10B8C0000100000A58008FE2A2FCFFEB0800D4E55B
:10B8D0000030A0E30120A0E30210A0E3ED0100EBA3
:10B8E000000050E30200000A7040BDE864008FE2EF
:10B8F00098FCFFEA7080BDE8640000B0001BB70050
:10B90000E0350400EFBFBDEFBFBDEFBFBDDAB4EF60
:10B91000BFBDCAA7EFBFBDEFBFBD3131353230303B
:10B92000210A0000EFBFBDEFBFBDEFBFBDC3B7EF42
:10B93000BFBDEFBFBDEFBFBDEFBFBDD0B6EFBFBD59
:10B94000C4A3CABDCAA7EFBFBDEFBFBD31313532F9
:10B950003030210A00000000EFBFBDEFBFBDEFBFD8
:10B96000BDC3BDEFBFBDEFBFBDEFBFBDEFBFBDD01E
:10B97000B6EFBFBDC4A3CABDCAA7EFBFBDEFBFBD71
:10B98000313135323030210A0000000010402DE9FD
:10B990000120A0E10010A0E10100A0E3590300EBA9
:10B9A00008109FE50100A0E30000C1E51080BDE89C
:10B9B0004C0003007F402DE92E43A0E31C0394E5D7
:10B9C000FF0000E20C008DE5300394E500008DE5FA
:10B9D0000C009DE5020010E30100000A0300A0E353
:10B9E00008A4FFEB00009DE5030050E31B00000AE4
:10B9F00000009DE5010050E31B00000A0C009DE5DE
:10BA0000110010E30100000A0300A0E345A3FFEBCF
:10BA10000C009DE578509FE5080010E30160A0E36D
:10BA20000400000A1500D5E5000050E31100000AEB
:10BA30000300A0E32BA1FFEB0C009DE5040010E345
:10BA40000500000A180394E508008DE508009DE54F
:10BA5000400010E30000000A0360C5E57F80BDE8F8
:10BA60000300A0E32E90FFEB7F80BDE80300A0E37E
:10BA70008577FFEB7F80BDE8140394E504008DE536
:10BA800004009DE5010010E3EAFFFF0A0D60C5E533
:10BA9000E8FFFFEA540703007F402DE9E0009FE53F
:10BAA000000090E5FF0000E20C008DE5D4009FE56A
:10BAB000000090E500008DE50C009DE5020010E31C
:10BAC0000100000A0400A0E3CEA3FFEB00009DE507
:10BAD000030050E31C00000A00009DE5010050E354
:10BAE0001C00000A0C009DE5110010E30100000A93
:10BAF0000400A0E30BA3FFEB0C009DE588409FE54D
:10BB0000080010E30150A0E30400000A1500D4E58A
:10BB1000000050E31200000A0400A0E3F1A0FFEBD4
:10BB20000C009DE5040010E30600000A5C009FE5A0
:10BB3000000090E508008DE508009DE5400010E359
:10BB40000000000A0450C4E57F80BDE80400A0E3C3
:10BB5000F38FFFEB7F80BDE80400A0E34A77FFEBA3
:10BB60007F80BDE828009FE5000090E504008DE59A
:10BB700004009DE5010010E3E8FFFF0A0E50C4E554
:10BB8000E6FFFFEA1C0400B8300400B854070300C5
:10BB9000180400B8140400B87F402DE9E0009FE5C8
:10BBA000000090E5FF0000E20C008DE5D4009FE569
:10BBB000000090E500008DE50C009DE5020010E31B
:10BBC0000100000A0500A0E38EA3FFEB00009DE545
:10BBD000030050E31C00000A00009DE5010050E353
:10BBE0001C00000A0C009DE5110010E30100000A92
:10BBF0000500A0E3CBA2FFEB0C009DE588409FE58C
:10BC0000080010E30150A0E30400000A1500D4E589
:10BC1000000050E31200000A0500A0E3B1A0FFEB12
:10BC20000C009DE5040010E30600000A5C009FE59F
:10BC3000000090E508008DE508009DE5400010E358
:10BC40000000000A0550C4E57F80BDE80500A0E3C0
:10BC5000B38FFFEB7F80BDE80500A0E30A77FFEB21
:10BC60007F80BDE828009FE5000090E504008DE599
:10BC700004009DE5010010E3E8FFFF0A0F50C4E552
:10BC8000E6FFFFEA1C0500B8300500B854070300C2
:10BC9000180500B8140500B87F402DE9E0009FE5C5
:10BCA000000090E5FF0000E20C008DE5D4009FE568
:10BCB000000090E500008DE50C009DE5020010E31A
:10BCC0000100000A0600A0E34EA3FFEB00009DE583
:10BCD000030050E31C00000A00009DE5010050E352
:10BCE0001C00000A0C009DE5110010E30100000A91
:10BCF0000600A0E38BA2FFEB0C009DE588409FE5CA
:10BD0000080010E30150A0E30400000A1500D4E588
:10BD1000000050E31200000A0600A0E371A0FFEB50
:10BD20000C009DE5040010E30600000A5C009FE59E
:10BD3000000090E508008DE508009DE5400010E357
:10BD40000000000A0650C4E57F80BDE80600A0E3BD
:10BD5000738FFFEB7F80BDE80600A0E3CA76FFEBA0
:10BD60007F80BDE828009FE5000090E504008DE598
:10BD700004009DE5010010E3E8FFFF0A1050C4E550
:10BD8000E6FFFFEA1C0600B8300600B854070300BF
:10BD9000180600B8140600B87F402DE9E0009FE5C2
:10BDA000000090E5FF0000E20C008DE5D4009FE567
:10BDB000000090E500008DE50C009DE5020010E319
:10BDC0000100000A0700A0E30EA3FFEB00009DE5C1
:10BDD000030050E31C00000A00009DE5010050E351
:10BDE0001C00000A0C009DE5110010E30100000A90
:10BDF0000700A0E34BA2FFEB0C009DE588409FE508
:10BE0000080010E30150A0E30400000A1500D4E587
:10BE1000000050E31200000A0700A0E331A0FFEB8E
:10BE20000C009DE5040010E30600000A5C009FE59D
:10BE3000000090E508008DE508009DE5400010E356
:10BE40000000000A0750C4E57F80BDE80700A0E3BA
:10BE5000338FFFEB7F80BDE80700A0E38A76FFEB1E
:10BE60007F80BDE828009FE5000090E504008DE597
:10BE700004009DE5010010E3E8FFFF0A1150C4E54E
:10BE8000E6FFFFEA1C0700B8300700B854070300BC
:10BE9000180700B8140700B87F402DE9E0009FE5BF
:10BEA000000090E5FF0000E20C008DE5D4009FE566
:10BEB000000090E500008DE50C009DE5020010E318
:10BEC0000100000A0800A0E3CEA2FFEB00009DE500
:10BED000030050E31C00000A00009DE5010050E350
:10BEE0001C00000A0C009DE5110010E30100000A8F
:10BEF0000800A0E30BA2FFEB0C009DE588409FE546
:10BF0000080010E30150A0E30400000A1500D4E586
:10BF1000000050E31200000A0800A0E3F19FFFEBCD
:10BF20000C009DE5040010E30600000A5C009FE59C
:10BF3000000090E508008DE508009DE5400010E355
:10BF40000000000A0850C4E57F80BDE80800A0E3B7
:10BF5000F38EFFEB7F80BDE80800A0E34A76FFEB9D
:10BF60007F80BDE828009FE5000090E504008DE596
:10BF700004009DE5010010E3E8FFFF0A1250C4E54C
:10BF8000E6FFFFEA1C0800B8300800B854070300B9
:10BF9000180800B8140800B87F402DE9E0009FE5BC
:10BFA000000090E5FF0000E20C008DE5D4009FE565
:10BFB000000090E500008DE50C009DE5020010E317
:10BFC0000100000A0900A0E38EA2FFEB00009DE53E
:10BFD000030050E31C00000A00009DE5010050E34F
:10BFE0001C00000A0C009DE5110010E30100000A8E
:10BFF0000900A0E3CBA1FFEB0C009DE588409FE585
:10C00000080010E30150A0E30400000A1500D4E585
:10C01000000050E31200000A0900A0E3B19FFFEB0B
:10C020000C009DE5040010E30600000A5C009FE59B
:10C03000000090E508008DE508009DE5400010E354
:10C040000000000A0950C4E57F80BDE80900A0E3B4
:10C05000B38EFFEB7F80BDE80900A0E30A76FFEB1B
:10C060007F80BDE828009FE5000090E504008DE595
:10C0700004009DE5010010E3E8FFFF0A1350C4E54A
:10C08000E6FFFFEA1C0900B8300900B854070300B6
:10C09000180900B8140900B8F0472DE900C0A0E164
:10C0A0000190A0E10200A0E10310A0E10C34A0E1A6
:10C0B0000B005CE30100003A78059FE5F087BDE8DE
:10C0C0008C208CE08C4182E06C259FE5044182E06D
:10C0D0001E20D4E564859FE5000052E30500001AA8
:10C0E000080059E30300000A070059E30100000AB1
:10C0F0000800A0E1F087BDE844559FE50C64A0E18D
:10C10000200059E30070A0E30120A0E30BA0E0E3CE
:10C110002E6386E209F18F30440100EA430100EA10
:10C120001D0000EA270000EA370000EA3A0000EAB2
:10C130003E0100EA3E0000EA460000EA490000EA4B
:10C140003A0100EA390100EA380100EAA50000EAF4
:10C15000B00000EABC0000EA530000EA930000EAE5
:10C16000430000EAE70000EAF90000EA2F0100EAD4
:10C170002E0100EA2D0100EA2C0100EAFB0000EA92
:10C18000FD0000EAFF0000EA060100EA120100EAF1
:10C19000190100EA1A0100EA1C0100EA010050E35B
:10C1A0000400000A000050E30400000A28A084E50F
:10C1B0000800A0E1F087BDE81C20C4E5190100EAF1
:10C1C0001C70C4E5170100EA010050E30400000AF6
:10C1D000000050E30700000A28A084E50800A0E161
:10C1E000F087BDE81D20C4E50110A0E30C00A0E12C
:10C1F0001BA0FFEB0B0100EA1D70C4E50110A0E3DA
:10C200000C00A0E10BA0FFEB060100EA2C20A0E34C
:10C210000410A0E1C952FFEB020100EA7A9FFFEB94
:10C22000000050E3FF0000AA280084E50800A0E118
:10C23000F087BDE80120A0E10010A0E10C00A0E122
:10C24000E2A0FFEB000050E3F60000AA280084E51E
:10C250000800A0E1F087BDE8F047BDE80010A0E1CC
:10C260000C00A0E104A0FFEA281094E5001080E58E
:10C27000EC0000EA000050E30300000A010050E374
:10C280000500000A0800A0E1F087BDE80810A0E35F
:10C290000C00A0E1F29FFFEBE20000EA0810A0E32F
:10C2A0000C00A0E1E39FFFEBDE0000EA01005CE38D
:10C2B0001200000A02005CE31400000A03005CE3C1
:10C2C0001600000A04005CE31800000A05005CE3A5
:10C2D0001A00000A06005CE31C00000A07005CE389
:10C2E0001E00000A08005CE32000000A09005CE36D
:10C2F0002200000A0A005CE32400000A260000EA8B
:10C300000B20D5E5002080E50B70C5E5220000EA92
:10C310000C20D5E5002080E50C70C5E51E0000EA84
:10C320000D20D5E5002080E50D70C5E51A0000EA76
:10C330000E20D5E5002080E50E70C5E5160000EA68
:10C340000F20D5E5002080E50F70C5E5120000EA5A
:10C350001020D5E5002080E51070C5E50E0000EA4C
:10C360001120D5E5002080E51170C5E50A0000EA3E
:10C370001220D5E5002080E51270C5E5060000EA30
:10C380001320D5E5002080E51370C5E5020000EA22
:10C390001420D5E5002080E51470C5E5140096E56D
:10C3A000100000E22002A0E1000081E59D0000EA0B
:10C3B000010050E30300000A000050E30500000AFA
:10C3C0000800A0E1F087BDE8100096E50200C0E398
:10C3D000100086E5930000EA100096E5020080E375
:10C3E000100086E58F0000EA010050E30300000A18
:10C3F000000050E30400000A0800A0E1F087BDE857
:10C400000C00A0E1969FFFEB860000EA0C00A0E183
:10C41000889FFFEB830000EA0C1096E5010050E3D3
:10C420000300000A000050E30400000A0800A0E135
:10C43000F087BDE8400081E30C0086E5790000EA62
:10C440004000C1E30C0086E5760000EA0B005CE3E7
:10C450000CF18F30730000EA090000EA0B0000EADB
:10C460000D0000EA0F0000EA110000EA130000EAE4
:10C47000150000EA170000EA190000EA1B0000EAB4
:10C480001D0000EA0010D5E5001080E5650000EA17
:10C490000110D5E5001080E5620000EA0210D5E544
:10C4A000001080E55F0000EA0310D5E5001080E58C
:10C4B0005C0000EA0410D5E5001080E5590000EAB0
:10C4C0000510D5E5001080E5560000EA0610D5E518
:10C4D000001080E5530000EA0710D5E5001080E564
:10C4E000500000EA0810D5E5001080E54D0000EA94
:10C4F0000910D5E5001080E54A0000EA0A10D5E5EC
:10C50000001080E5470000EA1500D5E5020050E381
:10C510000D00000A1520C5E50110A0E30C00A0E104
:10C520004F9FFFEB100096E5020C80E3100086E5BC
:10C53000140096E5010C80E3140086E5040096E5FE
:10C54000030A80E3040086E5360000EA0800A0E163
:10C55000F087BDE80810A0E30C00A0E1359FFFEBD9
:10C560001570C5E51670C5E51770C5E52D0000EA24
:10C57000047084E5007084E52A0000EA0C7084E50C
:10C58000087084E5270000EA0320A0E3302086E558
:10C59000107086E53B20A0E30C2086E5010C80E1CD
:10C5A0002C0086E51F0000EA2E1383E2182091E597
:10C5B000010212E3FCFFFF0A0C2091E52B30A0E3FF
:10C5C0000C3081E5000081E5180091E5010210E3DF
:10C5D000FCFFFF0A0C2081E5120000EA081096E536
:10C5E000010050E30200000A010CC1E3080086E5E7
:10C5F0000C0000EA010C81E3FBFFFFEA2C0086E55A
:10C60000080000EA2C1096E5001080E5050000EA1D
:10C61000302086E52C2096E5CF20C2E3010080E1A2
:10C62000020080E12C0086E50000A0E3F087BDE871
:10C6300010009FE5F087BDE80217FFFF0C0109001D
:10C640000317FFFF540703000117FFFF10402DE9F8
:10C650000040A0E16C9EFFEB48209FE5001050E2F7
:10C66000080000AA050071E30400000A0800D4E5F0
:10C67000803080E0800183E0000182E0281080E5C6
:10C6800024009FE51080BDE80800D4E50010A0E379
:10C69000803080E0800183E0000182E0281080E5A6
:10C6A0000000A0E31080BDE80C0109000317FFFFA4
:10C6B00044C09FE5803080E0803183E003318CE02E
:10C6C0001E30D3E534C09FE5000053E30600000AA6
:10C6D0002C309FE5003193E7020053E10400003A5B
:10C6E000000052E30200000AD99FFFEA0C00A0E11B
:10C6F0001EFF2FE10C00A0E11EFF2FE10C0109003D
:10C700000317FFFF98070300F0412DE90050A0E157
:10C710000180A0E10260A0E194109FE5850085E022
:10C72000850180E0004181E00000A0E3280084E56D
:10C730001E00D4E57C709FE5000050E30700000A6E
:10C74000780056E30700008A000056E30500000A5F
:10C750001C00D4E5010050E30400000A0A0000EACE
:10C760000700A0E1F081BDE80700A0E1F081BDE88D
:10C77000042094E5001094E50630A0E10500A0E156
:10C78000FD9DFFEB000050E30500000A0620A0E13C
:10C790000810A0E10500A0E1D0A0FFEB0600A0E199
:10C7A000F081BDE80A00E0E3280084E50700A0E18D
:10C7B000F081BDE80C0109000317FFFFF14F2DE9DF
:10C7C00008D04DE208409DE50000A0E304008DE59F
:10C7D0006960E0E30090A0E36B0000EA1190C4E51B
:10C7E000147084E20050A0E3E4819FE50400A0E11E
:10C7F0002DE3FFEB0060A0E10600B0E10400000AB9
:10C800000800A0E169BEFFEB015085E2030055E39B
:10C81000F5FFFFBA0050A0E30400A0E1E9E3FFEB5D
:10C82000000050E30900000A0400A0E19EE3FFEBD2
:10C83000000050E30500000A0800A0E15BBEFFEB2A
:10C84000015085E2030055E3F2FFFFBA4D0000EA14
:10C850000080A0E3890EA0E120ACA0E144B084E216
:10C860002010A0E30700A0E19651FFEB8000A0E3B9
:10C870000C00C7E50A00A0E30E00C7E52500A0E311
:10C880000F00C7E510A0C7E502518BE36400A0E3E9
:10C8900000008DE50130A0E30820A0E30510A0E131
:10C8A0000400A0E1CAF0FFEB0060A0E10600B0E1E7
:10C8B0000600005A470F76E30100001A0400A0E1C9
:10C8C000A3E3FFEB018088E2030058E3E3FFFFBA34
:10C8D000030058E32B0000AA0000D5E50110D5E5C0
:10C8E000000CA0E1010880E10210D5E5010480E11F
:10C8F0000310D5E5010080E1680084E50400D5E57A
:10C900000510D5E5000CA0E1010880E10610D5E591
:10C91000010480E10710D5E5010080E16C0084E5A9
:10C92000A5CAFFEB740084E5000050E3010000AAF3
:10C930000960E0E3180000EA0400A0E1F4E2FFEB84
:10C940007400D4E58C109FE5300080E20000C1E562
:10C950000120A0E3780084E20EC7FFEB0100A0E312
:10C9600004008DE5AE0FA0E3700000EB0040A0E1F5
:10C97000000054E31200000A08109DE5AE2FA0E36A
:10C980000400A0E12251FFEB019089E208009DE53F
:10C990001000D0E5090050E18FFFFFAA04009DE5DB
:10C9A000000050E30800000A000054E30200000AFF
:10C9B000AE1FA0E30400A0E13D0100EB0000A0E3F6
:10C9C000FE8FBDE80960E0E3F3FFFFEA0600A0E1A7
:10C9D000FE8FBDE8A0860100B408030070402DE979
:10C9E00038609FE530409FE50000D6E530509FE578
:10C9F000001194E7FA0FE0E3000041E00520A0E118
:10CA0000CE50FFEB0000D6E50520A0E1001194E731
:10CA1000850081E07040BDE8C850FFEAE00D0300EA
:10CA20003F030300E90300000B02A0E3941090E52C
:10CA3000FF14C1E3941080E508109FE50000A0E317
:10CA40000000C1E51EFF2FE1C400030070402DE986
:10CA50000040A0E320509FE5000095E5010050E371
:10CA60000400000A050000EB010084E2FF4000E240
:10CA7000050054E3F7FFFF3A7080BDE8300803007B
:10CA800070402DE990309FE50000D3E5000050E3B1
:10CA90002000001A0100A0E30000C3E57C009FE530
:10CAA0000020A0E30117A0E3138CFFEB0B02A0E32F
:10CAB000101290E5011781E3101280E5941090E5C3
:10CAC000FF14C1E3771481E3941080E550009FE5E3
:10CAD000020180E30C0083E5500000EB850300EBCE
:10CAE0000040A0E33C609FE53C509FE5DC0200EB8A
:10CAF000000096E5010050E30200000A014084E2D4
:10CB0000050054E1F8FFFF3A050054E10100003A46
:10CB10007040BDE8C3FFFFEA7080BDE8C4000300B9
:10CB2000100200B0E035030030080300B80B00002D
:10CB300070402DE90050A0E11010A0E30500A0E135
:10CB4000D198FFEB0040A0E1000054E30600000A8A
:10CB50000510A0E10400A0E1CA50FFEB0500A0E130
:10CB60004DE0FFEB0400A0E17080BDE80510A0E1FE
:10CB700008008FE2F7F7FFEB0000A0E37080BDE84C
:10CB8000757362685F616C6C6F635F6D656D206665
:10CB900061696C6564212025640A0000001090E53D
:10CBA0002C1091E5141091E511FF2FE130402DE993
:10CBB0001CD04DE20050A0E10140A0E10410A0E132
:10CBC0003C008FE2E3F7FFEB0020A0E36430A0E33A
:10CBD00010308DE518C08DE20230A0E104208DE513
:10CBE00008208DE50120A0E30210A0E30500A0E1EC
:10CBF0000CC08DE500408DE5430000EB1CD08DE2BC
:10CC00003080BDE8436C65617220656E64706F6949
:10CC10006E7420307825782068616C742E0A0000CC
:10CC200010402DE91700A0E3BBF3FFEB1800A0E3D1
:10CC3000B9F3FFEB98009FE598409FE5000084E57D
:10CC4000020A40E2040084E58C109FE52020A0E366
:10CC500088008FE2BFF7FFEB7C009FE52010A0E388
:10CC60009850FFEB0000A0E3080084E50C0084E589
:10CC70000C0100EB040094E5161EA0E3C41080E54F
:10CC8000521EA0E3C81080E5190100EB000094E5F6
:10CC9000041290E50810C1E3041280E560209FE5CE
:10CCA0001810A0E34100A0E30BF6FFEB54009FE552
:10CCB000000090E530FF2FE11800A0E3B3F3FFEB95
:10CCC0000800A0E3DDF3FFEB1040BDE87F00A0E328
:10CCD000BAF6FFEA007000B0A4080300800F0A0053
:10CCE0005F647269766572733D25582C73697A6545
:10CCF0006F66285F64726976657273293D25580DE9
:10CD00000A000000D0D2000064080300FF5F2DE994
:10CD100048509DE544809DE53C909DE50060A0E184
:10CD200001A0A0E102B0A0E10070A0E3007088E5DE
:10CD30000600A0E18DA0FFEB0040A0E10400B0E1FF
:10CD40001700000A04A0C4E505B0C4E50C009DE589
:10CD5000B600C4E138009DE5B800C4E1BA90C4E172
:10CD600040009DE5100084E5189084E51470C4E54A
:10CD70002C0096E5101090E50400A0E131FF2FE1B2
:10CD80000090A0E1000059E3070000AA287086E5A2
:10CD90000400A0E1DDCBFFEB0900A0E110D08DE2A3
:10CDA000F09FBDE80900E0E3FBFFFFEA95CEFFEB53
:10CDB0000090A0E10A0000EA0900A0E193CEFFEB99
:10CDC000050050E10600009A0400A0E1560200EBC5
:10CDD0000400A0E1CDCBFFEB287086E5CA00E0E3BC
:10CDE000EDFFFFEA1400D4E5000050E3F1FFFF0A75
:10CDF000785094E5000055E30100001A1C0094E50A
:10CE0000000088E50400A0E1C0CBFFEB0500A0E135
:10CE1000E1FFFFEAF0412DE90080A0E10170A0E10F
:10CE20000050A0E30040A0E37C609FE5840296E709
:10CE3000000050E30500000A840286E00C0080E256
:10CE40000810A0E13450FFEB000050E30700000A97
:10CE5000014084E2080054E3F3FFFFBA000055E309
:10CE60000400000A44009FE5000090E50A0000EA83
:10CE7000845286E0F8FFFFEA0000A0E3F081BDE8FD
:10CE8000141090E5050051E10200001A1810D0E5D9
:10CE9000070051E1F8FFFF0A340090E5000050E37D
:10CEA000F6FFFF1A0000A0E3F081BDE824030900AB
:10CEB0005408030010402DE90140A0E16997FFEB01
:10CEC000000064E21040BDE873DFFFEAF0472DE99F
:10CED00018D04DE20090A0E10140A0E10280A0E165
:10CEE00004A0A0E114608DE20900A0E351008DE9E7
:10CEF000C850A0E30070A0E3023CA0E30620A0E33A
:10CF00008010A0E30900A0E110508DE500708DE5D0
:10CF10007DFFFFEB000050E3080000BA0300DAE5F4
:10CF20000210DAE5001481E1080051E1050000DAA1
:10CF30000820A0E148008FE206F7FFEB7A0F45E2F8
:10CF400018D08DE2F087BDE814108DE50108A0E14E
:10CF50002008A0E151008DE9023CA0E30620A0E3F7
:10CF60008010A0E30900A0E110508DE500708DE570
:10CF700065FFFFEB000050E3F0FFFFBA0000A0E305
:10CF8000EEFFFFEA44657669636520636F6E66694C
:10CF90006775726174696F6E202564206C656E67B9
:10CFA0007468203E202564210A000000F04F2DE91E
:10CFB0001CD04DE200B0A0E10170A0E11460A0E33C
:10CFC0000040A0E30080A0E318908DE212A0A0E34F
:10CFD00010608DE508708DE50C908DE500058DE8FD
:10CFE000013CA0E30620A0E38010A0E30B00A0E139
:10CFF00045FFFFEB0050A0E1000055E30800000AE8
:10D000000510A0E120008FE2D2F6FFEB014084E2A0
:10D01000030054E3EDFFFFBA0500A0E11CD08DE250
:10D02000F08FBDE80000A0E3FBFFFFEA4765742036
:10D030006465766963652064657363726970746F93
:10D0400072206661696C6564202D2025642C207235
:10D0500065747279210A000010402DE918D04DE264
:10D06000C8C0A0E314408DE208E08DE214108EE801
:10D070000338A0E128209FE52338A0E10118A0E1B2
:10D080002118A0E104308DE5033C81E300208DE50B
:10D090000620A0E38010A0E31BFFFFEB18D08DE279
:10D0A0001080BDE80904000010402DE910009FE544
:10D0B000011CA0E3834FFFEB1040BDE804009FE597
:10D0C000A80100EA240309003408030010402DE9F8
:10D0D0000040A0E10800A0E3D8F2FFEB000094E5D7
:10D0E0002C0090E5181090E50400A0E11040BDE888
:10D0F00011FF2FE110402DE90000A0E358209FE52B
:10D100000010A0E3213B42E202C983E20010C2E723
:10D11000804383E0024184E300418CE7010080E228
:10D12000010C50E3F8FFFFBA30409FE5041084E59E
:10D13000081084E50C1084E5001084E5101084E5E7
:10D140001C009FE58010A0E35E4FFFEB0100A0E311
:10D15000140084E51040BDE8B496FFEA008C090095
:10D1600044080300008D090010402DE918409FE598
:10D17000043094E50C1094E5012CA0E30C008FE240
:10D1800074F6FFEB040094E51080BDE8440803004A
:10D1900055534220737461746963206D656D6F72BD
:10D1A000793A2025642F25642C20686561702075EC
:10D1B0007365643A2025640A00000000F0412DE9FF
:10D1C0000080A0E10170A0E10300D7E50220D7E5CF
:10D1D000002482E10000D7E5015080E0004042E0F9
:10D1E0000060A0E31D0000EA0010D5E5040051E155
:10D1F000010000CA020051E30300002A8C008FE204
:10D2000054F6FFEB8800E0E3F081BDE80100D5E5CE
:10D21000040050E30800000A0120A0E10010A0E192
:10D2200084008FE24BF6FFEB0000D5E5005085E06F
:10D23000004044E0020054E3EAFFFF2A0420A0E19A
:10D240000510A0E10800A0E15D0000EB000050E344
:10D25000ECFFFFBA005085E0004044E0016086E248
:10D260000400D7E5060050E1F1FFFFCA000054E3D7
:10D27000040000DA0410A0E148008FE235F6FFEB6D
:10D280008800E0E3F081BDE80400A0E1F081BDE8A2
:10D290004552522044455343524950544F52204323
:10D2A0004F4E464947205B25645D0A0069676E6FF3
:10D2B00072652064657363726970746F7220307870
:10D2C00025582025640A0000455252204445534306
:10D2D000524950544F5220434F4E464947204C45E7
:10D2E0004E2025640A00000070402DE90240A0E1B4
:10D2F0000050A0E3110000EA0420A0E100C0D2E544
:10D3000003005CE1010000CA02005CE30500002AA2
:10D310000110D2E50C20A0E180008FE20DF6FFEBBA
:10D320008800E0E37080BDE80160D2E5050056E3C7
:10D330000400000A0C4084E00C5085E00C3043E00F
:10D34000000053E3EBFFFFCA0230D2E5811081E019
:10D35000010180E00430C0E50310D2E50510C0E50E
:10D360000610D2E50610C0E50510D2E50430D2E57E
:10D37000011483E13E3BC1E38119A0E101C0A0E3B8
:10D38000211F8CE0830161E1B810C0E10010A0E32F
:10D390000C1080E50000D2E5050080E07080BDE85B
:10D3A0004552522044455343524950544F52204510
:10D3B00050204C454E205B307825582025645D0A6E
:10D3C00000000000F74F2DE90160A0E10240A0E15C
:10D3D0000070A0E348029FE5D4FDFFEB0050A0E100
:10D3E0000500B0E10600000A00009DE5000085E5AB
:10D3F0000C0085E2080085E50200D6E50400C5E5DD
:10D400005A0000EA0900E0E3FE8FBDE80690A0E1C3
:10D410000100D9E50960A0E1040050E30400000A1E
:10D420000000D9E5006086E0007087E0004044E03D
:10D430004E0000EA0200D9E50410D5E5010050E1F4
:10D440004C00001A0400D9E5080050E30400009ADB
:10D450000410D9E5730F8FE2BEF5FFEB0E80E0E319
:10D460006A0000EA0000D9E5006086E0007087E00D
:10D47000004044E00510D5E50C0051E31700003AE8
:10D480000A80E0E3610000EA06A0A0E10020DAE5FE
:10D490000A60A0E1040052E1010000CA020052E368
:10D4A0000400002A0110DAE5630F8FE2A9F5FFEB13
:10D4B0008880E0E3550000EA0100DAE5020050E36D
:10D4C0002C00000A040050E30600000A050050E3A7
:10D4D0000400000A026086E0027087E0024044E037
:10D4E000000054E3E7FFFFCA810181E0010280E010
:10D4F000000185E00C9080E50500D5E5010080E2A3
:10D500000500C5E5000054E31A00000A0100DAE551
:10D51000040050E31500000A00B0A0E3100000EA88
:10D520000500D5E50430A0E10620A0E1010040E2BD
:10D53000801180E0000281E0000185E00C0080E2C3
:10D540000B10A0E167FFFFEB0080A0E1000058E3B3
:10D550002E0000BA086086E0087087E0084044E0CA
:10D5600001B08BE20400D9E50B0050E1EBFFFFCAEC
:10D57000000054E3A4FFFFCA0060A0E30040A0E362
:10D58000D8809FE5040198E7000050E30400000AFA
:10D59000001090E50500A0E131FF2FE1000050E30D
:10D5A0001000000A014084E2080054E3F4FFFFBACF
:10D5B000000056E31000000A040198E7BC0485E56A
:10D5C0000000A0E3C40485E500009DE5300090E57F
:10D5D000000050E30500000AC40485E500009DE555
:10D5E000305080E5070000EA0160A0E3EFFFFFEAAA
:10D5F00000009DE5305080E5020000EA20109FE524
:10D600000500A0E12AFEFFEB0700A0E1FE8FBDE8C8
:10D610000C109FE50500A0E125FEFFEB0800A0E14E
:10D62000FE8FBDE8C80400004946204550204C4903
:10D630004D4954452025640A0000000045525220FF
:10D6400044455343524950544F52204946204C457B
:10D650004E205B307825582025645D0A00000000CC
:10D66000800F0A0070402DE90040A0E3A0009FE574
:10D670000000D0E5000050E30800000A94009FE598
:10D68000280090E530FF2FE1000050E30000000A81
:10D690000140A0E3010054E30200000A1A0000EA7E
:10D6A0000000A0E37080BDE86C009FE5000090E5FD
:10D6B000541090E564509FE5010011E30200001A48
:10D6C000580090E5010010E30600000A0100A0E305
:10D6D000000085E54C009FE50120A0E340108FE2AB
:10D6E000ACC3FFEB080000EA000095E5010050E341
:10D6F0000000001ACBFCFFEB0000A0E3000085E572
:10D700000120A0E318108FE2A2C3FFEB0400A0E108
:10D710007080BDE8C400030064080300A40803008F
:10D7200030080300333A0000C8370400000050E31B
:10D730000600000A001090E5000051E30300000A13
:10D740002C1091E5202091E50010A0E312FF2FE1BD
:10D750006900E0E31EFF2FE12C0090E5202090E51A
:10D760000000A0E312FF2FE10010A0E338309FE596
:10D77000012193E7000052E10100001A0000A0E33C
:10D780001EFF2FE1000052E30400000A011081E2B5
:10D79000080051E3F5FFFFBA0900E0E31EFF2FE1A7
:10D7A000010183E70000A0E31EFF2FE1800F0A00C4
:10D7B00070402DE918D04DE20060A0E11900D6E5D7
:10D7C000000050E30200000A8A00E0E318D08DE276
:10D7D0007080BDE84C9DFFEB0050A0E10510A0E17A
:10D7E00060008FE2DBF4FFEB0000A0E36410A0E335
:10D7F00014208DE210108DE50538A0E10010A0E1A5
:10D8000004008DE508008DE50C208DE500008DE518
:10D810002338A0E10520A0E30600A0E13AFDFFEBDC
:10D820000040A0E1000054E3030000AA0500A0E1CD
:10D83000BEC8FFEB0400A0E1E3FFFFEA1950C6E514
:10D840000000A0E3E0FFFFEA6465765F6E756D3D62
:10D8500025640A0D0000000030402DE91CD04DE287
:10D860000050A0E10140A0E1DA01D5E1040050E15F
:10D870000200001A0000A0E31CD08DE23080BDE859
:10D88000010070E30100000A9600E0E3F9FFFFEAFF
:10D890000000A0E34B1FA0E318208DE210108DE5DF
:10D8A0000010A0E104008DE508008DE50C208DE559
:10D8B00000008DE50430A0E10920A0E30500A0E10F
:10D8C00011FDFFEB000050E3EAFFFFBA1A40C5E587
:10D8D0000000A0E3E7FFFFEA10402DE912C8FFEBCC
:10D8E000000050E30100000A0000A0E31080BDE842
:10D8F0000200A0E31080BDE810402DE9CCC6FFEB8C
:10D9000010109FE50000A0E3040081E51040BDE891
:10D91000100081E293FFFFEAB408030070402DE994
:10D920000140A0E10250A0E1FFC7FFEB000050E37F
:10D930000900000A000054E30900000A010054E352
:10D940000900000A020054E30B00000A030054E33C
:10D950000D00000A40009FE57080BDE83C009FE597
:10D960007080BDE80000A0E37080BDE8680090E52D
:10D97000000085E50000A0E37080BDE86C0090E544
:10D98000000085E50000A0E37080BDE86C0090E534
:10D99000000085E50000A0E37080BDE8F2FBFFFF1A
:10D9A000F1FBFFFFF8432DE90160A0E10270A0E167
:10D9B0000380A0E1DCC7FFEB0050A0E1000055E3CD
:10D9C0002100000A144085E22010A0E30400A0E139
:10D9D0003C4DFFEB8000A0E30C00C4E50A00A0E38F
:10D9E0000E00C4E52800A0E30F00C4E51100D5E552
:10D9F0008002A0E11000C4E5260CA0E11100C4E5FE
:10DA00002608A0E11200C4E52604A0E11300C4E545
:10DA10001460C4E54704A0E11600C4E51770C4E52E
:10DA20007D0FA0E300008DE58724A0E10130A0E395
:10DA30000810A0E10500A0E165ECFFEB000050E359
:10DA40000000001A0000A0E3F883BDE800009FE595
:10DA5000F883BDE8F1FBFFFFF8432DE90160A0E189
:10DA60000270A0E10380A0E1AFC7FFEB0050A0E18E
:10DA7000000055E32400000A144085E22010A0E3D2
:10DA8000140085E20F4DFFEB0000A0E30C00C4E59D
:10DA90000A00A0E30E00C4E52A00A0E30F00C4E5DD
:10DAA0001100D5E58002A0E11000C4E5260CA0E13C
:10DAB0001100C4E52608A0E11200C4E52604A0E197
:10DAC0001300C4E51460C4E54704A0E11600C4E5F2
:10DAD0001770C4E57D0FA0E300008DE58724A0E169
:10DAE0000030A0E30810A0E10500A0E138ECFFEB56
:10DAF0000010A0E1000051E3050000AA18008FE229
:10DB000014F4FFEB28009FE5F883BDE824009FE5AF
:10DB1000F883BDE80000A0E3F883BDE872756E5F8E
:10DB2000736373695F636F6D6D616E643D25580D3E
:10DB30000A000000F7FBFFFFF1FBFFFF70402DE93B
:10DB40000040A0E10160A0E10950A0E3000054E31F
:10DB50000E00000A000094E5000050E30B00000AEC
:10DB60000010D0E5000051E30800000AB410D4E131
:10DB7000B620D0E1020051E10400001A0100D0E516
:10DB8000DCBCFFEB010010E30000001A0050A0E332
:10DB9000000055E30300000A0000A0E3000086E552
:10DBA0000500A0E17080BDE8000094E5FAFFFFEAFF
:10DBB00010402DE950009FE50120A0E38010A0E374
:10DBC000CD87FFEB0F20A0E30010A0E30300A0E34C
:10DBD0005465FFEB0300A0E31B65FFEB2C209FE5E2
:10DBE0003210A0E30000A0E33BF2FFEB3F00A0E314
:10DBF000F2F2FFEB3200A0E3E4EFFFEB10109FE541
:10DC00000100A0E3000081E51080BDE8180200B02B
:10DC100054730000101700B810402DE90040A0E137
:10DC20000300A0E3A565FFEB0F20A0E30010A0E335
:10DC30000300A0E33B65FFEB14109FE5840084E044
:10DC40000001A0E1000081E51040BDE80300A0E371
:10DC50007C65FFEA081700B80300A0E39765FFEAB8
:10DC600010402DE9A0009FE5001090E5000051E371
:10DC70000C00000A042090E5000052E30900000AAD
:10DC8000140040E2000090E5020C50E31C00000A82
:10DC9000060000CA000050E31700000A010C50E320
:10DCA0000600001A140000EA0000A0E31080BDE89E
:10DCB000030C50E31200000A010B50E30E00000AAF
:10DCC0000200A0E3920101E0910000E0400080E248
:10DCD0009249FFFA2010A0E3E5ECFFEB200080E280
:10DCE00028109FE5020180E3240081E52C2091E5C6
:10DCF0000321C2E32C2081E51080BDE80200A0E3EF
:10DD0000EFFFFFEA0400A0E3EDFFFFEAD400090003
:10DD1000008000B010402DE90040A0E10B12A0E30C
:10DD2000102291E5022482E3102281E584009FE520
:10DD30003810A0E3634CFFEB7C109FE574009FE577
:10DD4000041191E73820A0E3314CFFEB64009FE51C
:10DD5000081090E50C2090E5021081E1102090E57C
:10DD6000021081E1142090E5021081E1182090E575
:10DD7000021081E11C2090E5021081E1202090E555
:10DD8000012082E134109FE5042081E5242090E504
:10DD9000102081E5282090E5142081E52C2090E5D5
:10DDA000182081E5302090E51C2081E5340090E5C5
:10DDB000200081E51080BDE8D4000900E4060300DE
:10DDC000008000B010402DE9E4109FE5000081E5DF
:10DDD000E0209FE5001092E5071CC1E3001082E5FA
:10DDE000000050E30300000A001092E5001081E1FA
:10DDF000001082E5020000EA001092E5071CC1E372
:10DE0000001082E5B4109FE5AC309FE5001091E56D
:10DE1000020C50E30F00000A030C50E30D00000A4F
:10DE20002CC092E5A140A0E103C00CE004C88CE145
:10DE3000A1C08CE12CC082E5020C50E31A00000A5C
:10DE40000A0000CA000050E31500000A010C50E36C
:10DE50000A00001A120000EA2CC092E503C00CE090
:10DE600001C88CE101C08CE12CC082E5F1FFFFEA22
:10DE7000030C50E30C00000A010B50E30800000AF9
:10DE80000200A0E3910000E02001A0E12C1092E547
:10DE9000031001E0001881E1010080E12C0082E51F
:10DEA0001080BDE80200A0E3F5FFFFEA0400A0E354
:10DEB000F3FFFFEAC0000900008000B000F800F89E
:10DEC000D400090010402DE908C09DE56740A0E39B
:10DED000940101E0000581E0930401E0021581E076
:10DEE000010880E108109FE50C0080E1300081E529
:10DEF0001080BDE8008000B030009FE5001090E584
:10DF0000800011E30200000A001090E5020011E316
:10DF1000FCFFFF1A001090E5081081E3001080E577
:10DF2000001090E5021081E3001080E51EFF2FE154
:10DF3000008000B01EFF2FE1F84F2DE90080A0E324
:10DF4000F4739FE5140097E5000050E30300001A06
:10DF5000E8039FE5F148FFFA100087E5140087E524
:10DF6000140097E5000050E31700000AD0439FE536
:10DF70002010A0E3000094E53DECFFEB000094E5E9
:10DF8000020180E3100087E5FF20A0E30218A0E370
:10DF9000B84BFFEB0040A0E3A8B39FE51F0054E39C
:10DFA0003000008A0410A0E1E70F8FE2E9F2FFEBF6
:10DFB00000009BE5849184E0090080E00860D0E5E2
:10DFC000000054E30200000A020000EA0000A0E39F
:10DFD000F88FBDE80860A0E3080056E30000009A4F
:10DFE0000860A0E30610A0E1DA0F8FE2D9F2FFEBA0
:10DFF0000050A0E30000A0E3101097E5841181E039
:10E00000070000EA00209BE5092082E00020D2E71B
:10E010000020C1E7012085E2FF5002E2010080E21A
:10E02000FF0000E2060050E1F5FFFF3A0510A0E115
:10E03000330E8FE2C7F2FFEB100097E5FF10A0E36D
:10E04000840180E0020000EA0510C0E7012085E2BB
:10E05000FF5002E2080055E3FAFFFF3A0510A0E185
:10E06000C30F8FE2BBF2FFEB200054E31700001A4E
:10E070000060A0E30050A0E3860186E000A1A0E1DB
:10E08000060185E0019C80E2030065E280008AE0F1
:10E09000120E80E20008A0E12008A0E100109BE53C
:10E0A000010080E09A59FFEB101097E50900C1E7E5
:10E0B000010085E2FF5000E2040055E3EFFFFF3A64
:10E0C000010086E2FF6000E2100056E3E8FFFF3A3D
:10E0D000300054E32000001A0060A0E30050A0E3E9
:10E0E000860186E00001A0E100008DE5060185E0E3
:10E0F00005AD80E200009DE5031065E2811080E03F
:10E100004A0FE0E3000041E00098A0E12998A0E177
:10E1100000009BE5091080E00120D1E50910D0E75F
:10E12000960F8FE28BF2FFEB00009BE5090080E089
:10E130007759FFEB101097E50A00C1E7010085E26F
:10E14000FF5000E2040055E3E7FFFF3A010086E2DA
:10E15000FF6000E2100056E3DFFFFF3A400054E3A7
:10E160001800001A0060A0E30050A0E3860186E0DA
:10E1700000A1A0E1060185E0069D80E2030065E2C2
:10E1800080008AE0010C80E23B0080E20008A0E110
:10E190002008A0E100109BE5010080E05C59FFEB46
:10E1A000101097E50900C1E7010085E2FF5000E289
:10E1B000040055E3EEFFFF3A010086E2FF6000E253
:10E1C000100056E3E7FFFF3A500054E31D00001A29
:10E1D0000060A0E30050A0E3860186E000A1A0E17A
:10E1E000060185E0079D80E2030065E280008AE089
:10E1F000010C80E2320080E20008A0E12008A0E1EA
:10E2000000109BE5010080E04159FFEB101097E5FD
:10E21000FF0000E20900C1E7FF0050E30100001A1F
:10E220000000A0E30900C1E7010085E2FF5000E221
:10E23000040055E3E9FFFF3A010086E2FF6000E2D7
:10E24000100056E3E2FFFF3A620054E30500001AB3
:10E250003C019FE5101097E50800D0E50802C1E5F4
:10E260000000E0E10902C1E5630054E30500001A83
:10E270001C019FE5101097E50000D0E50C02C1E5F8
:10E280000000E0E10D02C1E5700054E31600001A41
:10E290000060A0E30050A0E386A186E0060185E0CF
:10E2A000099D80E2030065E280008AE03F0E80E283
:10E2B0000008A0E12008A0E100109BE5010080E03B
:10E2C0001359FFEB101097E50900C1E7010085E243
:10E2D000FF5000E2040055E3EFFFFF3A010086E241
:10E2E000FF6000E2300056E3E9FFFF3AA20054E38A
:10E2F0002B00001A0000A0E3101097E50020D1E7E2
:10E30000028088E0010080E20108C0E3C20F50E310
:10E31000F9FFFF3A088381E5322EA0E3050A81E286
:10E32000864AFFEB101097E5322EA0E3010881E248
:10E33000824AFFEB322EA0E3160000EADC02030063
:10E3400040000200CC000300C001030054705F696C
:10E350003D25780D0A00000054705F6C6F6E673DBC
:10E3600025780D0A0000000054705F6B5F303D257A
:10E37000780D0A0054705F6B5F313D25780D0A00FF
:10E3800064617461313D25782C64617461323D258E
:10E39000780D0A0018350300101097E5150A81E280
:10E3A000664AFFEB010084E2FF4000E2A40054E370
:10E3B000F9FEFF3A140097E5000050E30100000A5F
:10E3C0000100A0E3F88FBDE80000A0E3F88FBDE8EE
:10E3D00070402DE9E0509FE5D0409FE5000095E5B5
:10E3E0000020D4E5030C80E2C4108FE27B0080E2C1
:10E3F000BF48FFFA000095E5B820D4E1030C80E2A5
:10E40000AC108FE2720080E2B948FFFA0600D4E552
:10E410009C108FE2012000E2000095E5030C80E2F1
:10E420009F0080E2B248FFFA000095E50120D4E5A4
:10E43000030C80E278108FE2960080E2AC48FFFA8D
:10E44000000095E50220D4E5050C80E260108FE223
:10E45000A90080E2A648FFFA000095E5DA3FE0E374
:10E460000320D4E548108FE2030040E0A048FFFA03
:10E47000000095E50420D4E534108FE2360E80E2EA
:10E480009B48FFFA000095E50520D4E520108FE2B7
:10E49000E10F80E29648FFFA000095E50A20D4E5F6
:10E4A0007040BDE808108FE2EA0F80E28E48FFEA74
:10E4B000183503002530385800000000C001030063
:10E4C000001080E5000052E30C00000A000053E356
:10E4D0000A00000A0210A0E1041080E5000052E3E7
:10E4E0000800000A000053E30600000A032082E04F
:10E4F000012042E20C2080E5201080E51EFF2FE184
:10E500000010A0E3F3FFFFEA0020A0E3F8FFFFEA1A
:10E510000030A0E10100D3E5010080E280C2A0E16B
:10E520000000A0E30010A0E10D0000EA020051E3AA
:10E530000300000A010010E30300000A0229A0E31F
:10E54000020000EA0310A0E3040000EA0020A0E3B8
:10E55000A00082E00120D3E7020080E00308C0E3CE
:10E56000011081E20C0051E1EFFFFF3A1EFF2FE1A5
:10E5700070402DE90050A0E10040A0E3130000EA44
:10E58000DAC3FFEB0008A0E12008A0E1010014E3DA
:10E590000100000A0219A0E3000000EA0010A0E355
:10E5A000A41081E0FF2000E2021081E00318C1E323
:10E5B000010011E30100000A0229A0E3000000EAC3
:10E5C0000020A0E3A11082E0200481E00348C0E322
:10E5D000B200D5E0000050E3E8FFFF1A0400A0E11C
:10E5E0007080BDE80030A0E10000A0E30020A0E3BF
:10E5F000030000EA02C0D3E70C0020E0012082E221
:10E60000FF2002E2010052E1F9FFFF3A1EFF2FE175
:10E6100010402DE9000051E30900000A0000D1E597
:10E62000000050E30600000A20009FE500008FE094
:10E63000394AFFEB000050E30100000A0000B0E39C
:10E640001080BDE808009FE500008FE01080BDE865
:10E65000D0180000BC18000010402DE9000051E364
:10E660000900000A0000D1E5000050E30600000A9E
:10E6700020009FE500008FE0274AFFEB000050E3F9
:10E680000100000A0000B0E31080BDE808009FE52B
:10E6900000008FE01080BDE8A41800009018000072
:10E6A0000221C1E30E2342E2010652E3FFC67222B9
:10E6B000023101E20500009A00C2B0E1822183E14B
:10E6C000A00EA2E01EFF2F110100C0231EFF2FE1AC
:10E6D000010652E30300A0B11EFF2FB181C0A0E1EB
:10E6E00002067CE30100002A0100A0E1630200EAC7
:10E6F00070402DE93D0100EB00000089F9FFFFEAC1
:10E700000201A0E3010540E21EFF2FE1C0412DE917
:10E7100030002DE9B8C29FE52142DCE12342DC1143
:10E720007A00000A035021E021421CE0A54F84E159
:10E7300023521C106600000A054044E00251A0E389
:10E74000811585E1833585E1A01A81E1A23A83E153
:10E75000030051E1FF4784E28005A0E18225A0E1AA
:10E7600002005001024884E24F00000A235CA0E14D
:10E77000576F8FE20560D6E72358A0E1960507E0C2
:10E78000017467E2960707E0A777A0E1976388E046
:10E79000006076E20188E8E297C68EE097E826E01E
:10E7A00000E0A0E30070A0E396828CE096C3AEE0A8
:10E7B00000C07CE202E1EEE2965C88E00050A0E35B
:10E7C000968EA7E091C886E090C78EE00E6096E036
:10E7D0000050A5E29167A5E007E295E28660B0717E
:10E7E000014844720550A570807096E20050A5E281
:10E7F0002774A0E1066CA0E1057C87E16F6446E226
:10E80000010256E32554A0E11100009A0700A0E19F
:10E8100001C0C4E37F065CE3841F85E0F000BD987F
:10E820000C1281E00081BD98040014E101E68152E0
:10E83000840F3E51F000BD580081BD58040014E122
:10E840001E00004AF000BDE8061241E20041BDE8AA
:10E85000140100EAA225A0E1832A82E1A335A0E108
:10E86000978286E00E001EE1A005A0E1976326E0F6
:10E87000810A80E1A2E0A0E1956226E083EF8EE1CB
:10E88000A115A0E1006A4650006A56E00EE098E04B
:10E89000A3E0B6E0DCFFFF5A028098E00360B6E038
:10E8A000017097E20050B5E2D7FFFFEA0156A0E3FE
:10E8B0000070A0E30060A0E30080A0E3D2FFFFEAC5
:10E8C000F000BDE80000A0E3061281E2021101E2BF
:10E8D0000081BDE80C0211E123520CE00000000AA7
:10E8E000060000EA0C0213E11400000A0000A0E395
:10E8F000F000BDE8031021E0021101E20081BDE853
:10E90000F000BDE8031021E00041BDE8E50000EAA9
:10E91000F000BDE80041BDE870402DE9B30000EB18
:10E92000097EFC3E030000EA031021E00000A0E3A2
:10E93000021101E21EFF2FE1031021E0D90000EADD
:10E94000F000BDE80000A0E388109FE50041BDE8AD
:10E950001EFF2FE1FFFDFBF9F7F5F4F2F0EEEDEB12
:10E96000E9E8E6E4E3E1E0DEDDDBDAD8D7D5D4D3CD
:10E97000D1D0CFCDCCCBCAC8C7C6C5C4C2C1C0BF19
:10E98000BEBDBCBBBAB9B8B7B6B5B4B3B2B1B0AF1F
:10E99000AEADACABAAA9A8A8A7A6A5A4A3A3A2A103
:10E9A000A09F9F9E9D9C9C9B9A99999897979695BE
:10E9B00095949393929191908F8F8E8E8D8C8C8B5A
:10E9C0008B8A8989888887878685858484838382E2
:10E9D000828181800000FF070000F87F213AA0E1DA
:10E9E000013B43E21E3073E220C073A2040000BA70
:10E9F0000221A0E3812582E1A02A92E13203B0E165
:10EA00001EFF2FE1010011E10700004A100053E34F
:10EA10000000A0C31EFF2FC13ECE83E201007CE3B5
:10EA20000300000A0000E0E31EFF2FE10000A0E366
:10EA30001EFF2FE170402DE96C0000EB922449800D
:10EA40000000A0E31EFF2FE1F5FFFFEA103F6FE19A
:10EA50001013B0E10500000A1D3063E2013B83E2C0
:10EA6000810AA0E1032AA0E1A11582E01EFF2FE1A7
:10EA70000000A0E31EFF2FE164C19FE570402DE977
:10EA800021E21CE023521C100C003E110C00351139
:10EA90003C00000A034021E08C32C3E1A4EF8EE188
:10EAA0008C12C1E1011681E3013683E305E08EE0BB
:10EAB00091428CE0906385E0FFE74EE2046096E0CF
:10EAC0000C50B5E091438CE00030ACE290128CE049
:10EAD0000C6096E00450B5E00030B3E2010011E1B3
:10EAE00001608613020C13E30600001A0316A0E16E
:10EAF0000506A0E10646B0E1251A81E1260A80E17B
:10EB00000320E0E3050000EA8315A0E18505A0E10C
:10EB10008645B0E1A51A81E1A60A80E10220E0E382
:10EB20004E2882E0025A81E08E1F25E00400000A90
:10EB300084C0B0E10241C4130000B0E20010A1E2C1
:10EB4000A40FC0E19CC09FE50C0052E10000002A28
:10EB50007080BDE8050050E10141A0130341A0030E
:10EB6000000056E30040A00301035EE37040BDE8EF
:10EB7000061241A24B0000AA0000A0E3061281E2A7
:10EB8000021101E21EFF2FE10C003EE123520CE0D6
:10EB90000C0035110300000A0000A0E303E021E0AF
:10EBA00002110EE27080BDE8100000EB8900013E0A
:10EBB000030000EA040000EA83C0A0E1ACCAB0E1AF
:10EBC0000400000A031021E0360000EA81C0A0E141
:10EBD000ACCAB0E1FAFFFF1A0000A0E308109FE5FD
:10EBE0001EFF2FE10000FF07FE0700000000F87F76
:10EBF00004609EE4060016E10300004A010052E3AF
:10EC00000350A3E0020675E30A00008A010050E306
:10EC100001C0A1E002067CE30600008A0700001A9A
:10EC2000A1CFA0E1020675E38CC08CE002C08CE2AB
:10EC3000A3CFAC00020000EA08C0A0E3000000EA95
:10EC4000A3CFA0E18C508CE03665A0E1076006E21E
:10EC500004C056E20200002A06C18EE07040BDE802
:10EC60001CFF2FE10CF18FE00000A0E1050000EA9D
:10EC7000060000EAFFFFFFEA0211A0E30000A0E3A4
:10EC8000021741E27080BDE80310A0E10200A0E19C
:10EC9000010050E30140B1E0024674120000A0837D
:10ECA000021101827080BDE82100B0E1021640E24D
:10ECB0006110A0E11EFF2FE18030B0E1A3C1A0E10F
:10ECC0006CC0A0E1003033E0800EA0110E138C1256
:10ECD0007F0413131EFF2F1102031CE30200001A0E
:10ECE0000000B0E302110CE21EFF2FE102310CE242
:10ECF000A00E83E110402DE98C0180E1B70000EB0C
:10ED0000000000920010A0E1E6FFFFEA0211A0E37C
:10ED10000000A0E3021741E21EFF2FE100009FE583
:10ED2000DE0000EA0000C07FFFC8A0E3A0231CE0D3
:10ED3000A1331C100C0032110C0033114200000AE8
:10ED4000010030E102C580E3020581E3FF14CCE35A
:10ED5000FF04C0E300402DE911CE8FE2A0E85CE79C
:10ED6000012C8243000051E1000060E28EE0A0E14E
:10ED7000032042E0900E0CE08110A0317D2882E259
:10ED80004CC2A0E14228A2E09C0E03E08EE3A0E189
:10ED900021C4A0E18115A0E1C3EA8EE09E0C0CE045
:10EDA0002C3AA0E1901321E021C4A0E10116A0E1DA
:10EDB0009E0C0CE00040BDE8ACC9A0E1901C21E035
:10EDC000000071E1001081200336ACE0811090E07A
:10EDD000820BA3E03F0752E31EFF2F311400005ABD
:10EDE000F00012E306028012020100121EFF2FE162
:10EDF000008182838485868788898B8C8D8E8F9114
:10EE00009293959697999A9C9D9FA0A2A3A5A7A837
:10EE1000AAACAEB0B2B3B5B7B9BCBEC0C2C5C7C963
:10EE2000CCCED1D4D7D9DCDFE2E6E9ECF0F3F7FAC7
:10EE3000FE00000080C0A0E101C48CE2FE045CE39F
:10EE40001EFF2F21060250E28C0000EA010030E193
:10EE5000012C82430C0052E1A1330CE00C00533131
:10EE60000400002AFF0813E30C00000A010020E060
:10EE7000020100E21EFF2FE110402DE9570000EBD8
:10EE8000097EFC3E020000EA010020E0020100E2EF
:10EE90001EFF2FE1010020E0020100E2770000EAFE
:10EEA000FF0812E308009F051EFF2F01010020E06C
:10EEB000720000EA0000C07F103F6FE11023B0E154
:10EEC0009D3063E21EFF2F01831BB0E1823CB0E165
:10EED0002204A1E01EFF2F310100C0031EFF2FE11D
:10EEE000FFC8A0E3A0231CE0A1331C100C003211CA
:10EEF0000C0033112000000A010030E102C1A0E340
:10EF0000012C824300048CE101148CE1032082E097
:10EF1000901183E0022542E2000051E301308313A7
:10EF20008330B0E14228A2E06330A02123C4B0E1E5
:10EF30007F001323820BACE03F0752131EFF2F31DB
:10EF40000100C0033F0752E31EFF2F310500005AA6
:10EF5000FF2022E2010872E31EFF2FC1060280E2B9
:10EF6000020100D21EFF2FE102C580E28CC0B0E199
:10EF70001EFF2F41060250E2400000EA010030E18E
:10EF8000012C82430C0052E1A1330CE00C00533100
:10EF90000200002A010020E0020100E21EFF2FE132
:10EFA00010402DE90D0000EB8900013E030000EA4E
:10EFB000040000EA81C0B0E12CCCB0E10400000AFA
:10EFC000010020E02D0000EA80C0B0E12CCCB0E1CF
:10EFD000FAFFFF1A0201A0E3010540E21EFF2FE144
:10EFE00004409EE4040014E10200004A8120A0E1F4
:10EFF000FF0452E30900008A8030A0E1FF0453E3DC
:10F000000600008A0700001AA0CFA0E1FF0452E327
:10F010008CC08CE002C08CE2A1CFAC00020000EA00
:10F0200008C0A0E3000000EAA1CFA0E18C308CE092
:10F030003443A0E1074004E204C054E20200002A85
:10F0400004C18EE01040BDE81CFF2FE10CF18FE001
:10F050000000A0E1040000EA040000EAFFFFFFEA6C
:10F060000201A0E3010540E21080BDE80100A0E13B
:10F070008020B0E101247212020100821080BDE8FC
:10F08000FF10B0E3A00B81E1800BB0E11EFF2FE188
:10F090000000A0E31EFF2FE1164FFFEA9C4AFFEAA3
:10F0A0000F300CE2090053E30800A0032F00000A10
:10F0B0000A0053E30600000A080053E31EFF2F1165
:10F0C00040001C030500000A0000A0E30010A0E3BC
:10F0D0001EFF2FE140001CE30201A0131EFF2FE1E1
:10F0E00010001CE30400000A0F32C0E3FF2400E21A
:10F0F000A31182E1830EA0E11EFF2FE10E0200E2C8
:10F10000FF24C1E3002082E1FF0401E2E20E80E17E
:10F110001EFF2FE1FF20A0E3A02B12E0FF303212F0
:10F1200001005311020071C1810B80C01EFF2FC16D
:10F13000000052E30600000A000053E30600000A44
:10F14000000051E3020100E27F0480A3020580A3D6
:10F150001EFF2FE1020100E21EFF2FE18034B0E12B
:10F160000BC0A0E301C38C13EBFEFF1A1EFF2FE1BF
:10F1700001061CE30A00000A07081CE30200000A5B
:10F180008C17E0E18110B0E11EFF2FE10302A0E344
:10F1900000200FE10F22C2E3002082E102F028E10B
:10F1A0001EFF2FE10000A0E31EFF2FE10000000082
:10F1B000000000000000000000000000000000103F
:10F1C0001010101010100000181800000012362443
:10F1D00048000000000000000000000000000024C3
:10F1E0002424FE484848FE484848000000001038E3
:10F1F0005454503018141454543810100000004463
:10F20000A4A8A8A8541A2A2A2A4400000000003002
:10F21000484848506EA494888976000000606020B9
:10F22000C000000000000000000000000002040810
:10F2300008101010101010080804020000402010E0
:10F2400010080808080808101020400000000000FE
:10F250001010D63838D61010000000000000000052
:10F2600010101010FE101010100000000000000020
:10F270000000000000000000606020C000000000EE
:10F28000000000007F0000000000000000000000FF
:10F2900000000000000000006060000000000102AB
:10F2A000020404080810102020404000000000184C
:10F2B0002442424242424242241800000000001010
:10F2C0007010101010101010107C00000000003C96
:10F2D0004242420404081020427E00000000003C2C
:10F2E00042420418040202424438000000000004B4
:10F2F0000C14242444447E04041E00000000007EFC
:10F300004040405864020242443800000000001CA3
:10F310002440405864424242241800000000007E0D
:10F320004444080810101010101000000000003CA9
:10F330004242422418244242423C0000000000188D
:10F3400024424242261A0202243800000000000033
:10F35000000018180000000018180000000000004D
:10F36000000000100000000000101020000000024B
:10F3700004081020402010080402000000000000D3
:10F380000000FE000000FE00000000000000004041
:10F390002010080402040810204000000000003C77
:10F3A00042426202040808001818000000000038F9
:10F3B000445AAAAAAAAAB442443800000000001085
:10F3C00010182828243C444242E70000000000F8BE
:10F3D000444444784442424244F800000000003E65
:10F3E000424280808080804244380000000000F863
:10F3F000444242424242424244F80000000000FCC3
:10F40000424848784848404242FC0000000000FC66
:10F41000424848784848404040E000000000003C36
:10F4200044448080808E844444380000000000E71B
:10F43000424242427E42424242E700000000007CDB
:10F440001010101010101010107C00000000003E72
:10F450000808080808080808080888F0000000EEF6
:10F46000444850705048484444EE0000000000E01A
:10F47000404040404040404042FE0000000000EE5E
:10F480006C6C6C6C5454545454D60000000000C78B
:10F49000626252524A4A4A4646E200000000003880
:10F4A000448282828282828244380000000000FC12
:10F4B000424242427C40404040E0000000000038B0
:10F4C000448282828282B2CA4C380600000000FC6C
:10F4D0004242427C4848444442E300000000003E6F
:10F4E0004242402018040242427C0000000000FE1C
:10F4F000921010101010101010380000000000E7DB
:10F500004242424242424242423C0000000000E786
:10F51000424244242428281810100000000000D67D
:10F5200092929292AAAA6C4444440000000000E720
:10F53000422424181818242442E70000000000EE9A
:10F540004444282810101010103800000000007EDD
:10F55000840408081020204242FC0000001E101005
:10F56000101010101010101010101E00000040405D
:10F570002020101010080804040402020078080873
:10F58000080808080808080808087800001C220075
:10F59000000000000000000000000000000000006B
:10F5A0000000000000000000000000FF000000104C
:10F5B000202040400000000000000000000000008B
:10F5C0000000003C421E2242423F0000000000C0FA
:10F5D000404040586442424264580000000000002D
:10F5E0000000001C22404040221C000000000006D9
:10F5F0000202021E22424242261B000000000000BE
:10F600000000003C427E4040423C00000000000FF1
:10F610001110107E10101010107C0000000000006F
:10F620000000003E444438403C42423C000000C0E0
:10F630004040405C6242424242E70000000000302D
:10F640003000007010101010107C00000000000C42
:10F650000C00001C0404040404044478000000C0EE
:10F660004040404E4850684844EE000000000070A2
:10F670001010101010101010107C0000000000007E
:10F68000000000FE4949494949ED00000000000022
:10F69000000000DC6242424242E70000000000003D
:10F6A0000000003C42424242423C00000000000098
:10F6B000000000D864424242447840E0000000006C
:10F6C0000000001E22424242221E020700000000EB
:10F6D000000000EE3220202020F800000000000092
:10F6E0000000003E42403C02427C0000000000005E
:10F6F0000010107C10101010100C00000000000012
:10F70000000000C642424242463B000000000000AA
:10F71000000000E742242428101000000000000030
:10F72000000000D79292AAAA444400000000000002
:10F730000000006E24181818247600000000000055
:10F74000000000E742242428181010E00000000008
:10F750000000007E44081010227E00000003040414
:10F76000040404080404040404040300080808084A
:10F7700008080808080808080808080800601010A9
:10F78000101010081010101010106000000002007F
:10F790000000020000000200000002000000020061
:10F7A0000000020000000200000002000000020051
:10F7B0000000020000000200000002000000020041
:10F7C00000000200000002000000020055000000DE
:10F7D000000000000100000000000000407E010069
:10F7E000807E0100C07E0100007F010080EB0100EF
:10F7F000C0EB0100333A2F42454C4D4F4E545F4809
:10F8000045582F54425858585858582E4845580073
:10F8100000000000000000000000000000000000E8
:10F8200000000000000000000000000000000000D8
:10F83000333A2F42454C4D4F4E545F4845582F5454
:10F84000425858585858582E484558000000000053
:10F8500000000000000000000000000000000000A8
:10F860000000000000000000000000000103050788
:10F87000090E10121416181C1E809A45418E418FD5
:10F88000804545454949498E8F9092924F994F55F1
:10F890005559999A9B9C9D9E9F41494F55A5A5A658
:10F8A000A7A8A9AAABACADAEAFB0B1B2B3B4B5B670
:10F8B000B7B8B9BABBBCBDBEBFC0C1C2C3C4C5C660
:10F8C000C7C8C9CACBCCCDCECFD0D1D2D3D4D5D650
:10F8D000D7D8D9DADBDCDDDEDFE0E1E2E3E4E5E640
:10F8E000E7E8E9EAEBECEDEEEFF0F1F2F3F4F5F630
:10F8F000F7F8F9FAFBFCFDFEFF00C700FC00E90089
:10F90000E200E400E000E500E700EA00EB00E800C8
:10F91000EF00EE00EC00C400C500C900E600C60020
:10F92000F400F600F200FB00F900FF00D600DC0056
:10F93000A200A300A500A7209201E100ED00F300C2
:10F94000FA00F100D100AA00BA00BF001023AC00F9
:10F95000BD00BC00A100AB00BB0091259225932502
:10F960000225242561256225562555256325512527
:10F9700057255D255C255B251025142534252C2570
:10F980001C2500253C255E255F255A255425692523
:10F990006625602550256C25672568256425652525
:10F9A00059255825522553256B256A2518250C25E0
:10F9B000882584258C2590258025B103DF009303BD
:10F9C000C003A303C303B500C403A6039803A9039C
:10F9D000B4031E22C603B50329226122B1006522A9
:10F9E000642220232123F7004822B0001922B70007
:10F9F0001A227F20B200A025A00061001A03E000B7
:10FA00001703F8000703FF0001007801000130012F
:10FA100032010601390110014A012E017901060166
:10FA200080014D0043028101820182018401840131
:10FA300086018701870189018A018B018B018D0174
:10FA40008E018F0190019101910193019401F601C2
:10FA500096019701980198013D029B019C019D012F
:10FA600020029F01A001A001A201A201A401A40102
:10FA7000A601A701A701A901AA01AB01AC01AC0134
:10FA8000AE01AF01AF01B101B201B301B301B501E4
:10FA9000B501B701B801B801BA01BB01BC01BC0195
:10FAA000BE01F701C001C101C201C301C401C5010A
:10FAB000C401C701C801C701CA01CB01CA01CD01F8
:10FAC0001001DD0101008E01DE011201F3010300CE
:10FAD000F101F401F401F8012801220212013A02B5
:10FAE0000900652C3B023B023D02662C3F024002AE
:10FAF0004102410246020A0153024000810186018F
:10FB0000550289018A0158028F015A0290015C0254
:10FB10005D025E025F02930161026202940164026F
:10FB2000650266026702970196016A02622C6C0206
:10FB30006D026E029C01700271029D0173027402DB
:10FB40009F0176027702780279027A027B027C02B8
:10FB5000642C7E027F02A60181028202A901840236
:10FB6000850286028702AE014402B101B20145025C
:10FB70008D028E028F0290029102B7017B03030077
:10FB8000FD03FE03FF03AC0304008603880389031F
:10FB90008A03B1031103C2030200A303A303C40336
:10FBA0000803CC0303008C038E038F03D8031801D2
:10FBB000F2030A00F903F303F403F503F603F70372
:10FBC000F703F903FA03FA03300420035004100783
:10FBD000600422018A043601C1040E01CF04010031
:10FBE000C004D00444016105260400007D1D01000D
:10FBF000632C001E9601A01E5A01001F0806101F4C
:10FC00000606201F0806301F0806401F0606511F63
:10FC10000700591F521F5B1F541F5D1F561F5F1F98
:10FC2000601F0806701F0E00BA1FBB1FC81FC91F28
:10FC3000CA1FCB1FDA1FDB1FF81FF91FEA1FEB1FBC
:10FC4000FA1FFB1F801F0806901F0806A01F08064A
:10FC5000B01F0400B81FB91FB21FBC1FCC1F01008A
:10FC6000C31FD01F0206E01F0206E51F0100EC1FA4
:10FC7000F31F0100FC1F4E210100322170211002F0
:10FC8000842101008321D0241A05302C2F04602CFC
:10FC90000201672C0601752C0201802C6401002DE5
:10FCA000260841FF1A03000030313233343536372D
:10FCB00038394142434445464030580030313233B0
:10FCC00034353637383961626364656640307800B0
:10FCD0000400000800000000000000020001000015
:10FCE000100000000000000000000000303132333E
:10FCF0003435363738396162636465667870003050
:10FD00003132333435363738394142434445465829
:10FD10005000000002400000000000A000000000B1
:10FD200005400000000000C8000000000C4000007A
:10FD30000000409C00000000194000000020BCBEF4
:10FD40000000000034400000BFC91B8E000000040A
:10FD5000B5400000504BCFD06607E2CF0100000055
:10FD60006C4100003E8251AADFEEA7340100000082
:10FD7000D9420000DCB5A0E23A301F97FFFFFFFF39
:10FD8000B4450000FD25A0C8E9A3C14FFFFFFFFF58
:10FD9000FF3F00000000008000000000FF3F000067
:10FDA00000000080000000005570646174652053FD
:10FDB0006F6674776172652020202020202020202B
:10FDC0002020202020202020202020202020202033
:10FDD0002020202020202020202020202020202023
:10FDE0002020202020202020202020002020202033
:10FDF0002020202020202020202020202020202003
:10FE000020202020202020202020202020202020F2
:10FE100020202020202020202020202020202020E2
:10FE200020202020202020202020202020202020D2
:10FE300020202020200000005553425F6672656537
:10FE400028292C207761726E696E67202D207472CC
:10FE50007920746F206672656520616E20756E6B07
:10FE60006E6F7720626C6F636B20617420616464D5
:10FE7000726573733A25782E0A0000000A555342C2
:10FE80005F6D616C6C6F63202D20696E636F7272A1
:10FE9000656374206D61676963206E756D6265725C
:10FEA0002120433A257820463A25782C2077616E28
:10FEB0007465643A25642C20426173653A30782574
:10FEC000782C20456E643A307825780A00000000CE
:10FED0002C000300DC080300400100009C0100002E
:10FEE000DC0803002C000300B00800004001000003
:10FEF0006C010300DC080300DC060700C4010000FD
:10FF00001C00000043000000F8FFFFFF0C00000091
:10FF10000E0000000F0000002E0000001001000085
:10FF200043000000F8FFFFFF0040404040404040D9
:10FF300040404141414141404040404040404040BC
:10FF40004040404040404040400502020202020260
:10FF500002020202020202020220202020202020AF
:10FF600020202002020202020202909090909090C3
:10FF70001010101010101010101010101010101081
:10FF800010101010020202020202888888888888F5
:10FF900008080808080808080808080808080808E1
:10FFA00008080808020202024000000000000000E9
:10FFB0000000000000000000000000000000000041
:10FFC0000000000000000000000000000000000031
:10FFD0000000000000000000000000000000000021
:10FFE0000000000000000000000000000000000011
:10FFF0000000000000000000000000000000000001
:020000040003F7
:1000000000000000000000000000000000000000F0
:1000100000000000000000000000000000000000E0
:100020000000000000000000000000007201E4FF7A
:10003000FFFF021A20192C3901012C0431FFFF0F98
:10004000092E64016C0217010A1F03350950D409F7
:100050005052016A380F323031372F30352F303758
:100060002C30303A030A132C152918017700095057
:1000700054423234303530320CEFD41D010409FAC9
:10008000F8114B1BB70401272480DE284BEA240813
:10009000BB8D2708091214C12320035AE077B172DF
:1000A000043303C03016CF030F022003E001210305
:1000B00051037803A803E301E601F04A40382A809F
:1000C0000BD9383B01E0061A6028144001F51AFAF2
:1000D0000212FC2D45015001700B1C5802701C25AA
:1000E000048070180E58022A032F032A0334036277
:1000F000026C10091BA82A01385CA0030DA81C255E
:100100000348AA1008ED01F0010406031A3C041A82
:1001100074041AAC0401782AF4BC19AE2908092227
:1001200004110A250828016F14603E020429403D8D
:100130000214345E0214E06602140867021B1064A5
:100140000C135B0214DC59021AF4181490600214A8
:10015000C4620214F065021A6C1C0124E3333A14E1
:0C0160009455028B18543C458843E21073
:0400000500000000F7
:00000001FF
